record_id,opis_truckstop_id,name,address,city,state,rack_id,price,longitude,latitude,geocoding_source
1,7,WOODSHED OF BIG CABIN,"I-44, EXIT 283 & US-69",Big Cabin,OK,307,3.00733333,-95.2246000,36.5340000,city_centroid
2,9,KWIK TRIP #796,"I-94, EXIT 143 & US-12 & SR-21",Tomah,WI,420,3.28733333,-90.4733000,43.9838000,city_centroid
3,20,PILOT TRAVEL CENTER #1243,"I-8, EXIT 119 & SR-85",Gila Bend,AZ,930,3.899,-112.7468000,32.9306000,city_centroid
4,20,PILOT #1243,"I-8, EXIT 119 & SR-85",Gila Bend,AZ,930,3.899,-112.7468000,32.9306000,city_centroid
5,28,LITTLEFIELD EXPRESS #2,"I-540, EXIT 12 & US-71",Fort Smith,AR,645,3.399,-94.3939000,35.3510429,city_centroid
6,35,ACI TRUCK STOP,US-46,Columbia,NJ,90,3.079,-75.0550000,40.9388000,city_centroid
7,36,SHENANDOAH TRUCK CENTER,"I-81, EXIT 273 & SR-703/SR-292",Mount Jackson,VA,60,2.899,-78.6803000,38.7857000,city_centroid
8,44,CIRCLE K #2612042,"I-35, EXIT 271",Jarrell,TX,595,2.919,-97.5942000,30.8119000,city_centroid
9,46,PETRO STOPPING CENTER #348,"I-85, EXIT 22 & CR-138",Shorter,AL,720,3.154,-85.9162000,32.3836000,city_centroid
10,49,TA SEYMOUR TRAVEL CENTER,"I-65, EXIT 50 & US-50 & US-31",Seymour,IN,415,3.959,-85.8825000,38.9571000,city_centroid
11,50,TA COUNCIL BLUFFS TRAVEL CENTER,"I-29 & I-80, EXIT 3",Council Bluffs,IA,319,3.72566666,-95.8536667,41.2519667,city_centroid
12,56,TOPS TRUCK STOP,"I-94, EXIT 182 & US-83",Sterling,ND,390,3.51566666,-100.2744000,46.8436000,city_centroid
13,75,Good 2 Go #709,US-50,Montrose,CO,810,3.424,-107.8997667,38.4377000,city_centroid
14,77,OASIS TRAVEL PLAZA,US-13,Laurel,DE,243,3.229,-75.5631000,38.5537000,city_centroid
15,79,DELAWARE TRUCK PLAZA,US-13 & US-40,New Castle,DE,243,3.249,-75.6049333,39.6065000,city_centroid
16,81,One9 #89,"I-75, EXIT 224",Ellenton,FL,225,3.439,-82.5006000,27.5382000,city_centroid
17,85,DOWNIEVILLE FUEL STOP,"I-70, EXIT 234",Dumont,CO,800,3.459,-105.6003000,39.7647000,city_centroid
18,91,MOLLYS FOOD & FUEL,"I-20 & ST 22, EXIT 55",Crawfordville,GA,135,3.499,-82.8872000,33.5708000,city_centroid
19,105,TA SAGINAW I 75 TRAVEL CENTER,"I-75, EXIT 144-B",Bridgeport,MI,260,3.269,-83.8549000,43.3553000,city_centroid
20,105,TA SAGINAW I 75 TRAVEL CENTER,"I-75, EXIT 144-B",Bridgeport,MI,260,3.339,-83.8549000,43.3553000,city_centroid
21,105,TA SAGINAW I 75 TRAVEL CENTER,"I-75, EXIT 144-B",Bridgeport,MI,260,3.429,-83.8549000,43.3553000,city_centroid
22,105,TA SAGINAW I 75 TRAVEL CENTER,"I-75, EXIT 144-B",Bridgeport,MI,260,3.289,-83.8549000,43.3553000,city_centroid
23,105,TA SAGINAW I 75 TRAVEL CENTER,"I-75, EXIT 144-B",Bridgeport,MI,260,3.399,-83.8549000,43.3553000,city_centroid
24,105,TA SAGINAW I 75 TRAVEL CENTER,"I-75, EXIT 144-B",Bridgeport,MI,260,3.299,-83.8549000,43.3553000,city_centroid
25,118,Lupton Truck Stop #567,"I-40, EXIT 359",Lupton,AZ,580,3.299,-109.0537000,35.3539000,city_centroid
26,121,PETRO STOPPING CENTER #306,"I-10, EXIT 200",Eloy,AZ,930,3.474,-111.5833000,32.7509000,city_centroid
27,127,CIRCLE K #4700095,US-41,Henderson,KY,340,3.609,-87.5811500,37.8173000,city_centroid
28,128,THE EFFINGHAM CHROME SHOP,"I-57 & I-70, EXIT 159",Effingham,IL,510,3.399,-88.5611000,39.1217000,city_centroid
29,128,THE EFFINGHAM CHROME SHOP,"I-57 & I-70, EXIT 159",Effingham,IL,510,3.349,-88.5611000,39.1217000,city_centroid
30,128,THE EFFINGHAM CHROME SHOP,"I-57 & I-70, EXIT 159",Effingham,IL,510,3.549,-88.5611000,39.1217000,city_centroid
31,135,LOVES TRAVEL STOP #766,"I-80, EXIT 27",Atkinson,IL,290,3.589,-90.0225000,41.4162000,city_centroid
32,135,LOVES TRAVEL STOP #766,"I-80, EXIT 27",Atkinson,IL,290,3.389,-90.0225000,41.4162000,city_centroid
33,135,LOVES TRAVEL STOP #766,"I-80, EXIT 27",Atkinson,IL,290,3.449,-90.0225000,41.4162000,city_centroid
34,147,SPEEDWAY #8039,"I-69, EXIT 234 & SR-67",Daleville,IN,375,3.624,-85.5110000,40.1257000,city_centroid
35,149,RAYS TRUCK WASH,"I-69, EXIT 309 & US-30",Fort Wayne,IN,370,3.59233333,-85.1410667,41.0846667,city_centroid
36,151,CUBBYS #2101,"I-80, EXIT 211 & SR-47",Gothenburg,NE,475,3.13233333,-100.1547000,40.9400000,city_centroid
39,160,PILOT TRAVEL CENTERS #79,"I-12, EXIT 10 AT MILE 10",Denham Springs,LA,600,3.23233333,-90.8833000,30.4683333,city_centroid
40,164,FLYING J TRAVEL PLAZA #650,"I-94, EXIT 15 B",Lake Station,IN,365,3.809,-87.2622000,41.5686000,city_centroid
41,167,FLYING J TRAVEL PLAZA #653,RT 2 & I-65 EXIT 240,Hebron,IN,365,3.43566666,-87.2088000,41.3155000,city_centroid
42,174,Hop-In Food Stores,US-59 & SR-224,Nacogdoches,TX,618,2.859,-94.6163000,31.6516800,city_centroid
43,184,SAPP BROS TRAVEL CENTER,"I-29 & I-80, EXIT 1B",Council Bluffs,IA,486,3.719,-95.8536667,41.2519667,city_centroid
44,186,COFFEE CUP FUEL STOP #5,"I-90, EXIT 154 & US-16",Moorcroft,WY,822,3.239,-104.8389000,44.4154000,city_centroid
45,187,DUDLEYS CORNER,"I-35, EXIT 165 & SR-3",Latimer,IA,433,3.23233333,-93.3518000,42.7598000,city_centroid
46,191,KUM & GO #0302,"I-35, EXIT 193 & SR 106",Clear Lake,IA,433,3.18566666,-93.3850000,43.1406000,city_centroid
47,192,Brew Stuart Truckstop,"I-80, EXIT 93",Stuart,IA,320,3.099,-94.3186000,41.5033000,city_centroid
48,195,PETRO STOPPING CENTER #311,"I-40 & I-55, EXIT 280",West Memphis,AR,435,3.36733333,-90.1812000,35.1474500,city_centroid
49,198,SINCLAIR,"I-76, EXIT 115",Atwood,CO,800,3.299,-103.2749000,40.5082000,city_centroid
50,199,PETRO STOPPING CENTER #366,"I-70, EXIT 252",Salina,KS,523,3.80566666,-97.6267500,38.8320000,city_centroid
51,203,PILOT TRAVEL CENTER #31,"I-80/94, EXIT 2",Highland,IN,365,3.829,-87.4569000,41.5500000,city_centroid
52,203,PILOT TRAVEL CENTERS #31,"I-80/94, EXIT 2",Highland,IN,365,3.799,-87.4569000,41.5500000,city_centroid
53,207,MARATHON,SR-32,Sardinia,OH,300,3.56566666,-83.7966000,38.9832000,city_centroid
54,216,CIRCLE K #2721593,"I-10, EXIT 50",Ocean Springs,MS,715,3.41566666,-88.8039500,30.4258500,city_centroid
55,217,NORTH 9TH 24/7,"I-70, EXIT 252",Salina,KS,523,3.02566666,-97.6267500,38.8320000,city_centroid
56,231,DERBY CITYS TRUCK PLAZA,"I-75, EXIT 62 & US-25",Mount Vernon,KY,410,2.999,-84.3379000,37.3983000,city_centroid
59,240,LA 1 SOUTH TRUCKSTOP,"I-10, EXIT 153 & SR-1",Port Allen,LA,600,3.039,-91.2541000,30.4720000,city_centroid
60,243,SAVE,US-41 & SR-10,Lake Village,IN,399,3.179,-87.4454000,41.1387000,city_centroid
61,244,BIG D TRUCK TRAVEL PLAZA,"I-10, EXIT 92 & SR-95",Duson,LA,725,2.98233333,-92.1525000,30.1912000,city_centroid
63,250,GOLDEN OX TRUCK STOP,"I-70/US-40, EXIT 159 & US-183",Hays,KS,523,3.499,-99.3348000,38.8782000,city_centroid
64,253,LOVES TRAVEL STOP #450,"I-40, EXIT 280 & I-55, EXIT 4",West Memphis,AR,435,3.32566666,-90.1812000,35.1474500,city_centroid
65,256,BFS FOODS #66,"I-68/US-40, EXIT 22 & US-219",Grantsville,MD,165,3.899,-79.1241000,39.6551000,city_centroid
66,257,PILOT TRAVEL CENTER #917- TOWN PUMP,I-15 & 31ST STREET EXIT 277,Great Falls,MT,815,3.63566666,-111.2808400,47.5269600,city_centroid
67,263,CASEYS #3956,I-94 EXIT 16,Bridgman,MI,465,3.559,-86.5543000,41.9362000,city_centroid
68,267,CORNER MARKET #117,SR-154 & SR-129,Dodge City,KS,357,3.399,-100.0241000,37.7569000,city_centroid
69,269,PILOT TRAVEL CENTERS #24,"I-75, EXIT 15",Monroe,MI,325,3.299,-83.4583500,41.9186500,city_centroid
70,269,PILOT TRAVEL CENTERS #24,"I-75, EXIT 15",Monroe,MI,325,3.249,-83.4583500,41.9186500,city_centroid
71,269,PILOT TRAVEL CENTERS #24,"I-75, EXIT 15",Monroe,MI,325,3.439,-83.4583500,41.9186500,city_centroid
72,269,PILOT TRAVEL CENTERS #24,"I-75, EXIT 15",Monroe,MI,325,3.349,-83.4583500,41.9186500,city_centroid
73,269,PILOT TRAVEL CENTERS #24,"I-75, EXIT 15",Monroe,MI,325,3.559,-83.4583500,41.9186500,city_centroid
74,278,CARLISLE PLAZA,US-41,Carlisle,IN,510,3.499,-87.3667000,38.9763000,city_centroid
75,281,CIRCLE K #4700065,"I-65, EXIT 76 & US-31",Taylorsville,IN,375,3.399,-85.9498000,39.2953000,city_centroid
76,289,LOVES TRAVEL STOP #173,"I-70, MM 209",Lawrence,KS,553,3.229,-95.2510600,38.9671800,city_centroid
77,292,PETES #56,US-169 & CR-5000,Cherryvale,KS,307,3.23233333,-95.5590000,37.2668000,city_centroid
78,293,LOVES TRAVEL STOP #176,"I-35, MILE MARKER 97",Matfield Green,KS,336,3.25566666,-96.5541000,38.1448000,city_centroid
79,304,FL Roberts,"I-91, EXIT 4",Springfield,MA,100,3.599,-72.5641800,42.1120267,city_centroid
80,309,QUIKTRIP #231,"I-635, EXIT 3",Kansas City,KS,400,3.199,-94.6842154,39.1058154,city_centroid
81,323,SAPP BROS TRAVEL CENTER,"I-80, EXIT 126",Ogallala,NE,475,3.46566666,-101.7107000,41.1275000,city_centroid
82,326,FLYING J TRAVEL PLAZA #748,"I-15, EXIT 357",Willard,UT,835,3.749,-112.0317000,41.3989000,city_centroid
83,341,TA JACKSONVILLE SOUTH TRAVEL CENTER,"I-95, EXIT 329",Saint Johns,FL,75,3.469,-81.5477000,30.0815000,city_centroid
84,347,7-ELEVEN #40514,I-90/80-IN TOLL RD MM 22E,Portage,IN,365,3.99066666,-87.1757000,41.5672000,city_centroid
85,358,TA BINGHAMTON TRAVELCENTER,"I-81N, EXIT 2W & I-81S, EXIT 3",Binghamton,NY,32,3.769,-75.8936000,42.1130000,city_centroid
86,358,TA BINGHAMTON TRAVELCENTER,"I-81N, EXIT 2W & I-81S, EXIT 3",Binghamton,NY,32,3.689,-75.8936000,42.1130000,city_centroid
87,358,TA BINGHAMTON TRAVELCENTER,"I-81N, EXIT 2W & I-81S, EXIT 3",Binghamton,NY,32,3.699,-75.8936000,42.1130000,city_centroid
88,358,TA BINGHAMTON TRAVELCENTER,"I-81N, EXIT 2W & I-81S, EXIT 3",Binghamton,NY,32,3.739,-75.8936000,42.1130000,city_centroid
90,368,WILTON TRAVEL PLAZA,"I-87, EXIT 16",Gansevoort,NY,12,3.749,-73.7053000,43.1803000,city_centroid
91,368,WILTON TRAVEL PLAZA,"I-87, EXIT 16",Gansevoort,NY,12,3.799,-73.7053000,43.1803000,city_centroid
92,372,GAS DEPOT,"I-94, EXIT 5",Hammond,IN,365,3.999,-87.4697200,41.5751800,city_centroid
93,381,7-Eleven #41830,US-69 & US-135,Jacksonville,TX,630,2.91566666,-95.2703000,31.9618000,city_centroid
94,387,Circle K #2709664,"I-8, EXIT 12",Yuma,AZ,930,3.489,-114.5585400,32.6805400,city_centroid
95,388,Pilot Travel Centers #14,"I-71, EXIT 131",Sunbury,OH,315,3.719,-82.8511000,40.2655000,city_centroid
96,391,PILOT TRAVEL CENTERS #13,"I-71, EXIT 209",Seville,OH,305,3.699,-81.8562000,41.0227000,city_centroid
97,403,TRUCKOMAT OF HEBRON,"I-70, EXIT 126 & SR-37",Hebron,OH,315,3.429,-82.4919000,39.9535000,city_centroid
98,407,FUEL MART #641,"I-80 & I-280, EXIT 71",Perrysburg,OH,550,3.499,-83.6099500,41.5499500,city_centroid
100,424,E EXPRESS,"I-40, EXIT 166",Choctaw,OK,483,2.899,-97.2726000,35.4718000,city_centroid
101,425,Neighbors Express,"I-16, EXIT 51",Dublin,GA,85,3.299,-82.9265500,32.4997000,city_centroid
102,442,WESTERN COOP,US-385 & SR-2,Alliance,NE,795,3.324,-102.8880000,42.1149000,city_centroid
103,455,MR FUEL #753,"I-95, EXIT 104 & SR-207",Ruther Glen,VA,180,3.26566666,-77.4714000,37.9451000,city_centroid
104,456,THE COUNTRY OASIS,US-24,Woodburn,IN,370,3.399,-84.8533000,41.1253000,city_centroid
105,458,HAPPY HILLS GAS & COFFEE,I-29 EXIT 110,Rock Port,MO,400,3.399,-95.5274000,40.4306000,city_centroid
106,460,TRUCK STOP 44,I-20 EXIT 44,Gilbert,SC,135,3.079,-81.3914000,33.9581000,city_centroid
107,461,SPINX #271,"I-26, EXIT 145 & US-601",Orangeburg,SC,42,3.26233333,-80.8660750,33.5144250,city_centroid
108,469,LOAF N JUG #750010,US-160 & SR-17,Alamosa,CO,803,3.259,-105.8573561,37.4729864,census
109,474,KEWANEE 1 STOP,"I-20, EXIT 169 & US-80",Toomsuba,MS,705,3.299,-88.4892000,32.4296000,city_centroid
110,478,GASTRAK OF PEMBINA,"I-29, EXIT 215",Pembina,ND,355,3.299,-97.2886000,48.8590000,city_centroid
111,483,ALLSUPS #2387,US-54/SR-136/SR-3 & US-64,Guymon,OK,585,2.97566666,-101.4815690,36.6906840,census
113,489,EDDIES CORNER,US-87 & US-191,Moore,MT,815,3.749,-109.6969000,46.9755000,city_centroid
114,491,One9 #403,"I-75, EXIT 117",Heiskell,TN,405,2.999,-84.0438000,36.1150000,city_centroid
116,509,LOVES TRAVEL STOPS #256,"I-10, EXIT 140B",Van Horn,TX,640,3.649,-104.8245000,31.0391000,city_centroid
117,509,LOVES TRAVEL STOP #256,"I-10, EXIT 140B",Van Horn,TX,640,3.649,-104.8245000,31.0391000,city_centroid
118,522,GO MART FOOD STORE #57,"I-70 & ST-285, EXIT 186",Lore City,OH,430,3.179,-81.4479000,40.0459000,city_centroid
119,523,CIRCLE K #2723322,"I-985, EXIT 20 & SR-60",Gainesville,GA,18,3.26566666,-83.8630400,34.3080600,city_centroid
120,525,FASTBREAK,US-45 ALT,West Point,MS,705,3.059,-88.6503000,33.6076000,city_centroid
121,546,PLAZA 30,US-30,Wanatah,IN,365,3.499,-86.8764000,41.3845000,city_centroid
122,557,SAPP BROS TRAVEL CENTER,"I-80, EXIT 73",Peru,IL,290,3.389,-89.1265000,41.3330000,city_centroid
123,557,SAPP BROS TRAVEL CENTER,"I-80, EXIT 73",Peru,IL,290,3.589,-89.1265000,41.3330000,city_centroid
124,557,SAPP BROS TRAVEL CENTER,"I-80, EXIT 73",Peru,IL,290,3.449,-89.1265000,41.3330000,city_centroid
125,557,SAPP BROS TRAVEL CENTER,"I-80, EXIT 73",Peru,IL,290,3.289,-89.1265000,41.3330000,city_centroid
126,559,SHELL MORGAN ROAD TRUCK STOP,"I-40, EXIT 142",Maumelle,AR,695,3.20733333,-92.4059000,34.8491000,city_centroid
127,566,TA GARY TRAVEL CENTER,"I-80/I-94, EXIT 6",Gary,IN,365,3.83066666,-87.3397125,41.5794375,city_centroid
128,567,TA ELOY TRAVEL CENTER,"I-10 & I-8, EXIT 203",Eloy,AZ,930,3.459,-111.5833000,32.7509000,city_centroid
129,572,PILOT TRAVEL CENTER #881,"I-69, EXIT 309A",Fort Wayne,IN,370,3.899,-85.1410667,41.0846667,city_centroid
130,572,PILOT TRAVEL CENTERS #881,"I-69, EXIT 309A",Fort Wayne,IN,370,3.879,-85.1410667,41.0846667,city_centroid
131,576,PETRO STOPPING CENTER #343,"I-10, EXIT 76",Egan,LA,600,3.624,-92.5002000,30.2510000,city_centroid
132,578,LOVES TRAVEL STOP #449,"I-84, EXIT 17",Troutdale,OR,935,3.779,-122.3739000,45.5254000,city_centroid
133,579,FLYING J TRAVEL PLAZA #764,"I-80, EXIT 104 & US-191",Rock Springs,WY,835,3.67066666,-109.2164500,41.5967500,city_centroid
134,586,AMERISTAR TRAVEL PLAZA #120,"I-82, EXIT 80",Prosser,WA,925,4.399,-119.7710000,46.2232000,city_centroid
135,586,AMERISTAR TRAVEL PLAZA #120,"I-82, EXIT 80",Prosser,WA,925,4.559,-119.7710000,46.2232000,city_centroid
136,588,TA TUSCALOOSA TRAVEL CENTER,"I-20/I-59, EXIT 77",Cottondale,AL,615,2.964,-87.3871000,33.1767000,city_centroid
137,591,TA Concordia Travel Plaza,"I-70, EXIT 58 & SR-23",Concordia,MO,400,3.22566666,-93.5812000,38.9776000,city_centroid
138,599,Sapp Bros Travel Center,"I-80, EXIT 59 & SR-17J",Sidney,NE,475,3.50066666,-102.9907500,41.1792500,city_centroid
139,602,JIFFY MART EXIT 18 TRUCK STOP,"I-89/SR-120, EXIT 18 & SR-120",Lebanon,NH,12,3.599,-72.2473000,43.6435000,city_centroid
140,614,TA MAYBROOK TRAVEL CENTER,"I-84, EXIT 5",Montgomery,NY,120,4.359,-74.2534000,41.5333000,city_centroid
141,628,KWIK FILL #227,"I-90, EXIT 218",Geneva,OH,305,3.15233333,-80.9474000,41.8029000,city_centroid
142,636,UNION 76,"I-5, EXIT 233 E",Albany,OR,935,3.379,-123.0951500,44.6390000,city_centroid
143,651,ONE9 #1366,"I-40, EXIT 126 & US-641",Holladay,TN,460,2.98566666,-88.0912000,35.8951000,city_centroid
145,669,PETRO STOPPING CENTER #350,"I-10, EXIT 4",Canutillo,TX,640,3.499,-106.5929000,31.9344000,city_centroid
146,672,CROWN POINT TRUCK STOP,"I-295/US-130,EXIT 22",Thorofare,NJ,150,3.549,-75.1943000,39.8457000,city_centroid
147,680,TA EXPRESS SUMMIT,"I-29, EXIT 207 & US-12",Summit,SD,566,3.20566666,-97.0427000,45.3521000,city_centroid
148,684,7-ELEVEN #35101,"I-86/SR-17, EXIT 16",Randolph,NY,38,4.499,-78.9600000,42.1631000,city_centroid
150,692,BP,US-63,Ottumwa,IA,489,3.399,-92.4098000,41.0309000,city_centroid
151,739,Arco #364420,US-23,Greenup,KY,255,3.649,-82.9191000,38.5368000,city_centroid
152,748,QUIKTRIP #4231,US-85,Evans,CO,800,3.17233333,-104.6971000,40.3803000,city_centroid
153,769,AYERCO #26,US-61/US-136,Alexandria,MO,345,3.01566666,-91.5154000,40.3445000,city_centroid
154,815,Kwik Trip #1508,"US-18/SR-151, EXIT 58",Barneveld,WI,420,3.489,-89.9042000,43.0158000,city_centroid
155,855,SPEEDWAY #7459,US-41 & SR-137,North Chicago,IL,293,3.379,-87.8165000,42.3790000,city_centroid
156,855,SPEEDWAY #7459,US-41 & SR-137,North Chicago,IL,293,3.499,-87.8165000,42.3790000,city_centroid
157,855,SPEEDWAY #7459,US-41 & SR-137,North Chicago,IL,293,3.289,-87.8165000,42.3790000,city_centroid
158,863,Ocean Fuel,US-301/SR-73,Sylvania,GA,195,3.499,-81.6287000,32.7439000,city_centroid
159,906,PILOT TRAVEL CENTERS #429,"I-40, EXIT 280",West Memphis,AR,435,3.499,-90.1812000,35.1474500,city_centroid
160,906,PILOT TRAVEL CENTER #429,"I-40, EXIT 280",West Memphis,AR,435,3.291,-90.1812000,35.1474500,city_centroid
161,908,CIRCLE K #2704888,"I-65, EXIT 246 & SR-119",Pelham,AL,615,3.46566666,-86.7680000,33.2932000,city_centroid
162,912,PETRO STOPPING CENTER #319,"I-20/59, EXIT 100",Mc Calla,AL,615,3.12566666,-87.1024000,33.2845000,city_centroid
163,936,CASEYS #4254,"I-40, EXIT 129",Conway,AR,695,3.03233333,-92.4156000,35.0906000,city_centroid
165,977,PILOT TRAVEL CENTER #328,"I-10, EXIT 17",Quartzsite,AZ,930,3.959,-114.2160500,33.6980500,city_centroid
166,977,PILOT TRAVEL CENTERS #328,"I-10, EXIT 17",Quartzsite,AZ,930,3.959,-114.2160500,33.6980500,city_centroid
167,981,STINKER #85,"I-15, EXIT 93",Blackfoot,ID,825,3.53233333,-112.3615000,43.1943000,city_centroid
168,982,CIRCLE K #2701948,"I-8, EXIT 7 & SR-195",Yuma,AZ,900,3.56566666,-114.5585400,32.6805400,city_centroid
169,1028,FOUR STATES TRUCK STOP,"I-495, EXIT 4 & SR-9",New Castle,DE,243,3.449,-75.6049333,39.6065000,city_centroid
170,1028,FOUR STATES TRUCK STOP,"I-495, EXIT 4 & SR-9",New Castle,DE,243,3.399,-75.6049333,39.6065000,city_centroid
171,1042,Union 76,US-441 & SR-100A,Lake City,FL,75,3.56233333,-82.6480250,30.1813750,city_centroid
172,1043,ONE9 #1401,I-75 EXIT 414 & US-41,Lake City,FL,75,3.259,-82.6480250,30.1813750,city_centroid
173,1043,SHELL DBA ONE9 #1401,I-75 EXIT 414 & US-41,Lake City,FL,75,3.244,-82.6480250,30.1813750,city_centroid
174,1047,TA MARIANNA TRAVEL CENTER,"I-10/SR-8, EXIT 142 & SR-71",Marianna,FL,20,3.60733333,-85.2145667,30.7449333,city_centroid
175,1075,PILOT TRAVEL CENTER #68,"I-16 /SR-404, EXIT 51 & US-441",Dublin,GA,85,3.43233333,-82.9265500,32.4997000,city_centroid
176,1075,PILOT TRAVEL CENTERS #68,"I-16 /SR-404, EXIT 51 & US-441",Dublin,GA,85,3.399,-82.9265500,32.4997000,city_centroid
177,1106,CIRCLE K #2705367,"I-20, EXIT 172",Thomson,GA,16,3.399,-82.4942000,33.4774000,city_centroid
178,1112,BC AMPRIDE TRUCK PLAZA,US-59/SR-141,Denison,IA,527,3.399,-95.3636000,42.0196000,city_centroid
179,1115,KWIK STAR #704,SR-57/SR-14,Parkersburg,IA,565,3.58233333,-92.7688000,42.5714000,city_centroid
180,1121,TRAVELERS OASIS,"I-84, EXIT 182",Eden,ID,787,3.799,-114.2467000,42.5868000,city_centroid
181,1128,TA CHICAGO NORTH TRAVEL CENTER,"I-94/US-41, EXIT 1",Wadsworth,IL,444,3.819,-87.9040000,42.4460000,city_centroid
182,1128,TA CHICAGO NORTH TRAVEL CENTER,"I-94/US-41, EXIT 1",Wadsworth,IL,444,3.879,-87.9040000,42.4460000,city_centroid
183,1128,TA CHICAGO NORTH TRAVEL CENTER,"I-94/US-41, EXIT 1",Wadsworth,IL,444,3.779,-87.9040000,42.4460000,city_centroid
184,1128,TA CHICAGO NORTH TRAVEL CENTER,"I-94/US-41, EXIT 1",Wadsworth,IL,444,3.769,-87.9040000,42.4460000,city_centroid
185,1132,SPEEDWAY #7423,"I-57, EXIT 83",Ina,IL,293,3.249,-88.8894000,38.1527000,city_centroid
186,1136,PILOT TRAVEL CENTER #171,"I-74, EXIT 206",Oakwood,IL,280,3.399,-87.7825000,40.1167000,city_centroid
187,1136,PILOT TRAVEL CENTER #171,"I-74, EXIT 206",Oakwood,IL,280,3.499,-87.7825000,40.1167000,city_centroid
188,1136,PILOT TRAVEL CENTER #171,"I-74, EXIT 206",Oakwood,IL,280,3.599,-87.7825000,40.1167000,city_centroid
189,1140,CIRCLE K #4701398,"I-55, EXIT 82 & SR-104",Divernon,IL,280,3.499,-89.6626000,39.5692000,city_centroid
190,1149,PILOT TRAVEL CENTER #30,"I-70, EXIT 96",Greenfield,IN,375,3.959,-85.8141000,39.7902000,city_centroid
191,1149,PILOT TRAVEL CENTERS #30,"I-70, EXIT 96",Greenfield,IN,375,3.959,-85.8141000,39.7902000,city_centroid
192,1151,SPEEDWAY #8061,"I-70, EXIT 115 & SR-109",Knightstown,IN,375,3.759,-85.5261000,39.8060000,city_centroid
193,1154,CIRCLE K #2704691,SR-71 & CR-214,Cedar Creek,TX,595,3.199,-97.4976000,30.0966000,city_centroid
194,1156,CIRCLE K #4700028,"I-74/US-421, EXIT 116 & SR-44",Shelbyville,IN,375,3.599,-85.7875000,39.5043000,city_centroid
195,1157,One9 #297,"I-70, EXIT 11 & SR-46",Terre Haute,IN,510,3.43566666,-87.3890000,39.4676750,city_centroid
196,1158,PILOT TRAVEL CENTERS #36,US-30 & SR-49,Valparaiso,IN,365,3.869,-87.0733333,41.4719333,city_centroid
197,1158,PILOT TRAVEL CENTER #36,US-30 & SR-49,Valparaiso,IN,365,3.859,-87.0733333,41.4719333,city_centroid
198,1163,SHORT STOP #13,US-54,Emporia,KS,553,2.839,-96.1871000,38.4184000,city_centroid
199,1176,PILOT TRAVEL CENTERS #353,"I-75, EXIT 129",Georgetown,KY,410,3.20566666,-84.5562000,38.2117000,city_centroid
200,1179,PILOT TRAVEL CENTERS #399,"I-65, EXIT 105",Lebanon Junction,KY,415,3.609,-85.7246000,37.8511000,city_centroid
201,1196,SOUTHERN BELLE TRUCK STOP,US-61 & SR-964,Saint Francisville,LA,725,3.384,-91.4186000,30.8694000,city_centroid
202,1199,ALLTOWN MARKETS #306,"I-190, EXIT 7",Leominster,MA,178,3.68233333,-71.7563000,42.5274000,city_centroid
203,1202,ONE9 #290,"I-95, EXIT 93 & SR-222",Perryville,MD,22,3.599,-76.0592000,39.5649000,city_centroid
204,1204,PETRO STOPPING CENTER #321,"I-70 & I-57, EXIT 159",Effingham,IL,574,3.549,-88.5611000,39.1217000,city_centroid
205,1204,PETRO STOPPING CENTER #321,"I-70 & I-57, EXIT 159",Effingham,IL,574,3.349,-88.5611000,39.1217000,city_centroid
206,1204,PETRO STOPPING CENTER #321,"I-70 & I-57, EXIT 159",Effingham,IL,574,3.439,-88.5611000,39.1217000,city_centroid
207,1204,PETRO STOPPING CENTER #321,"I-70 & I-57, EXIT 159",Effingham,IL,574,3.399,-88.5611000,39.1217000,city_centroid
208,1208,D AVENUE FUEL PLAZA,US-131,Kalamazoo,MI,465,3.499,-85.5841333,42.2910333,city_centroid
209,1208,D AVENUE FUEL PLAZA,US-131,Kalamazoo,MI,465,3.099,-85.5841333,42.2910333,city_centroid
210,1210,ROADHAWK TRAVEL CENTER,"I-94, EXIT 56 & SR-51",Paw Paw,MI,465,3.599,-85.9005000,42.2349000,city_centroid
211,1210,ROADHAWK TRAVEL CENTER,"I-94, EXIT 56 & SR-51",Paw Paw,MI,465,3.559,-85.9005000,42.2349000,city_centroid
212,1217,KWIK TRIP #250,"I-90, EXIT 179",Austin,MN,515,3.374,-92.9784000,43.6695000,city_centroid
213,1218,CASEYS #3658,SR-210,Pillager,MN,522,3.299,-94.4895000,46.3607000,city_centroid
214,1225,AYERCO #35,US-61 & US-61 BUS,Bowling Green,MO,494,3.01566666,-91.1962000,39.3346000,city_centroid
215,1234,Lamar Travel Plaza,US-71 & US-160,Lamar,MO,416,3.199,-94.3364000,37.5191000,city_centroid
216,1236,AYERCO #44,US-36 & US-24,Palmyra,MO,494,3.01566666,-91.5368000,39.7913000,city_centroid
217,1240,TEMP STOP #103,US-65,Sedalia,MO,400,3.199,-93.2303000,38.7003000,city_centroid
218,1247,SNAPPY MART #11,US-63 & SR-14,West Plains,MO,535,3.299,-91.8717000,36.7284000,city_centroid
219,1251,MAPCO #3009,US-72,Corinth,MS,435,3.154,-88.5567000,34.8982000,city_centroid
220,1256,DOUBLE QUICK #89,US-82/US-278,Greenville,MS,655,3.25566666,-90.9956750,33.3666000,city_centroid
221,1265,JOE JOES TRAVEL CENTER,US-78 & RED BANKS RD S,Red Banks,MS,435,2.97233333,-89.5649000,34.8937000,city_centroid
222,1304,LOVES TRAVEL STOP #667,"I-85, EXIT 152",Mebane,NC,65,3.94733333,-79.2719000,36.0979000,city_centroid
223,1315,CIRCLE K #2720218,US-421 BUS & US-15/US-501/US-1,Sanford,NC,177,3.08233333,-79.1633333,35.4655333,city_centroid
224,1325,SCOTCHMAN #3303,US-421 & US-74,Wilmington,NC,245,3.629,-77.8802750,34.2212375,city_centroid
225,1326,SPEEDWAY #7949,US-301/US-264 ALT & CR-1674,Wilson,NC,205,3.199,-77.9316750,35.7335500,city_centroid
226,1333,PUMP & PANTRY #15,US-30,Grand Island,NE,330,3.30733333,-98.4101667,40.9076667,city_centroid
227,1340,BORDENTOWN VALERO,"NJ TNPK, EXIT 7 & US-206",Bordentown,NJ,230,3.499,-74.7032000,40.1431000,city_centroid
228,1342,Delta,"I-80, EXIT 47B",Fairfield,NJ,115,3.20233333,-74.2960000,40.8822000,city_centroid
229,1344,BOLLA TRUCK STOP #193,US-202 & SR-17,Mahwah,NJ,115,3.53233333,-74.1752500,41.0928000,city_centroid
230,1348,GLOBAL,SR-73,Palmyra,NJ,150,3.359,-75.0257000,40.0037000,city_centroid
231,1356,LOVES TRAVEL STOP #257,"I-40 & HORIZON, EXIT 79",Milan,NM,580,3.59066666,-107.8909000,35.1698000,city_centroid
232,1364,7- ELEVEN #40507,"I-80/I-90, MM 56 WB",Rolling Prairie,IN,465,3.98233333,-86.5841000,41.7229000,city_centroid
233,1372,PILOT TRAVEL CENTER #469,"I-77, EXIT 101 & SR-627",Canton,OH,249,3.62233333,-81.3847250,40.8151437,city_centroid
234,1376,FUEL MART #782,"I-75, EXIT 118",Lima,OH,411,3.08566666,-84.1222500,40.7473333,city_centroid
235,1379,TA LODI TRAVEL CENTER,"I-71, EXIT 209 & I-76/US-224, EXIT 1",Seville,OH,305,3.739,-81.8562000,41.0227000,city_centroid
236,1384,SUNOCO,"I-80/I-90, EXIT 13 & US-20ALT/SR-15",Montpelier,OH,550,3.41566666,-84.6147000,41.5982000,city_centroid
237,1391,ONCUE EXPRESS #2045,"I-35, EXIT 203 & SR-15",Billings,OK,500,3.21566666,-97.4189000,36.5246000,city_centroid
238,1395,DOMINO FOOD AND FUEL #1,"I-40, EXIT 66",Clinton,OK,483,3.099,-98.9795000,35.5115000,city_centroid
239,1404,ONE9 #339,"I-74, EXIT 4 & SR-63",Covington,IN,375,3.26233333,-87.3819000,40.1326000,city_centroid
240,1414,SAC SHOP #507,"I-70, EXIT 12/161",Breezewood,PA,14,4.099,-78.2453000,39.9905000,city_centroid
241,1424,GETTYSBURG TRAVEL PLAZA,US-15 & SR-394,Gettysburg,PA,70,3.899,-77.2223000,39.8320000,city_centroid
242,1428,CIRCLE K #4702408,"I-65, EXIT 168 & SR-38/SR-25",Lafayette,IN,375,3.43233333,-86.8716000,40.3768833,city_centroid
243,1432,KWIK FILL #259,"I-81, EXIT 57",Mechanicsburg,PA,70,4.049,-77.0150500,40.1956000,city_centroid
244,1444,PILOT TRAVEL CENTERS #346,"I-20, EXIT 92 & US-601",Lugoff,SC,135,3.43233333,-80.7147000,34.2296000,city_centroid
245,1445,PILOT TRAVEL CENTERS #402,"I-80, EXIT 367",Cheyenne,WY,795,3.709,-104.7781200,41.1589600,city_centroid
246,1447,HOT SPOT #3005,US-221,Chesnee,SC,210,3.199,-81.8678000,35.1154000,city_centroid
247,1453,EXPRESS STOP,US-278/SR-101/SR-6 & SR-113,Rockmart,GA,193,3.319,-85.0594000,33.9979000,city_centroid
248,1455,PETRO FLORENCE,"I-95, EXIT 169",Florence,SC,46,3.32566666,-79.7062500,34.1379667,city_centroid
249,1461,CIRCLE K #2705370,"I-26, EXIT 15 & US-176",Inman,SC,210,3.099,-82.0540000,35.0528000,city_centroid
250,1464,CIRCLE K #2723254,"I-20, EXIT 55 & SR-6",Lexington,SC,135,3.199,-81.2357333,33.9390333,city_centroid
251,1470,CIRCLE K #2705348,US-1,Beech Island,SC,135,3.159,-81.8639000,33.4707000,city_centroid
252,1479,TA SPARTANBURG TRAVEL CENTER,"I-85, EXIT 63 & SR-290",Duncan,SC,210,3.43233333,-82.1258000,34.9176000,city_centroid
253,1487,ROADRUNNER MARKET #6019,"I-81, EXIT 36 NORTH",Greeneville,TN,405,3.499,-82.8492667,36.1818000,city_centroid
254,1492,MAPCO #3538,"I-24, EXIT 174",Chattanooga,TN,285,2.899,-85.2769687,35.0403375,city_centroid
257,1531,CircleK #4702365,"I-74, EXIT 112 & SR-9",Shelbyville,IN,375,3.509,-85.7875000,39.5043000,city_centroid
258,1533,YESWAY #1157,US-62,Brownfield,TX,700,2.99233333,-102.2762000,33.1698000,city_centroid
259,1546,SHELL,"I-35, EXIT 86 & SR-85",Dilley,TX,740,3.099,-99.1747000,28.6782000,city_centroid
260,1548,TOOT N TOTUM #107,US-287,Dumas,TX,585,3.03233333,-101.9680000,35.8823000,city_centroid
261,1552,STRIPES #40911,US-59 & SR-16,Freer,TX,625,3.099,-98.6061000,27.8800000,city_centroid
262,1555,SEIBERT TRAVEL PLAZA,"I-70, EXIT 405 & SR-59",Seibert,CO,800,3.499,-102.8822000,39.3183000,city_centroid
263,1560,CATTREZ,US-20 & SR-5,Irving,NY,38,2.899,-79.0596000,42.5739000,city_centroid
264,1560,CATTREZ,US-20 & SR-5,Irving,NY,38,2.999,-79.0596000,42.5739000,city_centroid
265,1562,I MART #108,"I-40, EXIT 108",Wildersville,TN,435,3.099,-88.4388000,35.7698000,city_centroid
266,1567,KUM & GO #4110,"I-235, EXIT 11",Des Moines,IA,320,3.02733333,-93.6192375,41.5973500,city_centroid
267,1579,FLYING J TRAVEL PLAZA #924- TOWN PUMP,"I-15, EXIT 122 & I-90 MM220",Butte,MT,816,3.56566666,-112.6217750,45.9775750,city_centroid
269,1585,Stripes 7Fleet #42498,US-385 & CR-1910,Andrews,TX,710,3.369,-102.5409000,32.3201000,city_centroid
270,1590,ROAD RANGER #240,"I-80 & I-94, EXIT 15-A",Lake Station,IN,365,3.559,-87.2622000,41.5686000,city_centroid
271,1596,FLYING J #305,"I-40, EXIT 39",Jamestown,NM,580,3.44233333,-108.1767000,35.4809000,city_centroid
272,1597,7-ELEVEN #36156,"I-70 & SR-519, EXIT 25/333",Eighty Four,PA,165,4.999,-80.0627000,40.1868000,city_centroid
273,1599,ONVO TRAVEL PLAZA,"I-81, EXIT 10",Mc Graw,NY,220,3.439,-76.0820000,42.5948000,city_centroid
274,1599,ONVO TRAVEL PLAZA,"I-81, EXIT 10",Mc Graw,NY,220,3.459,-76.0820000,42.5948000,city_centroid
275,1602,CIRCLE K #2723387,US-98,Beaumont,MS,620,3.56566666,-88.9200000,31.1693000,city_centroid
276,1606,DONNAS TRAVEL PLAZA,"I-5, EXIT 202",Marysville,WA,962,4.559,-122.1771000,48.0811000,city_centroid
277,1610,TA BALTIMORE TRAVEL CENTER,"I-95, EXIT 57",Baltimore,MD,22,4.759,-76.6213000,39.3124154,city_centroid
278,1618,GO MART FOOD STORE #33,US-33,Ripley,WV,44,3.499,-81.7020000,38.8090000,city_centroid
280,1622,RACEWAY #6973,US-380 & SR-114/SR-101,Bridgeport,TX,630,2.78233333,-97.7810000,33.1870000,city_centroid
281,1623,SAPP BROS TRAVEL CENTER,"I-70 & I-270, EXIT 278",Commerce City,CO,800,3.389,-104.9226000,39.8171000,city_centroid
282,1625,PILOT TRAVEL CENTERS #60,"I-26, EXIT 159",Bowman,SC,42,3.43233333,-80.6709000,33.3475000,city_centroid
284,1633,7-ELEVEN #36302,"I-35, EXIT 144",Von Ormy,TX,740,3.109,-98.6677000,29.2750000,city_centroid
285,1634,PILOT TRAVEL CENTERS #40,"I-94, EXIT 322",Oak Creek,WI,444,3.889,-87.9027000,42.8892000,city_centroid
286,1644,ALLSUPS CONVENIENCE STORE #2414,"I-20, EXIT 235",Roscoe,TX,575,2.929,-100.5391000,32.4276000,city_centroid
287,1646,SPEEDWAY #8310,US-6 & US-31,Plymouth,IN,465,3.609,-86.3101070,41.4496480,census
288,1647,SPEEDWAY #8305,US-41 & SR-312,Hammond,IN,290,3.76566666,-87.4697200,41.5751800,city_centroid
291,1654,CEFCO #3,US-77/US190/SR-36,Cameron,TX,670,2.989,-96.9766000,30.8527000,city_centroid
292,1661,CHEVRON,"I-20, EXIT 101 & SR-151",Calhoun,LA,590,3.159,-92.3299000,32.5248000,city_centroid
293,1669,BETTY BEAVERS TRUCKSTOP,"I-90, EXIT 28",Fultonville,NY,12,3.149,-74.3598000,42.9036000,city_centroid
294,1669,BETTY BEAVERS TRUCKSTOP,"I-90, EXIT 28",Fultonville,NY,12,3.189,-74.3598000,42.9036000,city_centroid
295,1670,Petro Stopping Center #54,"I-44, EXIT 4 & SR-3",Joplin,MO,277,3.449,-94.5095667,37.0758667,city_centroid
296,1671,LOVES TRAVEL STOP #412,"I-95, EXIT 77",Dunn,NC,205,3.699,-78.6120000,35.3114000,city_centroid
298,1699,ALLENS FOOD MART280,US-280/US-231/SR-53/SR-38 & CR-8/CR-34,Sylacauga,AL,615,3.799,-86.3143500,33.1736500,city_centroid
299,1700,TOPPS FUEL STOPS,US-259/SR-49,Daingerfield,TX,723,3.109,-94.7359000,33.0313000,city_centroid
300,1720,TOOT N TOTUM #120,US-54 & S WESTERN AVE,Liberal,KS,585,3.01566666,-100.9333000,37.0327000,city_centroid
301,1749,HIGHWAY 96 FUEL STOP,US-96 & SR-62/FM-1004,Buna,TX,610,3.149,-93.9913000,30.4132000,city_centroid
302,1753,PWI #169,"I-35/US-77, EXIT 359 & CR-1304",Abbott,TX,765,2.899,-97.0671000,31.8916000,city_centroid
303,1773,M-46 AUTO TRUCK PLAZA,"US-131, EXIT 120 & SR-46",Howard City,MI,344,3.199,-85.4856000,43.4083000,city_centroid
304,1773,M-46 AUTO TRUCK PLAZA,"US-131, EXIT 120 & SR-46",Howard City,MI,344,3.599,-85.4856000,43.4083000,city_centroid
305,1773,M-46 AUTO TRUCK PLAZA,"US-131, EXIT 120 & SR-46",Howard City,MI,344,3.099,-85.4856000,43.4083000,city_centroid
306,1791,PILOT TRAVEL CENTERS #257,"I-20, EXIT 126 & FM-1788",Midland,TX,710,3.56566666,-102.0802125,31.9653750,city_centroid
307,1807,LOVES TRAVEL STOP #229,I-40 EXIT 96 & SR-207,Panhandle,TX,585,3.314,-101.4304000,35.3808000,city_centroid
308,1810,KENT KWIK #804,US-83,Perryton,TX,585,2.999,-100.8156000,36.3748000,city_centroid
311,1832,CORNER FUEL CENTER,US-49,Hattiesburg,MS,620,3.299,-89.3403000,31.2882750,city_centroid
312,1834,PUMP N PANTRY #15,"I-20, EXIT 617 & US-59",Marshall,TX,766,2.899,-94.3514667,32.5317333,city_centroid
313,1849,Stripes #42457,US-67/US-277,San Angelo,TX,740,3.244,-100.4454800,31.4593600,city_centroid
314,1855,EXIT 76 AUTO TRUCK PLAZA,US-131,Byron Center,MI,344,3.499,-85.7136000,42.8016000,city_centroid
316,1859,GO MART FOOD STORE #44,"I-79, EXIT 67 & US-19/SR-4",Sutton,WV,44,3.559,-80.6760000,38.6541000,city_centroid
317,1860,MR FUEL #278,"I-75/71, EXIT 175 & SR-338",Walton,KY,300,3.019,-84.6328000,38.8875000,city_centroid
319,1866,PRI MART FUEL CENTER,"I-94, EXIT 29",Benton Harbor,MI,465,3.799,-86.4388000,42.1126500,city_centroid
320,1866,PRI MART FUEL CENTER,"I-94, EXIT 29",Benton Harbor,MI,465,3.499,-86.4388000,42.1126500,city_centroid
321,1873,JDS TRUCKSTOP,"US-12 & US-31, EXIT 3",Niles,MI,465,3.749,-86.3287990,41.8053840,census
322,1873,JDS TRUCKSTOP,"US-12 & US-31, EXIT 3",Niles,MI,465,3.849,-86.3287990,41.8053840,census
323,1874,CIRCLE K #2744529,US-175,Seagoville,TX,630,2.95066666,-96.5580000,32.6525000,city_centroid
324,1879,HOLIDAY STATIONSTORE #3552,"I-35, EXIT 81 & SR-70",Lakeville,MN,448,3.549,-93.2578000,44.6749000,city_centroid
325,1888,STRIPES 7FLEET #42449,US-87,Sterling City,TX,710,3.28066666,-101.0017000,31.8351000,city_centroid
326,1889,TOOT N TOTUM #105,US-54 & US-287,Stratford,TX,585,2.96566666,-101.9886000,36.3335000,city_centroid
327,1893,MIKE MCDONALD TRUCK STOP,"I-20, EXIT 509",Terrell,TX,637,2.87066666,-96.2390500,32.7423500,city_centroid
328,1894,CIRCLE K #2741544,"I-37 & SR-72, EXIT 69",Three Rivers,TX,747,3.06566666,-98.1782000,28.4756000,city_centroid
329,1897,YESWAY #1077,"I-20/US-84, EXIT 278",Tye,TX,575,2.87566666,-99.8684000,32.4477000,city_centroid
330,1905,LUCKY TRUCK STOP,US-82,Whitesboro,TX,630,2.88566666,-96.8790000,33.6590000,city_centroid
331,1909,RALLYSTOP #1,"I-15, EXIT 62",Cedar City,UT,791,3.459,-113.0619000,37.6775000,city_centroid
332,1914,LOVES TRAVEL STOP #792,"I-70, EXIT 160",Green River,UT,835,3.709,-110.1598000,39.0002000,city_centroid
333,1921,BELL TRUCK STOP,"I-80, EXIT 146",Park City,UT,835,3.45233333,-111.5184333,40.6744333,city_centroid
334,1923,SCENIC QUIK STOP,"I-70, EXIT 54 & US-89",Salina,UT,835,3.459,-111.8811000,38.9560000,city_centroid
335,1930,CASEYS #3058,"I-35, EXIT 19 & US-160 E",Wellington,KS,570,3.299,-97.3910000,37.2778000,city_centroid
336,1931,RBS ONE STOP,"I-15, EXIT 320",Woods Cross,UT,835,3.459,-111.9027000,40.8874000,city_centroid
337,1934,CIRCLE K #2723710,"I-77, EXIT 24",Austinville,VA,185,3.24066666,-80.8583000,36.8195000,city_centroid
338,1936,QUICK STOP MARKET #36,"I-81, EXIT 10 & US-11",Bristol,VA,185,3.399,-82.1913250,36.6176250,city_centroid
339,1940,7-ELEVEN #40063,"I-81, EXIT 98 & SR-100",Dublin,VA,65,3.199,-80.6853000,37.1057000,city_centroid
340,1944,LOVES TRAVEL STOPS #399,"I-77, EXIT 1 & SR-620",Lambsburg,VA,65,3.589,-80.7601000,36.5775000,city_centroid
341,1944,LOVES TRAVEL STOP #399,"I-77, EXIT 1 & SR-620",Lambsburg,VA,65,3.589,-80.7601000,36.5775000,city_centroid
342,1950,7-ELEVEN #34515,"I-81, EXIT 205",King George,VA,180,3.399,-77.1260000,38.2811000,city_centroid
343,1951,CIRCLE K #2723713,"I-81, EXIT 205",Staunton,VA,185,3.38566666,-79.0640000,38.1583500,city_centroid
344,1953,FAS MART #3555,"I-64, EXIT 136 & US-15",Gordonsville,VA,180,3.699,-78.1815000,38.1759000,city_centroid
346,1956,PILOT TRAVEL CENTER #4642,"I-81, EXIT 291",Toms Brook,VA,60,3.659,-78.4331000,38.9476000,city_centroid
347,1958,SPEEDWAY #4618,"I-81 & I-77, EXIT 77",Wytheville,VA,185,3.41233333,-81.0941000,36.9407000,city_centroid
348,1960,MAPLEWOOD IRVING,"I-89, EXIT 7",Montpelier,VT,170,3.699,-72.5742500,44.2457000,city_centroid
349,1962,SUPER QUIK,"I-64, EXIT 172 & SR-1/SR-7",Grayson,KY,255,3.799,-82.9485000,38.3326000,city_centroid
350,1976,One9 #963,"I-90, EXIT 276",Spokane,WA,970,3.989,-117.3770882,47.6718765,city_centroid
351,1976,One9 #963,"I-90, EXIT 276",Spokane,WA,970,3.959,-117.3770882,47.6718765,city_centroid
352,1977,GEE CEES TRUCK STOP,"I-5, EXIT 57",Toledo,WA,977,3.839,-122.8266000,46.4396000,city_centroid
353,1983,KWIK TRIP #427,"US-53, EXIT 110 & SR-40",Bloomer,WI,295,3.41566666,-91.4900000,45.1025000,city_centroid
354,1985,Camp Douglas BP,"I-90 & I-94, EXIT 55",Camp Douglas,WI,420,3.154,-90.2393000,43.9885000,city_centroid
355,2000,RIVER CITY TRAVEL PLAZA,US-41,Marinette,WI,360,3.399,-87.6697000,45.0874000,city_centroid
356,2002,KWIK TRIP #222,US-53/US-2,Superior,WI,334,3.339,-92.0912000,46.7016000,city_centroid
357,2009,KWIK TRIP #139,"I-43, EXIT 120 & CR-V/CR-OK",Sheboygan,WI,444,3.29066666,-87.7031333,43.7589667,city_centroid
358,2020,BFS FOODS #72,"I-68, EXIT 23 & SR-26",Bruceton Mills,WV,165,3.499,-79.6159000,39.6454000,city_centroid
359,2021,GO MART FOOD STORE #59,"I-64, EXIT 15 & US-60",Huntington,WV,255,3.499,-82.4103750,38.4135750,city_centroid
360,2022,GO MART FOOD STORE #86,"I-79, EXIT 40 & SR-16",Ivydale,WV,44,3.599,-81.0348000,38.5357000,city_centroid
361,2029,HOMAX SERVICE,"I-25, EXIT 188",Mills,WY,790,3.169,-106.3659000,42.8405000,city_centroid
362,2030,GHOST TOWN FUEL STOP,US-26/US-20,Casper,WY,790,3.429,-106.3313800,42.8537400,city_centroid
363,2034,TA CHEYENNE TRAVEL CENTER,"I-80, EXIT 377 & SR-217/CR-140",Cheyenne,WY,795,3.699,-104.7781200,41.1589600,city_centroid
364,2040,Fast Stop Travel Centers #1133,"I-25, EXIT 126 & US-18/20",Douglas,WY,790,3.499,-105.3855000,42.7626000,city_centroid
365,2041,PINE BLUFFS SINCLAIR,"I-80, EXIT 401 & US-30",Pine Bluffs,WY,795,3.699,-104.0666000,41.1788000,city_centroid
366,2044,One9 #1251,"I-80, EXIT 173",Wamsutter,WY,795,3.499,-108.1517000,41.6583000,city_centroid
368,2076,ALLSUPS CONVENIENCE STORE #2159,US-283 BUS/US-277 BUS & SR-422,Seymour,TX,770,3.299,-99.2587000,33.5914000,city_centroid
369,2078,ALLSUPS CONVENIENCE STORE #2366,US-84 & CR-3300,Slaton,TX,700,2.969,-101.6751530,33.4625745,census
370,2084,Main Street Market #112,"I-20, EXIT 73",Wickett,TX,710,2.879,-103.0067000,31.5692000,city_centroid
371,2087,LWS TRUCK STOP,SR-30,Logan,UT,835,3.42566666,-111.8401000,41.7249000,city_centroid
372,2088,FLYING J TRAVEL PLAZA #773,"I-70, EXIT 40",Richfield,UT,835,3.699,-112.0744000,38.7388000,city_centroid
373,2089,FLYING J TRAVEL PLAZA #774,"I-84, EXIT 7",Snowville,UT,835,3.749,-112.7269000,41.9660000,city_centroid
374,2115,KWIK TRIP #838,SR-23/SR-33,Reedsburg,WI,420,3.194,-89.9759000,43.4627000,city_centroid
376,2144,Mountain View Truck Stop,US-15,Thurmont,MD,60,4.099,-77.3989000,39.6109000,city_centroid
377,2152,SPEEDWAY #4709,"I-90, EXIT 102",Fairmont,MN,425,3.299,-94.4510000,43.6376000,city_centroid
378,2167,PILOT TRAVEL CENTERS #134,"I-94, EXIT 171 (CR 75)",Saint Cloud,MN,451,3.28733333,-94.1691000,45.5563000,city_centroid
379,2182,PILOT TRAVEL CENTER #4649,"I-64 & I-81, EXIT 205",Raphine,VA,185,3.659,-79.2219000,37.9374000,city_centroid
380,2192,GO MART FOOD STORE #51,US-19/SR-129,Mount Nebo,WV,44,3.599,-80.7976000,38.1653000,city_centroid
381,2194,A AND A TRUCKSTOP,US-35 & CR-41,Jackson,OH,315,3.799,-82.6472000,39.0428000,city_centroid
382,2196,Certified Oil #400410,I-76 EXIT 43,Ravenna,OH,249,3.31566666,-81.2337000,41.1649000,city_centroid
383,2204,NATURAL BRIDGE SHELL,US-278 & SR-5,Lynn,AL,615,3.68233333,-87.5398000,34.0530000,city_centroid
384,2209,Roadrunner #471,"I-40/US-65, EXIT 142 & SR-365",North Little Rock,AR,695,3.03233333,-92.2723500,34.7902875,city_centroid
385,2219,PILOT TRAVEL CENTER #66,"I-85, EXIT 129",Braselton,GA,16,3.27233333,-83.7812000,34.1389000,city_centroid
386,2219,PILOT TRAVEL CENTERS #66,"I-85, EXIT 129",Braselton,GA,16,3.27233333,-83.7812000,34.1389000,city_centroid
387,2223,PO JOS GAS N GO,"I-16 SR-404, EXIT 116 & US-301/SR-73",Register,GA,195,3.23233333,-81.8728000,32.3382000,city_centroid
388,2227,SPEEDWAY #7448,SR-59,Naperville,IL,293,3.299,-88.1449000,41.7696833,city_centroid
389,2227,SPEEDWAY #7448,SR-59,Naperville,IL,293,3.359,-88.1449000,41.7696833,city_centroid
391,2255,S&G #36,"I-280, EXIT 2 & SR-795",Millbury,OH,550,3.49233333,-83.4381000,41.5611000,city_centroid
392,2267,Circle K #4703917,"I-65, EXIT 112 & SR-25",Cross Plains,TN,460,2.949,-86.6761000,36.5531000,city_centroid
393,2283,CIRCLE K #2707321,SR-60,Bartow,FL,225,3.52233333,-81.8279000,27.8960500,city_centroid
394,2287,SAC SHOP #511,"I-76/I-70, EXIT 146 & I-99/US-220 EXIT 1",Bedford,PA,14,4.099,-78.5261000,39.9908000,city_centroid
395,2306,SCOTCHMAN #3894,"I-77, EXIT 73 & SR-901",Rock Hill,SC,210,3.079,-81.0801667,34.9586000,city_centroid
396,2310,MAPCO #3686,"I-24, EXIT 175",Chattanooga,TN,285,2.889,-85.2769687,35.0403375,city_centroid
397,2311,SHELL,"I-24 & EPPS MILL RD, EXIT 89",Christiana,TN,460,3.13233333,-86.3680000,35.6960000,city_centroid
398,2331,PINNERS POINT,SR-135,Portsmouth,VA,130,3.499,-76.3418714,36.8359857,city_centroid
399,2336,FLYING J TRAVEL PLAZA #754,"I-77 & I-81, EXIT 77",Wytheville,VA,185,3.549,-81.0941000,36.9407000,city_centroid
400,2340,RSTORE #4478,SR-8 & SR-13,Prentice,WI,395,3.039,-90.2942000,45.5482000,city_centroid
401,2557,PWI #106,"I-30, EXIT 77B",Royse City,TX,630,2.899,-96.3648000,32.9628000,city_centroid
402,2602,PILOT TRAVEL CENTERS #9,"I-75, EXIT 36",Franklin,OH,407,3.35233333,-84.3030000,39.5357000,city_centroid
403,2623,TA JANESVILLE TRAVEL CENTER,"I-90/I-39, EXIT 171B & US-14",Janesville,WI,420,3.299,-89.0504500,42.7046500,city_centroid
404,2626,WEST END SINCLAIR,"I-80, EXIT 211",Rawlins,WY,838,3.319,-107.2349000,41.7951000,city_centroid
405,2629,PILOT TRAVEL CENTERS #253,"I-295 & NJ TRNPK, EXIT 2B",Penns Grove,NJ,243,3.989,-75.4495000,39.6994000,city_centroid
406,2635,FLYING J #584,"I-5, EXIT 278",Aurora,OR,935,3.859,-122.8039000,45.2284000,city_centroid
407,2638,PIT STOP TRAVEL CENTER,US-789,Riverton,WY,790,4.399,-108.2024000,43.0351000,city_centroid
408,2640,LITTLE NASHVILLE,"I-64, EXIT 50 & SR-127",Nashville,IL,540,3.399,-89.3841000,38.3352000,city_centroid
409,2640,LITTLE NASHVILLE,"I-64, EXIT 50 & SR-127",Nashville,IL,540,3.299,-89.3841000,38.3352000,city_centroid
410,2644,FREDERICKS TRAVEL CENTER,"I-25/US-87, EXIT 235 & SR-52",Erie,CO,800,3.499,-105.0686000,40.0597000,city_centroid
411,2756,PAR MAR FOOD STORE #89,"I-77/SR-2, EXIT 170 & SR-14 E",Mineral Wells,WV,430,3.499,-81.5059000,39.2040000,city_centroid
412,2761,PONY EXPRESS SERVICE CENTER,US-36 & SR-148,Hanover,KS,316,2.95566666,-96.8689000,39.8927000,city_centroid
413,2764,LOVES TRAVEL STOP #046,US-64/54 & SR-94,Hooker,OK,585,3.56233333,-101.2163000,36.8109000,city_centroid
414,2765,LOVES TRAVEL STOP #023,US-50 & US-287,Lamar,CO,525,3.46233333,-102.6192000,38.0841000,city_centroid
415,2772,PILOT TRAVEL CENTERS #29,"I- 80, EXIT 144; I-69, EXIT 357",Fremont,IN,465,3.899,-84.9452000,41.7331000,city_centroid
416,2772,PILOT TRAVEL CENTER #29,"I- 80, EXIT 144; I-69, EXIT 357",Fremont,IN,465,3.899,-84.9452000,41.7331000,city_centroid
417,2779,Stinker #121,I-84 & EXIT 208,Heyburn,ID,787,3.56066666,-113.7709000,42.5599000,city_centroid
418,2788,JIFFY MART #451,"I-91, EXIT 17 & SR-302",Wells River,VT,39,3.569,-72.0530000,44.1524000,city_centroid
419,2805,Fast Stop Travel Centers #1145,"I-15, EXIT 31",Downey,ID,825,3.799,-112.1090000,42.4181000,city_centroid
420,2807,SUDDEN SERVICE #25,"I-24, EXIT 11",Clarksville,TN,460,3.30733333,-87.3547000,36.5253600,city_centroid
421,2811,KWIK FILL #22,"I-90, EXIT 40 & SR-34/SR-31",Weedsport,NY,220,3.899,-76.5425000,43.0489000,city_centroid
422,2817,Chevron #382354,"I-5/US-12, EXIT 72",Chehalis,WA,977,4.299,-122.9658000,46.6382000,city_centroid
423,2848,TA TONOPAH TRAVEL CENTER,"I-10, EXIT 103",Tonopah,AZ,930,3.939,-112.9528000,33.4228000,city_centroid
424,2851,SPEEDWAY #2958,"I-8, EXIT 12",Yuma,AZ,900,3.479,-114.5585400,32.6805400,city_centroid
425,2862,TA TALLULAH TRAVEL CENTER,"I-20, EXIT 171 & US-65",Tallulah,LA,760,3.209,-91.1256500,32.4205500,city_centroid
426,2864,KUM & GO #0493,I-49 BUS/SR-59,Neosho,MO,535,3.059,-94.3862000,36.8706000,city_centroid
430,2885,SP Truckstop & Travel Center,US-84/SR-38,Bainbridge,GA,20,3.599,-84.5759667,30.9088333,city_centroid
431,2889,MOULTON COWBOYS,SR-157,Moulton,AL,615,3.099,-87.2224000,34.5058000,city_centroid
432,2891,PETRO STOPPING CENTER #338,"I-80, EXIT 21",Sparks,NV,966,3.949,-119.7259200,39.5835000,city_centroid
433,2895,EAGLE TRUCK STOP,I-77 EXIT 81,New Philadelphia,OH,249,3.31566666,-81.4358000,40.4845000,city_centroid
434,2896,NORTH LEWISTON DYNAMART,US-12 & SR 128,Lewiston,ID,970,3.669,-116.8609000,46.3646000,city_centroid
435,2897,GAS N GO #15,"I-80, EXIT 41",Lyman,WY,827,3.46566666,-110.2926000,41.3291000,city_centroid
436,2910,FLYING J TRAVEL PLAZA #685,"I-29 & I- 94, EXIT 349",Fargo,ND,341,3.569,-96.8160333,46.8611000,city_centroid
437,2913,ONE9#226,"I-40, EXIT 417 & SR-92",Dandridge,TN,405,3.259,-83.4233000,36.0008000,city_centroid
438,2915,TP TRUCK STOP,"I-15, EXIT 80",Fort Hall,ID,825,3.519,-112.4285000,43.0331000,city_centroid
439,2917,GOLDYS TRUCK PLAZA,US-29,Rustburg,VA,185,3.519,-79.1215000,37.2545000,city_centroid
441,2923,LOVES TRAVEL STOP #435,"I-95, EXIT 104 & SR-207",Ruther Glen,VA,180,3.611,-77.4714000,37.9451000,city_centroid
442,2923,LOVES TRAVEL STOPS #435,"I-95, EXIT 104 & SR-207",Ruther Glen,VA,180,3.589,-77.4714000,37.9451000,city_centroid
443,2924,HWY 190 FUEL STOP,US-190,Jasper,TX,610,3.13233333,-93.9977000,30.8673000,city_centroid
444,2926,EXIT 77 TRAVEL PLAZA,"I-81, EXIT 77 & SR-39",Harrisburg,PA,70,3.499,-76.8624480,40.2787880,city_centroid
445,2929,TA EXPRESS STEELE,"I-94, EXIT 200 & SR- 3",Steele,ND,390,3.599,-99.8898720,46.8661920,census
447,2937,FLYING J TRAVEL PLAZA #664,"I-75, EXIT 171",Walton,KY,300,3.08566666,-84.6328000,38.8875000,city_centroid
449,2963,SUPERPUMPER #26,"I-94, EXIT 258 & US-281",Jamestown,ND,390,3.629,-98.8017000,46.9377000,city_centroid
450,2967,PETRO STOPPING CENTER #317,"I-57, EXIT 71",Perrysburg,OH,550,3.78566666,-83.6099500,41.5499500,city_centroid
451,2968,E-Z MART #4460,"I-20, EXIT 124",Monroe,LA,719,3.129,-92.0942429,32.5011143,city_centroid
452,2977,DISCOUNT FUEL,"I-90, EXIT 150 & SR-73",Kadoka,SD,506,3.229,-101.5523000,43.8446000,city_centroid
453,2982,CIRCLE K #2723726,"I-59/I-20, EXIT 52 & US-11/US-43/SR-7",Knoxville,AL,705,3.089,-87.7919000,32.9824000,city_centroid
454,3003,CHEVRON,"I-20, EXIT 186",Delta,LA,760,2.994,-90.9270000,32.3257000,city_centroid
455,3008,BUSY BEE,"I-10, EXIT 283 & US-129",Live Oak,FL,10,3.779,-83.0074000,30.2357500,city_centroid
456,3022,TA GREENCASTLE TRAVEL CENTER,"I-81, EXIT 5",Greencastle,PA,70,3.959,-77.7470000,39.7818000,city_centroid
457,3030,Mr Ts Riverside,US-412,Cardwell,MO,435,3.199,-90.2907000,36.0434000,city_centroid
458,3064,PORTS TO PLAINS TRAVEL PLAZA,US-50 & US-287,Lamar,CO,800,3.399,-102.6192000,38.0841000,city_centroid
459,3086,SPEEDWAY #4638,US-29,Madison Heights,VA,185,3.49566666,-79.1141000,37.4531000,city_centroid
460,3093,RSTORE #4488,US-51,Merrill,WI,395,3.24066666,-89.6907000,45.1809000,city_centroid
461,3096,HOBO PANTRY #6,US-431/SR-210,Dothan,AL,20,3.959,-85.3996200,31.2027600,city_centroid
462,3118,MOBIL,"I-87, EXIT 42 & US-11",Champlain,NY,39,3.799,-73.4466000,44.9773000,city_centroid
463,3128,TA ATLANTA SOUTH TRAVEL CENTER,"I-75, EXIT 201 & SR-36",Jackson,GA,18,3.334,-83.9784000,33.2820000,city_centroid
464,3138,TA EXPRESS #6264,"I-70, EXIT 26 & US-50",Grand Junction,CO,800,4.049,-108.5305143,39.0617143,city_centroid
465,3139,CHEROKEE TRAVEL MART,"I-40, EXIT 108",Calumet,OK,483,3.10566666,-98.1512000,35.5476000,city_centroid
466,3148,YESWAY #1038,US-60 & SR-86,Neosho,MO,307,3.059,-94.3862000,36.8706000,city_centroid
467,3155,QUIK MART #18,US-72/SR-157,Tuscumbia,AL,615,3.00733333,-87.6833000,34.6874000,city_centroid
470,3165,LOVES TRAVEL STOP #213,"I-35, EXIT 211",Tonkawa,OK,500,3.584,-97.3063000,36.6806000,city_centroid
471,3167,JASPER FOOD MART,US-78,Jasper,AL,615,3.229,-87.2505333,33.8797000,city_centroid
472,3171,One9 #265,"I-40, EXIT 287 & SR-136",Cookeville,TN,405,3.084,-85.4949000,36.1875000,city_centroid
473,3176,BP,US-6 & SR-15,New Paris,IN,365,3.65733333,-85.8338000,41.4917000,city_centroid
474,3178,ERNIES FUEL STOP #1605,SR-167,Kent,WA,977,4.599,-122.2078667,47.3813667,city_centroid
475,3179,MR FUEL #1020,"I-80 & I-94, EXIT 15B",Lake Station,IN,365,3.56566666,-87.2622000,41.5686000,city_centroid
476,3191,BUSY CORNER TRUCK STOP AND MARKET,"I-24, EXIT 105 & US-41/SR-2",Manchester,TN,460,3.049,-86.0782000,35.4967000,city_centroid
477,3205,CROSSROADS TRUCK STOP STATION,"I-29 & SR 34, MM 109",Colman,SD,530,3.159,-96.8189000,43.9558000,city_centroid
478,3206,PERHAM OASIS,US-10 & SR-78,Perham,MN,250,3.499,-95.5818000,46.6031000,city_centroid
479,3215,SHELL TRUCKSTOP,"I-4, EXIT 44",Polk City,FL,225,3.449,-81.8083000,28.1987000,city_centroid
480,3216,MAXS #124,"I-24, EXIT 86 & US-41",Oak Grove,KY,460,3.04233333,-87.4255000,36.6652000,city_centroid
481,3221,Pilot #1440,"US-67, EXIT 55 & US-64/US-167 & SR-367",Bald Knob,AR,695,3.399,-91.5612640,35.3214990,census
482,3221,Southern Travel Plaza,"US-67, EXIT 55 & US-64/US-167 & SR-367",Bald Knob,AR,695,3.391,-91.5612640,35.3214990,census
483,3222,POMPANO TRUCK STOP,"I-95, EXIT 36B",Pompano Beach,FL,95,3.759,-80.1782400,26.2581000,city_centroid
484,3226,ONE9 #245,"I-81, EXIT 77 & SR-39",Harrisburg,PA,70,3.609,-76.8624480,40.2787880,city_centroid
485,3227,ONE9 MR FUEL #64,"I-26 & US-17, EXIT 199",Summerville,SC,42,3.219,-80.1898250,33.0061000,city_centroid
486,3227,MR FUEL DBA ONE9 #64,"I-26 & US-17, EXIT 199",Summerville,SC,42,3.219,-80.1898250,33.0061000,city_centroid
487,3230,STRIPES #40815,US-281 & US-285,Falfurrias,TX,625,3.299,-98.1408000,27.2242000,city_centroid
488,3264,TA WEST MEMPHIS TRAVEL CENTER,"I-40/US-63, EXIT 260 & SR-149",Earle,AR,435,3.36733333,-90.4503000,35.2799000,city_centroid
489,3280,OUTPOST TRUCK STOP,US-85 & US-18/US-20,Lusk,WY,790,3.689,-104.4651000,42.7660000,city_centroid
490,3281,AMERICAN TRUCK PLAZA,I-80 EXIT 215 & SR-254,Milton,PA,138,3.799,-76.8398000,41.0168000,city_centroid
491,3284,CASEYS #4390,"I-49/US-71, EXIT 77 & US-160",Lamar,MO,416,3.199,-94.3364000,37.5191000,city_centroid
492,3297,SAPP BROS TRAVEL CENTER,"I-80, EXIT 370",Cheyenne,WY,795,3.70066666,-104.7781200,41.1589600,city_centroid
493,3316,TRUCKOMAT OF N LITTLE ROCK,"I-40, EXIT 161 & SR-391",North Little Rock,AR,695,3.249,-92.2723500,34.7902875,city_centroid
494,3326,MIRABITO #61,"I-81, EXIT 32",Central Square,NY,12,4.299,-76.1849000,43.3090000,city_centroid
495,3330,TA # 211 GREENLAND TRAVEL CENTER,"I-95, EXIT 3A & US-101",Greenland,NH,34,3.759,-70.8475000,43.0353000,city_centroid
496,3349,QUEEN CITY TRUCK STOP,"I-20 & I-59, EXIT150",Meridian,MS,705,2.939,-88.6704429,32.4154143,city_centroid
498,3386,LONGMONT TRUCK STOP,"I-25/US-87, EXIT 240 & SR-119",Longmont,CO,800,3.239,-105.0789000,40.1579000,city_centroid
499,3401,POPS Mart #333,"I-77, EXIT 48 & SR-200",Winnsboro,SC,46,3.09066666,-81.1090000,34.3810000,city_centroid
500,3413,COUNTRY GIRL TRUCK STOP,US-167 & SR-156,Winnfield,LA,590,3.319,-92.6534334,31.9570166,census
501,3415,JAYS EL CHEAPO FUEL STOP,"I-16, EXIT 104",Metter,GA,195,3.249,-82.0607000,32.4010000,city_centroid
502,3418,Par Mar Store #164,"I-79, EXIT 105 & CR-7",Jane Lew,WV,165,3.999,-80.4311000,39.1100000,city_centroid
503,3421,ERNIES TRUCK STOP,"I-5, EXIT 142",Federal Way,WA,977,4.599,-122.2748250,47.3160000,city_centroid
504,3422,PWI #167,"I-10, EXIT 601",Seguin,TX,740,2.889,-97.9670000,29.5865500,city_centroid
505,3427,JOHNNYS MARKET,"I-69, EXIT 357",Fremont,IN,465,3.699,-84.9452000,41.7331000,city_centroid
506,3432,PILOT TRAVEL CENTER #34,"I-65, EXIT 201 & US-231",Remington,IN,365,3.709,-87.1599000,40.7667000,city_centroid
507,3432,PILOT TRAVEL CENTERS #34,"I-65, EXIT 201 & US-231",Remington,IN,365,3.659,-87.1599000,40.7667000,city_centroid
508,3435,PWI #168,"I-35, EXIT 266 & SR-195",Georgetown,TX,740,2.799,-97.7133250,30.6561250,city_centroid
510,3460,CHROME TRUCK STOP,US-18 & US-169,Algona,IA,433,3.499,-94.2306000,43.0660000,city_centroid
512,3471,MR FUEL DBA ONE9 #72,"I-16, EXIT 160",Savannah,GA,195,3.13233333,-81.1007769,32.0269615,city_centroid
513,3471,ONE9 MR FUEL #72,"I-16, EXIT 160",Savannah,GA,195,3.119,-81.1007769,32.0269615,city_centroid
514,3475,PILOT TRAVEL CENTERS #56,"I-85, EXIT 63",Kannapolis,NC,46,3.499,-80.5928333,35.4443667,city_centroid
515,3477,CIRCLE K #4707404,"I-91, EXIT 7",Springfield,VT,170,3.699,-72.4778000,43.3034000,city_centroid
516,3479,FAST MARKET #4550,"I-75/SR-401, EXIT 136 & US-341",Perry,GA,85,3.099,-83.7283000,32.4605000,city_centroid
517,3493,CIRCLE K #2723675,"I-75, EXIT 290 & SR-20",Cartersville,GA,18,3.08566666,-84.7938500,34.1974500,city_centroid
518,3519,PILOT TRAVEL CENTERS #431,"I-10, EXIT 873",Orange,TX,610,3.309,-93.8144667,30.1138000,city_centroid
519,3522,SUNMART #308,US-59,Livingston,TX,610,2.859,-94.8833500,30.7504000,city_centroid
520,3526,JOE STOP 99,"I-75, EXIT 99 & SR-119",Anna,OH,411,3.064,-84.2103000,40.4051000,city_centroid
521,3530,SPARKYS ONE STOP #22,"I-35, EXIT 111B & US-30",Jefferson,IA,320,3.23233333,-94.3888000,42.0093000,city_centroid
523,3539,Bigs 211,"I-10, EXIT 620 & SR-123",Seguin,TX,740,3.099,-97.9670000,29.5865500,city_centroid
524,3545,STOCKMENS TRUCK PLAZA,"I-494, EXIT 64A",South Saint Paul,MN,450,3.499,-93.0460000,44.8881000,city_centroid
525,3580,STINKER I 80 TRAVEL PLAZA,"I-80, EXIT 221 & SR-76",Sinclair,WY,838,3.759,-107.1172000,41.7802000,city_centroid
526,3585,CHEVRON,"I-80, EXIT 129",Lovelock,NV,966,3.499,-118.4689000,40.1819000,city_centroid
527,3588,BINGO TRUCK STOP,"I-10, EXIT 829 & SR-124",Winnie,TX,610,2.999,-94.3395000,29.8157000,city_centroid
528,3592,TA BRIDGER TRAVEL CENTER #188,"I-80, EXIT 30 & CR-202",Fort Bridger,WY,835,3.71566666,-110.3843000,41.3166000,city_centroid
529,3593,TA Parowan Travel Center,"I-15, EXIT 78",Parowan,UT,910,3.70566666,-112.8323000,37.8449000,city_centroid
530,3605,SPEEDYS #6,"I-35, EXIT 33",Saint Joseph,MO,400,3.169,-94.8366500,39.7495250,city_centroid
531,3608,FUEL MART #787,"I-57, EXIT 212 & US-36",Tuscola,IL,280,3.199,-88.2816000,39.7995000,city_centroid
532,3614,PILOT TRAVEL CENTERS #35,"I-80/90, EXIT 72 & US-31",South Bend,IN,465,3.799,-86.2571077,41.6789846,city_centroid
533,3614,PILOT TRAVEL CENTER #35,"I-80/90, EXIT 72 & US-31",South Bend,IN,465,3.799,-86.2571077,41.6789846,city_centroid
534,3616,PILOT TRAVEL CENTERS #15,"I-75, EXIT 210",Toledo,OH,550,3.77233333,-83.5728952,41.6706238,city_centroid
535,3619,ROAD RANGER #141,"I-70, EXIT 23",Brazil,IN,375,3.659,-87.1278000,39.5210000,city_centroid
536,3620,One9 #16,"I-71 & US-68, EXIT 50",Wilmington,OH,315,3.14233333,-83.8417000,39.4488000,city_centroid
537,3645,SNOW SHOE TRAVEL PLAZA,"I-80, EXIT 147 & SR-144",Snow Shoe,PA,14,3.469,-77.9523000,41.0376000,city_centroid
538,3678,TIMES MARKET #299,US-281 BUS,Alice,TX,625,3.099,-98.0766500,27.7477000,city_centroid
539,3688,SPEEDWAY #2314,"I-94, EXIT 243 & SR-29",New Baltimore,MI,342,3.559,-82.7980000,42.6834000,city_centroid
540,3688,SPEEDWAY #2314,"I-94, EXIT 243 & SR-29",New Baltimore,MI,342,3.579,-82.7980000,42.6834000,city_centroid
542,3699,WARREN TRAVEL PLAZA,"I-69, EXIT 278 & SR-5",Warren,IN,375,3.399,-85.4183000,40.6886000,city_centroid
543,3702,BEARS DEN TRADING POST #101,ST 37 11 MI E OF MASSENA,Hogansburg,NY,39,3.649,-74.6626000,44.9825000,city_centroid
544,3707,SPEEDWAY #4704,"I-90, EXIT 154",Albert Lea,MN,425,3.299,-93.3707000,43.6537000,city_centroid
545,3718,SPEEDWAY #4706,"I-90, EXIT 265",Chamberlain,SD,455,3.299,-99.3212500,43.8030500,city_centroid
546,3719,KEYSTONE TRUCK STOP,US-22 & SR-164,Loretto,PA,14,3.999,-78.6294000,40.5105000,city_centroid
547,3725,GENEVA TRUCK STOP,"I-79, EXIT 35/141",Cochranton,PA,240,3.81566666,-80.0573000,41.5205000,city_centroid
548,3728,PLAZA 23 TRUCK STOP,"I-787, EXIT 2",Albany,NY,12,3.799,-73.7854231,42.6756692,city_centroid
549,3737,JORDAN'S KWIK STOP #70,US-49,West Helena,AR,435,3.399,-90.6545000,34.5496000,city_centroid
550,3745,PILOT TRAVEL CENTER #906-TOWN PUMP,"I-90, EXIT 408 & SR-78",Columbus,MT,780,3.58066666,-109.2571000,45.6262000,city_centroid
551,3759,EXXON,US-67 & SR-18,Newport,AR,695,4.13233333,-91.2571000,35.5988000,city_centroid
552,3767,SIMMONS TRAVEL CENTER,"I-95, EXIT 8 & US-301",Emporia,VA,180,3.099,-77.5630000,36.6857000,city_centroid
553,3772,Brake Time Corner Market,"I-25, EXIT 240",Burlington,CO,800,3.499,-102.2583000,39.3106000,city_centroid
554,3774,SINCLAIR,"I-70, EXIT 438",Burlington,CO,796,3.889,-102.2583000,39.3106000,city_centroid
555,3781,REATTA TRAVEL STOP,"I-76, EXIT 149 & SR-55/CR-81",Crook,CO,475,3.38233333,-102.8472000,40.8747000,city_centroid
557,3794,SPEEDWAY #4701,"I-90, EXIT 73",Jackson,MN,425,3.299,-94.9938000,43.6457000,city_centroid
559,3843,ONCUE EXPRESS #61,"I-35, EXIT 185 & US-77",Perry,OK,500,3.21566666,-97.2842000,36.2875000,city_centroid
560,3868,SHORE STOP #279,US-13,Greenwood,DE,194,3.239,-75.5935000,38.8175000,city_centroid
561,3868,SHORE STOP #279,US-13,Greenwood,DE,194,3.259,-75.5935000,38.8175000,city_centroid
562,3888,Fics Plaza,"I-90, EXIT 184",Deer Lodge,MT,816,3.519,-112.7476000,46.3881000,city_centroid
563,3889,CIRCLE K #2701686,"I-75, EXIT 220",Bradenton,FL,225,3.439,-82.5102500,27.4551333,city_centroid
564,3907,SUNOCO,US-46 & SR-93,Palisades Park,NJ,105,3.279,-73.9954000,40.8462000,city_centroid
567,3936,Uncle Petes Truck Stop,"I-40, EXIT 239 & US-70/SR-26",Lebanon,TN,460,2.989,-86.2855000,36.1788000,city_centroid
568,3946,Fast Lane,US-24 & US-63,Moberly,MO,310,3.469,-92.4325855,39.4414465,census
569,3949,SUNSTOP #337,"I-10/SR-8, EXIT 303 & US-441",Lake City,FL,75,3.699,-82.6480250,30.1813750,city_centroid
570,3956,CIRCLE K #2707451,US-27/SR-25 & SR-70,Lake Placid,FL,225,3.399,-81.3639000,27.2938000,city_centroid
571,3964,SPEEDWAY #6604,"I-94, EXIT 66",Mattawan,MI,465,3.489,-85.7943000,42.2451000,city_centroid
572,3964,SPEEDWAY #6604,"I-94, EXIT 66",Mattawan,MI,465,3.499,-85.7943000,42.2451000,city_centroid
573,3970,EXXON - Pilot #1293,"I-30, EXIT 61",Garland,TX,630,2.84233333,-96.6392429,32.9079429,city_centroid
575,3974,LOVES TRAVEL STOP #201,I-40 EXIT 41,Elk City,OK,483,3.12566666,-99.4127000,35.4112000,city_centroid
576,3975,SUNSTOP #334,"I-10, EXIT 335 & SR-121",Macclenny,FL,75,3.459,-82.1325000,30.2737000,city_centroid
577,3979,PETRO GARY 369,"I-80 & I-94, EXIT 9",Gary,IN,365,3.83066666,-87.3397125,41.5794375,city_centroid
578,4006,MISSILE MART #1,US-167 & SR-7,El Dorado,AR,635,3.499,-92.6646000,33.2074500,city_centroid
579,4008,BALDWIN TRAVEL PLAZA,"I-94, EXIT 19 & US HWY 63",Baldwin,WI,295,3.503,-92.3655000,44.9657000,city_centroid
580,4025,BP,"I-85, EXIT 21 & US-178",Anderson,SC,30,2.909,-82.7018500,34.4819333,city_centroid
581,4035,PILOT TRAVEL CENTER #430,"I-40, EXIT 84",Russellville,AR,695,3.375,-93.0977250,35.3231000,city_centroid
582,4035,PILOT TRAVEL CENTERS #430,"I-40, EXIT 84",Russellville,AR,695,3.399,-93.0977250,35.3231000,city_centroid
583,4062,DUDLEYS TRUCK STOP RESTAURANT,US-220,Rocky Mount,VA,185,3.299,-79.8840000,36.9891000,city_centroid
584,4063,STUCKEY'S,"I-59, EXIT 67 & US-49",Hattiesburg,MS,620,2.999,-89.3403000,31.2882750,city_centroid
587,4101,E-Z MART #4411,HIGHWAY 69 & COBBLESTONE DR,Pryor,OK,560,3.099,-95.2678500,36.2923000,city_centroid
588,4113,ASAP GENERAL STORE #330,US-412/SR-15,Enid,OK,500,3.08233333,-97.8683200,36.3826400,city_centroid
590,4119,JET FOOD STORE #82,US-441 & CR-13,Douglas,GA,10,3.44066666,-82.8508333,31.4870667,city_centroid
592,4161,EL CHEAPO,I-95 & EXIT 76,Midway,GA,195,3.52566666,-81.3909000,31.8018000,city_centroid
593,4164,CIRCLE K #2723897,"I-75, EXIT 138",Thomasville,GA,20,3.23566666,-83.9455667,30.8429000,city_centroid
595,4171,PETRO SERVE USA #11,US-2 & US-71,Bemidji,MN,355,3.499,-94.8408000,47.5228000,city_centroid
596,4172,FLYING J TRAVEL PLAZA #639,"I-90, EXIT 2",Post Falls,ID,970,3.76233333,-116.9434500,47.7192500,city_centroid
597,4179,CIRCLE K #2705352,"I-95/SR-405, EXIT 109 & SR-30/SR-21",Port Wentworth,GA,195,3.099,-81.1632000,32.1491000,city_centroid
598,4187,FLYING J TRAVEL PLAZA #632,"I-75, EXIT 320",Resaca,GA,285,3.29566666,-84.9068000,34.5833000,city_centroid
599,4193,TIGER MART #63,"I-20, EXIT 454",Grand Prairie,TX,630,3.599,-97.0175000,32.6947200,city_centroid
600,4199,PWI #574,"I-70, EXIT 193/US-40",Bunker Hill,KS,357,2.959,-98.7040000,38.8758000,city_centroid
601,4204,PILOT TRAVEL CENTERS #415,"I-59, EXIT 4",Rising Fawn,GA,285,3.859,-85.5019000,34.8139000,city_centroid
602,4204,PILOT TRAVEL CENTER #415,"I-59, EXIT 4",Rising Fawn,GA,285,3.819,-85.5019000,34.8139000,city_centroid
603,4211,FLYING J #513,"I-15, EXIT 1",Jean,NV,910,3.73233333,-115.4322000,35.7578500,city_centroid
604,4220,KENNETT TRUCK STOP,"I-275, EXIT 16",Lawrenceburg,IN,300,3.424,-84.8658000,39.1401000,city_centroid
605,4222,Circle K #4703906,"I-24, EXIT 24 & SR-49",Pleasant View,TN,460,2.899,-87.0395000,36.3783000,city_centroid
606,4223,TA PEMBROKE TRAVEL CENTER,"I-90, EXIT 48A",Corfu,NY,38,3.939,-78.3929000,42.9777000,city_centroid
607,4223,TA PEMBROKE TRAVEL CENTER,"I-90, EXIT 48A",Corfu,NY,38,3.889,-78.3929000,42.9777000,city_centroid
608,4223,TA PEMBROKE TRAVEL CENTER,"I-90, EXIT 48A",Corfu,NY,38,3.829,-78.3929000,42.9777000,city_centroid
609,4223,TA PEMBROKE TRAVEL CENTER,"I-90, EXIT 48A",Corfu,NY,38,3.839,-78.3929000,42.9777000,city_centroid
612,4239,SPEEDWAY #8256,"I-64, EXIT 94 & SR-1958 & US-60",Winchester,KY,410,2.92233333,-84.1793000,37.9886500,city_centroid
613,4241,EXXON,"I-285, EXIT 53",Conley,GA,18,3.999,-84.3371000,33.6369000,city_centroid
614,4267,CONOCO,US-30 & SR-41,Gap,PA,160,3.799,-75.9978000,40.0020000,city_centroid
615,4292,KUM & GO #0032,"I-80/US-6, EXIT 155 & SR-117",Colfax,IA,320,3.08233333,-93.2588000,41.6788000,city_centroid
616,4301,TIGER DISCOUNT TRUCKSTOP,"I-94, EXIT 64 & I-94 BUS",Dickinson,ND,807,3.51566666,-102.7730500,46.8424500,city_centroid
617,4311,Saveway Truck Plaza,"I-65, EXIT 164 & US-31",Hope Hull,AL,720,3.139,-86.3932000,32.2243000,city_centroid
618,4331,KWIK STOP C STORES,US-61/US-151,Dubuque,IA,335,3.559,-90.6919500,42.4981750,city_centroid
619,4332,PILOT TRAVEL CENTER #468,"I-57, EXIT 283 & US-24",Gilman,IL,280,3.399,-87.9933000,40.7680000,city_centroid
620,4332,PILOT TRAVEL CENTER #468,"I-57, EXIT 283 & US-24",Gilman,IL,280,3.559,-87.9933000,40.7680000,city_centroid
621,4332,PILOT TRAVEL CENTER #468,"I-57, EXIT 283 & US-24",Gilman,IL,280,3.439,-87.9933000,40.7680000,city_centroid
622,4332,PILOT TRAVEL CENTERS #468,"I-57, EXIT 283 & US-24",Gilman,IL,280,3.459,-87.9933000,40.7680000,city_centroid
623,4335,HIGHWAY 20 AUTO TRUCK PLAZA,US-20,Peosta,IA,335,3.489,-90.8094000,42.4435000,city_centroid
624,4339,ROAD RANGER #273,I-69E/US-77 & SR-107,Combes,TX,639,3.049,-97.7416000,26.2451000,city_centroid
625,4349,ROAD RANGER #144,"I-380, EXIT 68US-20, EXIT 68",Evansdale,IA,565,3.729,-92.2812000,42.4755000,city_centroid
626,4363,EL CHEAPO #4,"I-95, EXIT 87",Richmond Hill,GA,195,3.09566666,-81.2940000,31.8962000,city_centroid
627,4368,HOODS SERVICE CENTER,"I-44, EXIT 61",Bois D Arc,MO,535,3.074,-93.5447000,37.2214000,city_centroid
628,4372,GRADYS TRUCKSTOP,"I-16, EXIT 111",Pulaski,GA,195,3.46566666,-81.9568000,32.3902000,city_centroid
629,4373,KUM & GO #0043,"I-35, EXIT 43 & SR-207/CRG76",New Virginia,IA,320,3.114,-93.6976000,41.1883000,city_centroid
630,4389,TAYLOR QUIK-PIK,"I-29, EXIT 75 & US-30",Missouri Valley,IA,486,3.399,-95.8913000,41.5644000,city_centroid
631,4395,BREAK TIME #3147,"I-55, EXIT 67 & US-62",Sikeston,MO,275,3.499,-89.5820000,36.8911000,city_centroid
632,4417,TA MORIARITY TRAVEL CENTER,"I-40, EXIT 194",Moriarty,NM,580,3.21733333,-106.0609000,34.9889000,city_centroid
633,4419,CASEYS #3081,"I-35, EXIT 92 & US-136",Bethany,MO,400,3.06066666,-94.0189000,40.2601000,city_centroid
634,4427,CASEYS #2654,"I-80/US-6, EXIT 93 & CR-P28",Stuart,IA,320,3.099,-94.3186000,41.5033000,city_centroid
635,4431,CASEYS #2653,"US-63 & US-30, EXIT 202",Toledo,IA,320,3.349,-92.5662000,42.0077000,city_centroid
636,4437,UNDERWOOD TRUCK STOP I 80,"I-80, EXIT 17",Underwood,IA,319,3.00066666,-95.6270000,41.3603000,city_centroid
637,4441,PILOT TRAVEL CENTERS #51,"I-81 BAILEYTON RD, EXIT 36",Greeneville,TN,405,3.56233333,-82.8492667,36.1818000,city_centroid
638,4442,Minuteman Food Mart #58,US-74/US-76,Delco,NC,245,3.50733333,-78.2607000,34.2838000,city_centroid
639,4445,TA Rogers,"I-94/US-52, EXIT 207 & SR-101",Rogers,MN,448,3.274,-93.5814000,45.1715000,city_centroid
641,4451,PRAIRIE JUNCTION TRUCK STOP,"I-29, EXIT 109 & SR-34",Colman,SD,530,3.099,-96.8189000,43.9558000,city_centroid
642,4452,CASEYS #2867,US-63 & US-20,Waterloo,IA,380,3.499,-92.3347500,42.4839000,city_centroid
643,4458,KUM & GO #1443,"I-80, EXIT 216",Williamsburg,IA,380,3.13066666,-92.0240000,41.6393000,city_centroid
644,4460,EXIT 62 TRUCKSTOP,"I-71, EXIT 62 & US-127",Glencoe,KY,415,3.16566666,-84.8116000,38.7229000,city_centroid
645,4463,QUIKTRIP #7901,"I-20, EXIT 556 & US-69",Lindale,TX,710,2.80733333,-95.4006000,32.5062000,city_centroid
648,4492,3 MILE CORNER TRUCK STOP,US-2 & US-95,Bonners Ferry,ID,970,3.734,-116.3322000,48.7306000,city_centroid
649,4525,STINKER #42,US-12/US-95 & SR-128,Lewiston,ID,970,3.69733333,-116.8609000,46.3646000,city_centroid
650,4528,WENATCHEE VALLEY TRUCK STOP,US-97 ALT,Wenatchee,WA,920,4.199,-120.3188000,47.4244000,city_centroid
651,4528,WENATCHEE VALLEY TRUCK STOP,US-97 ALT,Wenatchee,WA,920,4.119,-120.3188000,47.4244000,city_centroid
652,4528,WENATCHEE VALLEY TRUCK STOP,US-97 ALT,Wenatchee,WA,920,4.089,-120.3188000,47.4244000,city_centroid
655,4555,PILOT TRAVEL CENTERS #406,"I-65, EXIT 22 & US-31A/SR-11",Cornersville,TN,460,3.799,-86.8286000,35.3409000,city_centroid
656,4560,FAST STOP TRAVEL CENTERS #1109,"I-15, EXIT 392",Plymouth,UT,835,3.58233333,-112.1388000,41.8831000,city_centroid
657,4563,PILOT TRAVEL CENTERS #299,"I-55/I-74/US-51, EXIT 160 & US-150/SR-9",Bloomington,IL,280,3.599,-88.9586714,40.4765143,city_centroid
658,4563,PILOT TRAVEL CENTERS #299,"I-55/I-74/US-51, EXIT 160 & US-150/SR-9",Bloomington,IL,280,3.399,-88.9586714,40.4765143,city_centroid
659,4563,PILOT TRAVEL CENTER #299,"I-55/I-74/US-51, EXIT 160 & US-150/SR-9",Bloomington,IL,280,3.399,-88.9586714,40.4765143,city_centroid
660,4563,PILOT TRAVEL CENTERS #299,"I-55/I-74/US-51, EXIT 160 & US-150/SR-9",Bloomington,IL,280,3.499,-88.9586714,40.4765143,city_centroid
661,4563,PILOT TRAVEL CENTER #299,"I-55/I-74/US-51, EXIT 160 & US-150/SR-9",Bloomington,IL,280,3.499,-88.9586714,40.4765143,city_centroid
662,4563,PILOT TRAVEL CENTER #299,"I-55/I-74/US-51, EXIT 160 & US-150/SR-9",Bloomington,IL,280,3.599,-88.9586714,40.4765143,city_centroid
663,4568,ONVO TRAVEL PLAZA,"I-90, EXIT 28",Fultonville,NY,12,3.199,-74.3598000,42.9036000,city_centroid
664,4568,ONVO TRAVEL PLAZA,"I-90, EXIT 28",Fultonville,NY,12,3.159,-74.3598000,42.9036000,city_centroid
665,4569,METROPOLIS TRUCK STOP,"I-24, EXIT 37 & US-45",Metropolis,IL,490,3.599,-88.7252000,37.1753000,city_centroid
666,4574,Circle K #4701432,"I-74, EXIT 174",Mahomet,IL,280,3.669,-88.3928000,40.1964000,city_centroid
667,4582,BIG CHIEF TRUCK STOP,"I-94/US-52, EXIT 61 & US-59/CR-82",Fergus Falls,MN,250,3.23566666,-96.0840000,46.2795000,city_centroid
668,4605,PILOT DEALER #898 SADLERS TRUCK STOP,"I-95, EXIT 11B & US-58",Emporia,VA,180,3.799,-77.5630000,36.6857000,city_centroid
669,4618,OUTPOST TRAVEL CENTER,"I-20, EXIT 5 & US-80",Greenwood,LA,745,2.899,-93.9730000,32.4429000,city_centroid
670,4620,PILOT TRAVEL CENTERS #95,"I-75, EXIT 329 & SR-44",Wildwood,FL,225,3.22566666,-82.0347000,28.8454000,city_centroid
671,4620,PILOT TRAVEL CENTER #95,"I-75, EXIT 329 & SR-44",Wildwood,FL,225,3.319,-82.0347000,28.8454000,city_centroid
672,4622,TA LEE HI TRAVEL PLAZA,"I-81, EXIT 195",Lexington,VA,185,3.659,-79.4581000,37.7885000,city_centroid
673,4628,QUARLES #4601,US-29/US-17/US-15,Warrenton,VA,60,3.32233333,-77.7993667,38.7235667,city_centroid
674,4637,THORNTONS #369 DBA PILOT TRAVEL CENTER #514,"I-55, EXIT 126 & SR-10",Lincoln,IL,318,3.399,-89.3684000,40.1451000,city_centroid
675,4637,THORNTONS #369 DBA PILOT TRAVEL CENTER #514,"I-55, EXIT 126 & SR-10",Lincoln,IL,318,3.499,-89.3684000,40.1451000,city_centroid
676,4637,PILOT TRAVEL CENTER #514 - THORNTONS #369,"I-55, EXIT 126 & SR-10",Lincoln,IL,318,3.499,-89.3684000,40.1451000,city_centroid
677,4637,PILOT TRAVEL CENTER #514 - THORNTONS #369,"I-55, EXIT 126 & SR-10",Lincoln,IL,318,3.399,-89.3684000,40.1451000,city_centroid
678,4642,MARSHAL JUNCTION,"I-70, EXIT 147 & SR-1",Marshall,IL,510,3.199,-87.6923000,39.4220000,city_centroid
679,4642,MARSHAL JUNCTION,"I-70, EXIT 147 & SR-1",Marshall,IL,510,3.399,-87.6923000,39.4220000,city_centroid
680,4644,CIRCLE K #4706703,"I-80, EXIT 145A",Mokena,IL,290,3.399,-87.8911000,41.5342000,city_centroid
681,4644,CIRCLE K #4706703,"I-80, EXIT 145A",Mokena,IL,290,3.339,-87.8911000,41.5342000,city_centroid
682,4654,7-ELEVEN #35087,"I-490, EXIT 2 & SR-33 & SR-19",Bergen,NY,190,4.029,-77.9603000,43.0869000,city_centroid
683,4655,QUICKLEES TRAVEL CENTER,"I-86, EXIT 30 & CR-20",Belmont,NY,190,3.999,-78.0110000,42.2334000,city_centroid
684,4690,PWI #401,"I-20 & I-30, EXIT 1B",Aledo,TX,630,2.799,-97.6039000,32.7004000,city_centroid
686,4704,THE RIDGE,"I-68/US-219, EXIT 14 & US-40",Accident,MD,165,4.199,-79.3085000,39.6355000,city_centroid
687,4707,SMITHTON TRUCKSTOP,"I-70, EXIT 39 & SR-3059",Smithton,PA,165,3.899,-79.7381000,40.1553000,city_centroid
688,4729,MINIT MART #600244,"I-70, EXIT 131",Straughn,IN,457,3.859,-85.2724000,39.8319000,city_centroid
689,4742,FLYING J TRAVEL PLAZA #684,"I-94, EXIT 1 & SR-16",Beach,ND,807,3.96566666,-104.0076710,46.9337900,census
690,4750,BROOKE TRAVEL PLAZA,"I-80, EXIT 259",West Liberty,IA,380,2.98733333,-91.2668000,41.5701000,city_centroid
691,4762,TA MONROE TRAVEL CENTER,"I-75, EXIT 15",Monroe,MI,325,3.349,-83.4583500,41.9186500,city_centroid
692,4762,TA MONROE TRAVEL CENTER,"I-75, EXIT 15",Monroe,MI,325,3.249,-83.4583500,41.9186500,city_centroid
693,4762,TA MONROE TRAVEL CENTER,"I-75, EXIT 15",Monroe,MI,325,3.369,-83.4583500,41.9186500,city_centroid
694,4762,TA MONROE TRAVEL CENTER,"I-75, EXIT 15",Monroe,MI,325,3.299,-83.4583500,41.9186500,city_centroid
695,4806,TRACK AND TRAVEL,"I-20, EXIT 406",Weatherford,TX,630,2.91733333,-97.7728750,32.7799500,city_centroid
696,4818,PILOT TRAVEL CENTER #350,"I-84 & US-20, EXIT 95",Mountain Home,ID,785,3.799,-115.6963000,43.1392000,city_centroid
697,4818,PILOT TRAVEL CENTERS #350,"I-84 & US-20, EXIT 95",Mountain Home,ID,785,3.759,-115.6963000,43.1392000,city_centroid
698,4819,Alta Convenience #6333,"I-25, EXIT 11",Trinidad,CO,803,3.399,-104.5038000,37.2691000,city_centroid
699,4826,I-20 Truck Stop,"I-20, EXIT 165",Lincoln,AL,615,2.999,-86.1112000,33.6059000,city_centroid
700,4827,PETRO BEAUMONT #304,"I-10, EXIT 848",Beaumont,TX,610,3.33066666,-94.1519909,30.0909091,city_centroid
701,4837,SHELL,US-10 & SR-210,Motley,MN,522,3.399,-94.5638000,46.2881000,city_centroid
702,4856,PILOT TRAVEL CENTER #910- TOWN PUMP,"I-90, EXIT 274 & US-287",Three Forks,MT,786,3.59733333,-111.5436000,45.8811000,city_centroid
703,4858,PILOT TRAVEL CENTER #1346,"I-135, EXIT 31",Newton,KS,570,3.3115,-97.3435000,38.0451000,city_centroid
704,4858,PILOT DEALER #1346,"I-135, EXIT 31",Newton,KS,570,3.409,-97.3435000,38.0451000,city_centroid
705,4860,PILOT TRAVEL CENTER #476,"I-74, EXIT 32 & SR-17",Woodhull,IL,270,3.899,-90.2833000,41.1849000,city_centroid
706,4860,PILOT TRAVEL CENTERS #476,"I-74, EXIT 32 & SR-17",Woodhull,IL,270,3.899,-90.2833000,41.1849000,city_centroid
707,4872,TA COMMERCE TRAVEL CENTER,"I-85, EXIT 149 & US-441",Commerce,GA,16,3.21566666,-83.4357667,34.1952333,city_centroid
708,4874,PWI #110,"I-20, EXIT 112 & FM-1936",Odessa,TX,710,3.049,-102.4337030,31.8105880,census
709,4878,SHELL DBA ONE9 #1426,"I-84, EXIT 35",Nampa,ID,785,3.374,-116.6121200,43.6026800,city_centroid
710,4881,PETRO STOPPING CENTER #14,"I-295, EXIT 56",Bordentown,NJ,230,4.029,-74.7032000,40.1431000,city_centroid
711,4885,LOVES TRAVEL STOP #384,"I-70, EXIT 45",Greenville,IL,540,3.689,-89.4052000,38.8933000,city_centroid
712,4885,LOVES TRAVEL STOP #384,"I-70, EXIT 45",Greenville,IL,540,3.749,-89.4052000,38.8933000,city_centroid
713,4887,SUNOCO,"I-80 & I-90, EXIT 3",Wauseon,OH,550,3.699,-84.1537000,41.5668000,city_centroid
714,4894,CLOVERDALE TRAVEL PLAZA,"I-70, EXIT 41 & US-231",Cloverdale,IN,375,3.699,-86.7939000,39.5148000,city_centroid
715,4905,HY-MILER #2204,SR-250,Sandusky,OH,550,3.53233333,-82.7071500,41.4419000,city_centroid
717,4910,PILOT TRAVEL CENTER #892,"I-70 EXIT 164, & US-50",Green River,UT,835,3.68566666,-110.1598000,39.0002000,city_centroid
719,4920,TA LAPLACE,"I-10, EXIT 209 & US-5",La Place,LA,600,3.22733333,-90.4863500,30.0844500,city_centroid
720,4921,PILOT TRAVEL CENTERS #231,"I-75, EXIT 29",Corbin,KY,410,3.609,-84.1026000,36.9359000,city_centroid
721,4927,CIRCLE K #2704886,"I-65, EXIT 205 & US-31/SR-22",Clanton,AL,720,3.20733333,-86.5937500,32.8792000,city_centroid
722,4933,VILLAGE TRUCK STOP,"I-81, EXIT 18",Rural Retreat,VA,185,3.299,-81.2879000,36.8836000,city_centroid
723,4977,KWIK TRIP #331,SR-54,Wisconsin Rapids,WI,395,3.26233333,-89.8645000,44.3819500,city_centroid
724,4981,JOHNNYS MARKET,"I-94, EXIT 110 & US-27",Marshall,MI,385,3.499,-84.9583000,42.2720000,city_centroid
725,4983,KWIK TRIP #603,"I-94, EXIT 28 & SR-128",Wilson,WI,451,3.549,-92.1965000,44.9466000,city_centroid
726,4996,ZIP TRIP #54,"I-90, EXIT 452",Billings,MT,780,3.59066666,-108.5363667,45.8148833,city_centroid
727,5003,TRAILWAY TRUCK STOP,US-301/SR-304,Centreville,MD,22,3.259,-76.0450000,39.0564000,city_centroid
728,5006,SUNOCO,US-1/US-9,Linden,NJ,79,3.799,-74.2556000,40.6354000,city_centroid
729,5024,I 55 MOTOR PLAZA,"I-55, EXIT 180",Pevely,MO,540,2.99066666,-90.4111000,38.2799000,city_centroid
730,5030,YESWAY #1030,US-63 & E MARY ST,Ottumwa,IA,320,3.399,-92.4098000,41.0309000,city_centroid
731,5044,TA MOUNT VERNON TRAVEL CENTER,"I-44, EXIT 46 & SR-39/SR265",Mount Vernon,MO,535,3.409,-93.7976000,37.1045000,city_centroid
732,5050,ROCK PORT TRUCK PLAZA,"I-29 & US-136, EXIT 110",Rock Port,MO,400,3.099,-95.5274000,40.4306000,city_centroid
733,5056,TREX MART #16,"I-35, EXIT, 61 & US-69",Winston,MO,276,3.119,-94.1487000,39.8499000,city_centroid
734,5057,PHILLIPS 66,"I-35, EXIT 54 & I-35 BUS/US-36",Cameron,MO,276,3.099,-94.2437000,39.7309000,city_centroid
736,5064,CLARK OIL #44,"I-59, EXIT 97",Laurel,MS,620,2.879,-89.0808000,31.7073000,city_centroid
737,5079,FASTLANE TAYLOR 63,US-61 & SR-6,Taylor,MO,494,3.01566666,-91.5278000,39.9145000,city_centroid
738,5085,K AN T TRUCKSTOP,"I-79, EXIT 137 & SR-310",Fairmont,WV,165,3.399,-80.2199000,39.5042000,city_centroid
739,5111,CIRCLE K #2723385,"I-59, EXIT 67 & US-49/SR-42",Hattiesburg,MS,620,3.149,-89.3403000,31.2882750,city_centroid
740,5117,CIRCLE K #4702361,"I-65, EXIT 130 & SR-334",Whitestown,IN,375,3.29233333,-86.3507000,40.0000000,city_centroid
741,5128,CASEYS #2769,"I-80, EXIT 220 & SR-149",Williamsburg,IA,380,3.14233333,-92.0240000,41.6393000,city_centroid
742,5131,TRAILS END TRUCK STOP,"I-29, EXIT 110 & US-136",Rock Port,MO,486,3.40566666,-95.5274000,40.4306000,city_centroid
743,5132,Travel Centers of America,"I-44, EXIT 208 & SR-19",Cuba,MO,574,3.26566666,-91.4081000,38.0926000,city_centroid
744,5160,FUEL MART #727,"I-70, EXIT 193",Quaker City,OH,249,3.16566666,-81.2899000,39.9866000,city_centroid
745,5163,Blue Sky #733,"US-78, EXIT 81 & SR-178",Belden,MS,742,2.939,-88.8462000,34.3057000,city_centroid
746,5165,ONE9 #046,"I-65, EXIT 6 & SR-100",Franklin,KY,415,3.08566666,-86.5736000,36.7238500,city_centroid
747,5167,SPEEDWAY #7575,"I-65, EXIT 255",Hobart,IN,290,3.63233333,-87.2525000,41.5263000,city_centroid
748,5170,FLYING J #516,"I-76, EXIT 161 & I-70",Breezewood,PA,14,5.099,-78.2453000,39.9905000,city_centroid
749,5183,PETRO STOPPING CENTER #74,I-95 & EXIT 106,Kenly,NC,205,3.709,-78.1382000,35.6077000,city_centroid
750,5191,NORTH POINT PLAZA,"I-90 & I-94, EXIT 115",Poynette,WI,420,3.17233333,-89.4189000,43.4013000,city_centroid
751,5202,Chevron #306185,US-30,Montpelier,ID,825,3.699,-111.3195000,42.3520000,city_centroid
752,5203,OASIS TRAVEL CENTER,"I-10, EXIT 53",Robertsdale,AL,715,3.469,-87.6373000,30.5616000,city_centroid
753,5207,JJ TRAVEL PLAZA,"I-70, EXIT 70 & US-83",Oakley,KS,525,3.61566666,-100.8580000,39.1121000,city_centroid
754,5227,PILOT TRAVEL CENTERS #900,"I-95, EXIT 75",Dunn,NC,205,3.709,-78.6120000,35.3114000,city_centroid
755,5230,ONE9 #496,"I-80, EXIT 265",Atalissa,IA,270,3.01566666,-91.1748000,41.5614000,city_centroid
756,5232,CM EUNICE,US-190,Eunice,LA,730,3.399,-92.3985000,30.5116000,city_centroid
757,5234,SINCLAIR,SR-37,Monett,MO,277,3.29066666,-93.9258000,36.9212000,city_centroid
758,5236,FLYING J #875,"I-95, EXIT 109",Elkton,MD,243,4.199,-75.8395500,39.6166000,city_centroid
759,5245,CASEYS #3842,US-36 & US-283,Norton,KS,357,3.15733333,-99.8878000,39.8407000,city_centroid
760,5247,EDGERTON TRAVEL PLAZA,"I-90, EXIT 160 & US-51",Edgerton,WI,420,3.199,-89.0642000,42.8386000,city_centroid
761,5249,Taylor's Stateline Travel Center,US-67 & SR-278,Neelyville,MO,275,2.999,-90.4995000,36.5710000,city_centroid
762,5254,TA CANDLER TRAVEL CENTER,"I-40, EXIT 37",Candler,NC,210,3.799,-82.7001000,35.5376000,city_centroid
763,5255,7-ELEVEN #35788,"I-35, EXIT 215",Olathe,KS,400,3.339,-94.8092000,38.8865667,city_centroid
764,5258,PT TRUCK STOP,"I-12, EXIT 42",Hammond,LA,623,3.249,-90.4752250,30.5072000,city_centroid
765,5282,CASEYS #3548,US-54 & US-61,Pratt,KS,357,3.14066666,-98.7300000,37.6502000,city_centroid
766,5285,TULLO TRUCK STOP,"I-95, EXIT 15E & US-1/US-9",Kearny,NJ,79,3.799,-74.1113000,40.7487500,city_centroid
767,5297,ERNIES TRUCK STOP,"I-90, EXIT 179 & I-90 BUS/SR-17",Moses Lake,WA,920,3.999,-119.2891000,47.1374000,city_centroid
768,5297,ERNIES TRUCK STOP,"I-90, EXIT 179 & I-90 BUS/SR-17",Moses Lake,WA,920,3.949,-119.2891000,47.1374000,city_centroid
769,5297,ERNIES TRUCK STOP,"I-90, EXIT 179 & I-90 BUS/SR-17",Moses Lake,WA,920,4.179,-119.2891000,47.1374000,city_centroid
770,5299,Sudden Service #62,"I-65, EXIT 6 & SR-100",Franklin,KY,460,3.084,-86.5736000,36.7238500,city_centroid
771,5302,ONE9 #258,"I-81, EXIT 150 & US-220 ALT & US-11",Troutville,VA,185,3.03233333,-79.8786000,37.4019000,city_centroid
772,5306,PILOT TRAVEL CENTERS #11,"I-76, EXIT 232",North Lima,OH,573,3.799,-80.6549000,40.9649000,city_centroid
773,5309,NEWBORN TRUCK STOP,I-20 EXIT 5,Tallapoosa,GA,48,3.40733333,-85.3000000,33.7602000,city_centroid
774,5310,FLYING J #576,"I-35, EXIT 69",Northfield,MN,515,3.859,-93.1668000,44.4587000,city_centroid
775,5324,HY-MILER #2245,SR-53,Fremont,OH,550,3.38233333,-83.1181000,41.3498000,city_centroid
776,5341,KWIK STAR #1160,"US-75, EXIT 118 & SR-3",Le Mars,IA,408,3.299,-96.1704000,42.7962000,city_centroid
777,5349,JET FOOD STORE #17,US-1/SR=4/SR-540 & US-220/SR-47,Wrens,GA,135,3.41566666,-82.3810000,33.2104000,city_centroid
778,5363,SPEEDWAY #6767,"I-75, EXIT 20",Manheim,PA,70,4.499,-76.4168000,40.1702000,city_centroid
779,5389,FLYING J TRAVEL PLAZA #744,"I-15, EXIT 343",Ogden,UT,835,3.749,-111.9692778,41.2324889,city_centroid
780,5391,PWI #605,"I-10, EXIT 378",San Simon,AZ,640,2.959,-109.1748000,32.0423000,city_centroid
781,5399,FLYING J TRAVEL PLAZA #750,"I-81 & I-77, EXIT 80",Max Meadows,VA,185,3.549,-80.9244000,36.9056000,city_centroid
782,5407,CASEYS #4535,US 81,Concordia,KS,570,2.91233333,-97.6568000,39.5516000,city_centroid
783,5414,One9 #1216,"I-10 ,EXIT 200 & SR-84",Eloy,AZ,930,3.199,-111.5833000,32.7509000,city_centroid
784,5414,Pride Travel Center dba One9 #1216,"I-10 ,EXIT 200 & SR-84",Eloy,AZ,930,3.199,-111.5833000,32.7509000,city_centroid
786,5422,K AND H TRUCK PLAZA,"I-57, EXIT 283 & US-24",Gilman,IL,290,3.159,-87.9933000,40.7680000,city_centroid
787,5422,K AND H TRUCK PLAZA,"I-57, EXIT 283 & US-24",Gilman,IL,290,3.099,-87.9933000,40.7680000,city_centroid
788,5424,WK TRUCK STOP,"US-231 & SR-9001, EXIT 75",Beaver Dam,KY,340,3.399,-86.8729000,37.3870000,city_centroid
789,5435,MEADE AUTO AND TRUCK PLAZA,US-54,Meade,KS,525,3.799,-100.3364000,37.2821000,city_centroid
790,5436,PARKWAY MARATHON,"US-79, EXIT 94",Caneyville,KY,415,3.73233333,-86.4702000,37.4222000,city_centroid
792,5462,BOOZER KWIK STOP,"I-15, EXIT 118",Idaho Falls,ID,825,3.44733333,-111.9924600,43.4920000,city_centroid
793,5464,PILOT TRAVEL CENTERS #48,"I-65, EXIT 86",Glendale,KY,415,3.609,-85.8921000,37.6034000,city_centroid
794,5474,One9 #88,"I-95/SR-9, EXIT 201 & SR-520",Cocoa,FL,143,3.37566666,-80.7693000,28.3898000,city_centroid
795,5477,CHEVRON #383766,"I-5, EXIT 216",Halsey,OR,935,3.099,-123.1251000,44.3862000,city_centroid
796,5479,PILOT TRAVEL CENTERS #94,"I-75, EXIT 161",Punta Gorda,FL,225,3.799,-82.0014333,26.9356667,city_centroid
797,5479,PILOT TRAVEL CENTER #94,"I-75, EXIT 161",Punta Gorda,FL,225,3.799,-82.0014333,26.9356667,city_centroid
798,5491,49ER FUEL CENTER,"I-75, EXIT 49",East Bernstadt,KY,410,2.999,-84.1380000,37.2488000,city_centroid
799,5492,BFS FOODS #68,"I-70, EXIT 3",Hancock,MD,22,4.129,-78.1762000,39.6991000,city_centroid
800,5522,ONE9 #301,"I-55, EXIT 40",Marston,MO,275,3.109,-89.6126000,36.5190000,city_centroid
801,5523,TA LIMON TRAVEL CENTER,"I-70, EXIT 359 & US-24",Limon,CO,800,3.92066666,-103.6889000,39.2676000,city_centroid
802,5529,FLYING J #549,"I-77, EXIT 100 & 101",Mount Airy,NC,65,3.599,-80.6119000,36.5007000,city_centroid
803,5537,HUCKS TRAVEL CENTER #51 DBA FLYING J #889,"I-57/I-64, EXIT 95 & SR-15",Mount Vernon,IL,574,3.459,-88.9105000,38.3170000,city_centroid
804,5537,HUCKS TRAVEL CENTER #51 dba FLYING J #889,"I-57/I-64, EXIT 95 & SR-15",Mount Vernon,IL,574,3.499,-88.9105000,38.3170000,city_centroid
805,5537,HUCKS TRAVEL CENTER #51 DBA FLYING J #889,"I-57/I-64, EXIT 95 & SR-15",Mount Vernon,IL,574,3.359,-88.9105000,38.3170000,city_centroid
806,5537,HUCKS TRAVEL CENTER #51 DBA FLYING J #889,"I-57/I-64, EXIT 95 & SR-15",Mount Vernon,IL,574,3.599,-88.9105000,38.3170000,city_centroid
807,5537,HUCKS TRAVEL CENTER #51 dba FLYING J #889,"I-57/I-64, EXIT 95 & SR-15",Mount Vernon,IL,574,3.399,-88.9105000,38.3170000,city_centroid
808,5554,Southfork TRUCK STOP,"I-30, EXIT 63 & SR-53",Gurdon,AR,635,3.459,-93.1417000,33.9125000,city_centroid
809,5560,MIDWAY TRAVEL PLAZA,I-70 EXIT 121 & US-40,Columbia,MO,310,3.539,-92.3307000,38.9650286,city_centroid
810,5569,TA EXPRESS NORWOOD #0450,US-60,Norwood,MO,535,3.449,-92.4082000,37.0687000,city_centroid
811,5570,PETRO STOPPING CENTER #310,"I-12, EXIT 40 & US-51 BUS",Hammond,LA,725,3.249,-90.4752250,30.5072000,city_centroid
812,5579,SAPP BROS TRAVEL CENTER,US-30,Columbus,NE,486,3.219,-97.3684000,41.4297000,city_centroid
814,5597,CM LAKE CHARLES FUEL STOP 36,"I-10, EXIT 36 & SR-397",Lake Charles,LA,690,3.299,-93.2075833,30.2278167,city_centroid
815,5601,BP,"I-24, EXIT 16",Paducah,KY,490,3.429,-88.6563667,37.0619000,city_centroid
816,5603,TA NORTH CANTON TRAVEL CENTER,"I-77, EXIT 111",North Canton,OH,249,3.624,-81.3784000,40.7989000,city_centroid
817,5606,FLYING J #511,"I-94, EXIT 147",Mandan,ND,273,3.95233333,-100.9092000,46.8306000,city_centroid
818,5607,RICE MART,"I-45 & FM 1603, EXIT 238",Rice,TX,630,3.019,-96.4606000,32.2258000,city_centroid
819,5608,SHOP A LOTT #3,US-84 & US-171,Mansfield,LA,766,3.13566666,-93.6980000,32.0239000,city_centroid
820,5613,CHEVRON #381108,"I-82, EXIT 36",Yakima,WA,925,3.999,-120.6265833,46.5916333,city_centroid
821,5618,MCCLURE OIL #52,"I-65/US-52, EXIT 140 & SR-32",Lebanon,IN,375,3.584,-86.4641000,40.0449000,city_centroid
822,5649,Fast Stop,"I-10, EXIT 182 & SR-22",Sorrento,LA,623,3.699,-90.8631000,30.1854000,city_centroid
823,5651,LOVES TRAVEL STOP #303,"I-64, EXIT 43 & SR-395",Waddy,KY,415,3.749,-85.1288000,38.1054000,city_centroid
824,5659,TEX-BEST #526,US-59 & US-281,George West,TX,625,3.299,-98.1162000,28.3204000,city_centroid
825,5660,Pride Convenience Store,"I-90, EXIT 51 & I-291",Chicopee,MA,100,3.509,-72.5858000,42.1723000,city_centroid
826,5661,TA Express #287,"I-40, EXIT 288 & SR-111",Cookeville,TN,460,3.299,-85.4949000,36.1875000,city_centroid
827,5667,PILOT TRAVEL CENTERS #393,"I-40, EXIT 24 & SR-209",Waynesville,NC,210,3.759,-82.9816000,35.5174000,city_centroid
828,5669,KWIK TRIP #497,I-90 EXIT 266 & CR-12,Dakota,MN,515,3.474,-91.3940000,43.9148000,city_centroid
829,5670,TA MOUNT VERNON TRAVEL CENTER,"I-57 & I-64, EXIT 95",Mount Vernon,IL,574,3.449,-88.9105000,38.3170000,city_centroid
830,5670,TA MOUNT VERNON TRAVEL CENTER,"I-57 & I-64, EXIT 95",Mount Vernon,IL,574,3.499,-88.9105000,38.3170000,city_centroid
831,5670,TA MOUNT VERNON TRAVEL CENTER,"I-57 & I-64, EXIT 95",Mount Vernon,IL,574,3.539,-88.9105000,38.3170000,city_centroid
832,5674,TA MADISON TRAVEL CENTER,"I-20, EXIT 114 & US-441",Madison,GA,16,3.89066666,-83.4618000,33.5947000,city_centroid
833,5677,YESWAY #1178,CR-13,Kadoka,SD,506,3.189,-101.5523000,43.8446000,city_centroid
834,5691,Pilot Travel Center #666,"I-94, EXIT 30",Benton Harbor,MI,465,3.059,-86.4388000,42.1126500,city_centroid
835,5700,BEACON & BRIDGE #18,US-131 BUS,Big Rapids,MI,456,3.559,-85.4797000,43.6897000,city_centroid
836,5700,BEACON & BRIDGE #18,US-131 BUS,Big Rapids,MI,456,3.319,-85.4797000,43.6897000,city_centroid
837,5700,BEACON & BRIDGE #18,US-131 BUS,Big Rapids,MI,456,3.339,-85.4797000,43.6897000,city_centroid
838,5718,TOOT N TOTUM #104,US-287,Dalhart,TX,585,3.199,-102.5177000,36.0732000,city_centroid
839,5721,TA BALTIMORE SOUTH TRAVEL CENTER,"I-95, EXIT 41A & SR-175 & US-1",Jessup,MD,22,4.599,-76.7922000,39.1484000,city_centroid
840,5729,MENOMONIE FARMERS UNION,"I-94, EXIT 45 & CR-B",Menomonie,WI,295,3.649,-91.9265000,44.8718000,city_centroid
841,5730,SCOTTS QUICK STOP,SR-53 & SR-46,Marlette,MI,342,3.399,-83.0573000,43.3399000,city_centroid
842,5739,PILOT TRAVEL CENTERS #284,"I-75, EXIT 18",Monroe,MI,325,3.399,-83.4583500,41.9186500,city_centroid
843,5739,PILOT TRAVEL CENTERS #284,"I-75, EXIT 18",Monroe,MI,325,3.299,-83.4583500,41.9186500,city_centroid
844,5739,PILOT TRAVEL CENTERS #284,"I-75, EXIT 18",Monroe,MI,325,3.559,-83.4583500,41.9186500,city_centroid
845,5739,PILOT TRAVEL CENTERS #284,"I-75, EXIT 18",Monroe,MI,325,3.249,-83.4583500,41.9186500,city_centroid
846,5739,PILOT TRAVEL CENTERS #284,"I-75, EXIT 18",Monroe,MI,325,3.439,-83.4583500,41.9186500,city_centroid
847,5751,TA LAKE PARK TRAVEL CENTER,"I-75, EXIT 2",Lake Park,GA,20,3.31566666,-83.1753000,30.6906000,city_centroid
848,5754,ROAD TRIP OASIS PERRY,"I-69, EXIT 105 & SR-52",Perry,MI,406,3.799,-84.2313000,42.8200000,city_centroid
849,5754,ROAD TRIP OASIS PERRY,"I-69, EXIT 105 & SR-52",Perry,MI,406,3.699,-84.2313000,42.8200000,city_centroid
850,5758,SPEEDY Q MARKET #8206,"I-94, EXIT 274",Port Huron,MI,325,3.899,-82.4424000,42.9833500,city_centroid
851,5770,Kwik Trip # 1281,"I-43, EXIT 107",Belgium,WI,444,3.25566666,-87.8509000,43.4995000,city_centroid
852,5771,DUNES AUTO TRUCK PLAZA,"I-94, EXIT 12",Sawyer,MI,465,3.499,-86.5885000,41.8829000,city_centroid
853,5771,DUNES AUTO TRUCK PLAZA,"I-94, EXIT 12",Sawyer,MI,465,3.599,-86.5885000,41.8829000,city_centroid
854,5774,PJ TRAVEL PLAZA,"I-80, EXIT 192 & SR-880",Loganton,PA,138,3.479,-77.3204000,41.0283000,city_centroid
855,5780,BILLS TRUCKSTOP,"I-85, EXIT 86",Linwood,NC,65,3.449,-80.3749000,35.7562000,city_centroid
856,5799,STAPLES OIL,"I-90, EXIT 146",Alden,MN,425,3.299,-93.5823000,43.6466000,city_centroid
857,5801,TA WYTHEVILLE TRAVEL CENTER,"I-81, EXIT 72 & I-77, EXIT 41",Wytheville,VA,185,3.519,-81.0941000,36.9407000,city_centroid
858,5821,TA PORTLAND TRAVEL CENTER,"I-5, EXIT 278",Aurora,OR,935,4.03233333,-122.8039000,45.2284000,city_centroid
859,5823,ENMARKET #863,"I-95, EXIT 8 & SR-88",Hardeeville,SC,195,3.08233333,-81.0669000,32.2635000,city_centroid
860,5830,115 TRUCKSTOP #5001,"I-94, EXIT 115",Marshall,MI,431,3.429,-84.9583000,42.2720000,city_centroid
861,5830,115 TRUCKSTOP #5001,"I-94, EXIT 115",Marshall,MI,431,3.499,-84.9583000,42.2720000,city_centroid
862,5830,115 TRUCKSTOP #5001,"I-94, EXIT 115",Marshall,MI,431,3.589,-84.9583000,42.2720000,city_centroid
863,5842,PETRO STOPPING CENTER #6367,"I-57, EXIT 335",Monee,IL,290,3.459,-87.7748000,41.4191000,city_centroid
864,5842,PETRO STOPPING CENTER #6367,"I-57, EXIT 335",Monee,IL,290,3.499,-87.7748000,41.4191000,city_centroid
865,5842,PETRO STOPPING CENTER #6367,"I-57, EXIT 335",Monee,IL,290,3.399,-87.7748000,41.4191000,city_centroid
866,5860,SPEEDWAY #4610,"I-35, EXIT 59 & SR-21",Faribault,MN,448,3.759,-93.2818000,44.2945000,city_centroid
867,5873,SOUTHERN VALLEY COOP,ST 14 BYPASS,Mankato,MN,425,3.499,-94.0331333,44.1767000,city_centroid
868,5901,ROTHSAY TRUCK STOP,"I-94, EXIT 38",Rothsay,MN,341,3.209,-96.2887000,46.5094000,city_centroid
869,5903,Circle K #2746447,I-94/US-52 EXIT 127 & US-71/SR-28,Sauk Centre,MN,250,3.189,-94.9682000,45.7281000,city_centroid
870,5907,SPEEDWAY #4035,CR-101,Shakopee,MN,448,3.599,-93.5197000,44.7793000,city_centroid
871,5909,SINCLAIR,"I-90, EXIT 233",Saint Charles,MN,515,3.529,-92.0517000,43.9585000,city_centroid
872,5927,HARRISONBURG TRAVEL CENTER,"I-81, EXIT 243 & US-11",Harrisonburg,VA,185,2.899,-78.8581000,38.4574750,city_centroid
873,5935,WESTHAMPTON VALERO,I-295 EXIT 47A,Mount Holly,NJ,160,3.329,-74.7896000,40.0086000,city_centroid
874,5942,EXPRESS MART TRUCK STOP,"I-55, EXIT 185 & US-67/US-61",Barnhart,MO,540,2.99733333,-90.4142000,38.3384000,city_centroid
875,5944,LAKE MILLS TRAVEL PLAZA,"I-94, EXIT 259 & SR- 89/CR-G",Lake Mills,WI,420,3.36066666,-88.9133000,43.0816000,city_centroid
876,5946,PILOT TRAVEL CENTERS #918,I-90 EXIT 55,Rapid City,SD,506,3.999,-103.2643750,44.0673000,city_centroid
877,5949,EXXON,US-59 & LOOP 151,Texarkana,TX,723,3.16566666,-94.0935000,33.4414250,city_centroid
878,5951,ROAD RANGER #157,I-64 EXIT 41,Okawville,IL,540,3.799,-89.5230000,38.4319000,city_centroid
879,5963,OZONA ONE STOP,"I-10, EXIT 372",Ozona,TX,710,2.98233333,-101.2388000,30.7164000,city_centroid
880,5965,TRUCK TOWNE,I-29 EXIT 47 & SR-46,Beresford,SD,572,3.159,-96.7813000,43.0874000,city_centroid
881,5971,WACO TRAVEL CENTER,SR-19,Perry,FL,20,3.699,-83.6377000,30.0666500,city_centroid
882,5979,TA LAFAYETTE TRAVEL CENTER,"I-10 & SR-182, EXIT 101",Lafayette,LA,600,3.134,-92.0315600,30.2072500,city_centroid
883,5980,THRIFT MART TRUCK PLAZA,"I-85/US-460, EXIT 63A & US-1/US-460 BUS",Petersburg,VA,180,3.199,-77.4198667,37.1996667,city_centroid
884,5990,360 TRUCK STOP,US-360,Amelia Court House,VA,180,3.599,-77.9841000,37.3428000,city_centroid
885,5996,Fast Stop Travel Centers #1134,"I-80/US-30, EXIT 99 & US-191/SR-373",Rock Springs,WY,827,3.499,-109.2164500,41.5967500,city_centroid
886,5999,PILOT TRAVEL STOP #492,"I-30, EXIT 78 & SR-7",Arkadelphia,AR,635,3.559,-93.0614000,34.1181000,city_centroid
887,5999,PILOT TRAVEL CENTER #492,"I-30, EXIT 78 & SR-7",Arkadelphia,AR,635,3.499,-93.0614000,34.1181000,city_centroid
889,6009,CASEYS #2652,US-65 & US-36,Chillicothe,MO,400,3.289,-93.5509000,39.7966000,city_centroid
890,6010,SEGOVIA TRUCK STOP,"I-10, EXIT 465",Junction,TX,739,2.999,-99.7473000,30.4754000,city_centroid
891,6018,TA BLOOMINGTON TRAVEL CENTER,"I-55, I-74 & I-39 , EXIT 160",Bloomington,IL,280,3.619,-88.9586714,40.4765143,city_centroid
892,6018,TA BLOOMINGTON TRAVEL CENTER,"I-55, I-74 & I-39 , EXIT 160",Bloomington,IL,280,3.649,-88.9586714,40.4765143,city_centroid
893,6018,TA BLOOMINGTON TRAVEL CENTER,"I-55, I-74 & I-39 , EXIT 160",Bloomington,IL,280,3.599,-88.9586714,40.4765143,city_centroid
894,6018,TA BLOOMINGTON TRAVEL CENTER,"I-55, I-74 & I-39 , EXIT 160",Bloomington,IL,280,3.449,-88.9586714,40.4765143,city_centroid
895,6018,TA BLOOMINGTON TRAVEL CENTER,"I-55, I-74 & I-39 , EXIT 160",Bloomington,IL,280,3.539,-88.9586714,40.4765143,city_centroid
896,6033,EMERY'S,US-54,Deerfield,MO,277,3.349,-94.5608000,37.8197000,city_centroid
897,6037,CRYSTAL OIL,"I-129/US-20/US-75, EXIT 2",South Sioux City,NE,527,3.549,-96.4182000,42.4656000,city_centroid
898,6041,COCKERHAM FUEL CENTER #4,"I-77, EXIT 14 & US-58/US-221",Hillsville,VA,185,3.28233333,-80.7197000,36.7442000,city_centroid
899,6047,FAST LANE #26,US-61,Eolia,MO,494,3.099,-91.0093000,39.2431000,city_centroid
900,6051,CIRCLE K #2709846,"I-25, EXIT 240",Longmont,CO,800,3.05733333,-105.0789000,40.1579000,city_centroid
901,6057,PILOT TRAVEL CENTER #903,"I-70/US-40, EXIT 252",Salina,KS,523,3.759,-97.6267500,38.8320000,city_centroid
902,6057,PILOT TRAVEL CENTERS #903,"I-70/US-40, EXIT 252",Salina,KS,523,3.779,-97.6267500,38.8320000,city_centroid
903,6058,MOTOR INN AUTO TRUCK STOP,I-75 EXIT 110,Mendon,OH,370,3.199,-84.5152000,40.6777000,city_centroid
904,6068,AYERCO #24,US-61 & CR MM,Hannibal,MO,494,3.099,-91.3839000,39.7064000,city_centroid
905,6082,Palmetto Truck Plaza,US-27/SR-25 & SR-826,Hialeah,FL,95,3.399,-80.3107250,25.8800125,city_centroid
906,6083,BP,"I-35, EXIT 33",Holt,MO,400,3.049,-94.3689000,39.4289000,city_centroid
907,6087,BREAK TIME #3173,US-54 & CR-HH,Fulton,MO,310,3.299,-91.9605000,38.8518000,city_centroid
908,6093,ONE9 #901,"I-80 & US-183, EXIT 257",Elm Creek,NE,330,2.96566666,-99.3728000,40.7301000,city_centroid
909,6096,Waverly Travel Center,US-23,Waverly,OH,315,3.41566666,-83.0049000,39.1264000,city_centroid
910,6097,SAPP BROS TRAVEL CENTER,"I-80, EXIT 263",Elm Creek,NE,330,3.18733333,-99.3728000,40.7301000,city_centroid
911,6106,TA HUNTINGTON,"I-84, EXIT 353",Huntington,OR,982,3.639,-117.3097000,44.3811000,city_centroid
912,6111,HAWGS EXXON,US-167/SR-25,Batesville,AR,418,3.359,-91.5847500,35.7586000,city_centroid
913,6150,CIRCLE K #2723707,"I-81, EXIT 150",Troutville,VA,65,3.06566666,-79.8786000,37.4019000,city_centroid
914,6154,TA MOBILE TRAVEL CENTER,"I-10, EXIT 4",Grand Bay,AL,715,3.13566666,-88.3282000,30.4983000,city_centroid
915,6164,PILOT TRAVEL CENTER #268,"I-80/US-6, EXIT 284",Walcott,IA,270,3.859,-90.7256000,41.6453000,city_centroid
916,6164,PILOT TRAVEL CENTERS #268,"I-80/US-6, EXIT 284",Walcott,IA,270,3.88566666,-90.7256000,41.6453000,city_centroid
917,6165,TEMP STOP #117,I-70 & GRAIN VALLEY RD EXIT 24,Grain Valley,MO,400,2.959,-94.2087000,39.0274000,city_centroid
918,6167,PILOT TRAVEL CENTERS #167,US-71,Nevada,MO,277,3.49566666,-94.3571000,37.8409000,city_centroid
919,6172,SPEEDWAY #2319,"I-96, EXIT 77",Portland,MI,431,3.699,-84.9139000,42.8624000,city_centroid
920,6172,SPEEDWAY #2319,"I-96, EXIT 77",Portland,MI,431,3.549,-84.9139000,42.8624000,city_centroid
921,6173,PILOT TRAVEL CENTERS #21,"I-94, EXIT 167",Dexter,MI,325,3.659,-83.9000000,42.3583000,city_centroid
922,6173,PILOT TRAVEL CENTERS #21,"I-94, EXIT 167",Dexter,MI,325,3.599,-83.9000000,42.3583000,city_centroid
923,6173,PILOT TRAVEL CENTERS #21,"I-94, EXIT 167",Dexter,MI,325,3.579,-83.9000000,42.3583000,city_centroid
924,6173,PILOT TRAVEL CENTERS #21,"I-94, EXIT 167",Dexter,MI,325,3.649,-83.9000000,42.3583000,city_centroid
925,6175,ONVO TRAVEL PLAZA - MIFFLINTOWN,US-322/US-22 & SR-35,Mifflintown,PA,138,3.479,-77.3761000,40.5727000,city_centroid
926,6179,HENDERSON TRAVEL PLAZA,"I-10, EXIT 115 & SR-347",Breaux Bridge,LA,690,3.38566666,-91.8296000,30.2948000,city_centroid
927,6180,Circle #4703923,"I-24, EXIT 180B & US-27",Chattanooga,TN,285,2.78566666,-85.2769687,35.0403375,city_centroid
928,6182,Exxon,"I-20, EXIT 205 & SR-46",Heflin,AL,587,3.01566666,-85.5885000,33.6115000,city_centroid
929,6188,SIGNAL FOOD STORE #112,US-65 & SR-J,Ozark,MO,535,2.999,-93.2022000,37.0169000,city_centroid
930,6198,DAVIS TRAVEL CENTER #102,"I-95/US-301, EXIT 33 & SR-602",Stony Creek,VA,180,3.06566666,-77.4443000,36.9361000,city_centroid
931,6200,KWIK FILL #388,"I-80, EXIT 29 & SR-8",Harrisville,PA,165,3.404,-79.9796000,41.1631000,city_centroid
932,6206,PETRO PORTAGE,"I-90 & I-94, EXIT 108-A",Portage,WI,420,3.80733333,-89.4714000,43.5501000,city_centroid
933,6212,MR FUEL,"I-55, EXIT 180",Pevely,MO,540,3.01566666,-90.4111000,38.2799000,city_centroid
934,6214,PIONEER Travel Plaza,"I-41, EXIT 60 & SR-145",Richfield,WI,444,3.21566666,-88.2155000,43.2739000,city_centroid
935,6215,FUEL HUB,"I-87, EXIT 21B",West Coxsackie,NY,12,3.599,-73.8283000,42.4029000,city_centroid
936,6218,LOVES TRAVEL STOP #215,"I-40, EXIT 16 & US-40 BUS/US-66",Gallup,NM,580,3.43733333,-108.7515000,35.4948333,city_centroid
937,6219,SCHATZ CROSSROADS,US-2 /US-52,Minot,ND,452,3.549,-101.3029000,48.2593750,city_centroid
939,6222,QUIKTRIP #236,"I-29/US-71, EXIT 18 & SR-92",Platte City,MO,400,2.999,-94.7890000,39.3602000,city_centroid
941,6229,FUEL MART #764,"I-70, EXIT 66 & SR- 54",South Vienna,OH,315,3.129,-83.6157000,39.9473000,city_centroid
942,6232,OASIS TRUCK STOP,"I-44 & SR-133, MM 145",Richland,MO,416,3.324,-92.3962000,37.8528000,city_centroid
943,6242,TA FORISTELL TRAVEL CENTER,"I-70, EXIT 203",Foristell,MO,540,3.019,-90.9343000,38.7626000,city_centroid
944,6243,GARDEN INN TRAVEL PLAZA,US-60/US-63,Cabool,MO,535,3.299,-92.1144000,37.1314000,city_centroid
945,6251,BREAUX BRIDGE VALERO #1408,"I-10 & SR-347, EXIT 115",Breaux Bridge,LA,730,3.499,-91.8296000,30.2948000,city_centroid
946,6252,PILOT TRAVEL CENTERS #12,I-80 & I-90 EXIT 71,Perrysburg,OH,550,3.759,-83.6099500,41.5499500,city_centroid
947,6258,CASEYS #6342,"I-29, EXIT 144 & US-169",Saint Joseph,MO,400,3.169,-94.8366500,39.7495250,city_centroid
948,6271,TA DENTON TRAVEL CENTER,"I-35, EXIT 471 & US-77",Denton,TX,630,3.254,-97.1196400,33.2053900,city_centroid
949,6275,TA SEATTLE EAST TRAVEL CENTER,"I-90, EXIT 34",North Bend,WA,962,3.959,-121.7571000,47.4755000,city_centroid
950,6275,TA SEATTLE EAST TRAVEL CENTER,"I-90, EXIT 34",North Bend,WA,962,3.899,-121.7571000,47.4755000,city_centroid
951,6275,TA SEATTLE EAST TRAVEL CENTER,"I-90, EXIT 34",North Bend,WA,962,3.859,-121.7571000,47.4755000,city_centroid
952,6284,7-ELEVEN #40513,I-90/80-IN TOLL RD MM 22W,Portage,IN,365,3.999,-87.1757000,41.5672000,city_centroid
953,6286,APPLE MARKET #526,"I-64, EXIT 94",Winchester,KY,410,2.91566666,-84.1793000,37.9886500,city_centroid
954,6290,FUEL KING NAPOLEON TRAVEL CENTER,"US-6/US-24/SR/CR-3, EXIT 41",Napoleon,OH,550,3.439,-84.1433000,41.3910000,city_centroid
955,6293,PETRO STOPPING CENTER #313,"I-40, EXIT 79",Milan,NM,580,3.57066666,-107.8909000,35.1698000,city_centroid
956,6296,GRAY TRUCK STOP,US-71/US-136,Maryville,MO,400,3.26566666,-94.8735000,40.3434000,city_centroid
957,6299,HWY 34 TRUCKSTOP,"US-34, EXIT 258",West Burlington,IA,345,3.374,-91.1799000,40.8321000,city_centroid
959,6307,QUIKTRIP #608,"I-70, MID RIVERS MALL",Saint Peters,MO,540,2.904,-90.6228000,38.7802000,city_centroid
960,6308,Pilot Travel Centers #354,"I-64, EXIT 28",Simpsonville,KY,415,3.759,-85.3548000,38.2312000,city_centroid
961,6309,WINNERS CIRCLE #1,"I-30 & US-270, EXIT 98A",Malvern,AR,695,3.35233333,-92.8292000,34.3557000,city_centroid
962,6310,CIRCLE K #2707515,US-27/SR-25 & US-98/US-700/SR-700/SR-66,Sebring,FL,140,3.389,-81.4281600,27.4689600,city_centroid
963,6315,AYERCO #25,US-24,Taylor,MO,494,3.01566666,-91.5278000,39.9145000,city_centroid
964,6318,Chisholm Corner #15,"I-35, EXIT 72 & US-19",Pauls Valley,OK,569,3.38733333,-97.2195000,34.7385000,city_centroid
965,6326,KANZA TRAVEL PLAZA,"I-35, EXIT 231 AND US-177",Braman,OK,500,3.02733333,-97.3082000,36.9331000,city_centroid
967,6330,TA EDINBURG TRAVEL CENTER,I-69C/US-281 & FM-2812,Edinburg,TX,639,3.01066666,-98.1750500,26.3737750,city_centroid
968,6334,231 PLAZA AND TRUCK STOP,US-231/SR-75 & SR-20,Youngstown,FL,20,3.494,-85.5169000,30.3269000,city_centroid
969,6341,TA RAWLINS TRAVEL CENTER,"I-80, EXIT 214",Rawlins,WY,795,3.72233333,-107.2349000,41.7951000,city_centroid
970,6346,SPEEDWAY #4710,US-71/SR-60,Windom,MN,425,3.299,-95.1373000,43.8831000,city_centroid
971,6351,FLYING J TRAVEL PLAZA #608,"I-10, EXIT 1",Ehrenberg,AZ,930,3.959,-114.5077000,33.6177000,city_centroid
972,6356,CIRCLE K #2721536,ST 6 EAST,Batesville,MS,435,3.24066666,-89.9443000,34.3115000,city_centroid
973,6370,TA ROCKWALL TRAVEL CENTER,"I-30/US-67, EXIT 68 & SR-205",Rockwall,TX,630,3.13733333,-96.4256500,32.9176000,city_centroid
974,6374,TA ELGIN WEST TRAVEL CENTER,I-90 & US-20,Hampshire,IL,290,3.459,-88.5170000,42.0807000,city_centroid
975,6374,TA ELGIN WEST TRAVEL CENTER,I-90 & US-20,Hampshire,IL,290,3.539,-88.5170000,42.0807000,city_centroid
976,6374,TA ELGIN WEST TRAVEL CENTER,I-90 & US-20,Hampshire,IL,290,3.599,-88.5170000,42.0807000,city_centroid
977,6374,TA ELGIN WEST TRAVEL CENTER,I-90 & US-20,Hampshire,IL,290,3.499,-88.5170000,42.0807000,city_centroid
978,6374,TA ELGIN WEST TRAVEL CENTER,I-90 & US-20,Hampshire,IL,290,3.469,-88.5170000,42.0807000,city_centroid
979,6387,FLYING J FRANCHISE #966,"I-80, EXIT 229",Battle Mountain,NV,966,3.79233333,-116.9554000,40.6220000,city_centroid
980,6391,TOOT N TOTUM #106,US-287,Dumas,TX,585,3.00566666,-101.9680000,35.8823000,city_centroid
981,6393,PILOT TRAVEL CENTER #478,"I-64, EXIT 92",Leavenworth,IN,415,3.959,-86.3838000,38.1865000,city_centroid
982,6393,PILOT TRAVEL CENTERS #478,"I-64, EXIT 92",Leavenworth,IN,415,3.959,-86.3838000,38.1865000,city_centroid
983,6401,CIRCLE K #2723457,"I-10, EXIT 34-B",Gulfport,MS,715,2.989,-89.0724750,30.4136750,city_centroid
984,6434,AMPRIDE ALL ROUND TRUCK STOP,US-20,Fort Dodge,IA,343,3.299,-94.1807000,42.5088000,city_centroid
985,6441,GRAND OIL,"I-75, EXIT 41 & SR-80",London,KY,410,3.499,-84.0907600,37.1310800,city_centroid
986,6442,CLARK OIL #49,US-84,Laurel,MS,620,2.999,-89.0808000,31.7073000,city_centroid
987,6448,CIRCLE K #2723392,"I-59, EXIT 97 & US-84",Laurel,MS,620,2.95233333,-89.0808000,31.7073000,city_centroid
988,6462,ARCO #471770,US-281 & SR-5,Dunseith,ND,452,3.499,-100.0241000,48.8561000,city_centroid
989,6468,TA SAYRE TRAVEL CENTER,"I-40 & CEMETARY RD, EXIT 26",Sayre,OK,483,3.064,-99.6429000,35.3047000,city_centroid
990,6480,FLYING J #934,"I-84, EXIT 265",La Grande,OR,982,3.53566666,-118.0852000,45.3304000,city_centroid
991,6492,FLICKS,US-49,Richland,MS,760,2.999,-90.1591000,32.2287000,city_centroid
992,6496,SPEEDY EXPRESS #38,"I-35, EXIT 305",Mathis,TX,625,3.199,-97.8097000,28.0802000,city_centroid
993,6502,SQUAW CREEK TRAVEL PLAZA,"I-29, EXIT 79 & US-159",Forest City,MO,400,3.339,-95.1916000,39.9897000,city_centroid
994,6517,HARDYS #5,"I-80, EXIT 4 4",Wendover,UT,835,3.499,-114.0375000,40.7372000,city_centroid
995,6518,TOWN PUMP FOOD STORE #310,"I-15, EXIT 164",Boulder,MT,816,3.559,-112.1138000,46.2306000,city_centroid
996,6526,TULIP CITY TRUCK STOP,"I-196 & SR-40, EXIT 49",Holland,MI,344,3.739,-86.1226333,42.7900667,city_centroid
997,6527,ZIP TRIP #50,"I-90, EXIT 426",Park City,MT,780,3.584,-108.9293000,45.6329000,city_centroid
999,6562,PILOT #1323,"I-29, EXIT 35",Faucett,MO,400,3.27233333,-94.7913000,39.5891000,city_centroid
1000,6563,Road Ranger #282,"I-35, EXIT 500",Gainesville,TX,630,3.17566666,-97.0976000,33.6325500,city_centroid
1001,6564,FLYING J FRANCHISE #970,US-395,Pasco,WA,925,4.599,-119.0993500,46.2421000,city_centroid
1002,6565,TA Greeneville Travel Center,"I-81, EXIT 36",Greeneville,TN,405,3.55233333,-82.8492667,36.1818000,city_centroid
1003,6567,YELLOWSTONE TRUCK SHOP,"I-90, EXIT 330",Livingston,MT,786,3.649,-110.5609000,45.6546000,city_centroid
1004,6577,AC & T TRAVEL CENTER,"I-81, EXIT 5 W",Hagerstown,MD,70,3.659,-77.7174750,39.6237250,city_centroid
1005,6578,PILOT TRAVEL CENTER #909- TOWN PUMP,"I-15 & US-2, EXIT 363",Shelby,MT,815,3.63566666,-111.8391000,48.5037000,city_centroid
1006,6588,TOWN PUMP FOOD STORE #4300,"I-90, EXIT 249",Whitehall,MT,786,3.659,-112.1245000,45.8771000,city_centroid
1007,6593,LITTLE AMERICA TRAVEL CENTER,"I-40, EXIT 198",Flagstaff,AZ,930,3.539,-111.6415750,35.1910500,city_centroid
1008,6607,TRANSIT TRUCK STOP,"I-97, EXIT 10",Millersville,MD,22,3.46566666,-76.6190000,39.1041000,city_centroid
1010,6628,FLYING J TRAVEL PLAZA #682,"I-85, EXIT 150",Haw River,NC,65,3.94233333,-79.3642000,36.0915000,city_centroid
1011,6632,TA SAVANNAH TRAVEL CENTER,"I-95/SR-405, EXIT 87 & US-17/SR-25",Richmond Hill,GA,195,3.35066666,-81.2940000,31.8962000,city_centroid
1012,6633,BAKER TRUCK CORRAL,"I-84, EXIT 304",Baker City,OR,982,3.42566666,-117.8344000,44.7749000,city_centroid
1013,6640,PETRO STOPPING CENTER JOHNSTOWN,"I-25, EXIT 254",Johnstown,CO,800,3.42733333,-104.9236000,40.3355000,city_centroid
1014,6642,TA VERO BEACH TRAVEL CENTER #197,"I-95/SR-9, EXIT 147 & SR-60",Vero Beach,FL,95,3.484,-80.4359222,27.6456333,city_centroid
1015,6646,FAMILY EXPRESS #35 (DISCOUNT AVAILABLE),"I-65, EXIT 215 & SR-114",Rensselaer,IN,365,3.13233333,-87.1037000,40.9948000,city_centroid
1016,6655,BP DBA TA ELKTON TRAVEL CENTER,"I-95, EXIT 109B",Elkton,MD,150,4.969,-75.8395500,39.6166000,city_centroid
1017,6659,GURNEE TRUCK STOP,US-41,Gurnee,IL,290,3.289,-87.9452000,42.3669000,city_centroid
1018,6659,GURNEE TRUCK STOP,US-41,Gurnee,IL,290,3.379,-87.9452000,42.3669000,city_centroid
1019,6661,TA FRANKLIN TRAVEL CENTER,"I-65, EXIT 61",Franklin,TN,460,3.839,-86.8662800,35.9248400,city_centroid
1020,6663,TA of Mocksville,"I-40, EXIT 170 & US-601",Mocksville,NC,46,3.699,-80.5370000,35.9220000,city_centroid
1021,6677,ROADWAY TRAVEL CENTER,"I-29, EXIT 73",Sioux Falls,SD,530,3.199,-96.7303600,43.5476800,city_centroid
1022,6693,SAPP BROS TRAVEL CENTER,US-77,Fremont,NE,486,3.34566666,-96.4963000,41.4374500,city_centroid
1023,6701,JACKS TRUCK STOP,"I-65, EXIT 304 & SR-69",Cullman,AL,615,3.999,-86.8425250,34.1621250,city_centroid
1024,6704,FL Roberts,"I-91, EXIT 24",Whately,MA,100,3.559,-72.6525000,42.4427000,city_centroid
1025,6716,MARATHON,"I-29/US-81, EXIT 65 & I-94 BUS/US-10",Fargo,ND,341,3.449,-96.8160333,46.8611000,city_centroid
1026,6721,STAMART 1222,"I-29, EXIT 64",Fargo,ND,341,3.38566666,-96.8160333,46.8611000,city_centroid
1027,6725,TA EXPRESS GRAND FORKS #948,"I-29, EXIT 141 & US-2",Grand Forks,ND,355,3.539,-97.0545500,47.9187500,city_centroid
1028,6734,TOMAHAWK TRUCK STOP,"I-25, EXIT 128",Fountain,CO,803,3.299,-104.7005000,38.6996000,city_centroid
1029,6736,EAGLEVILLE TRAVEL CENTER,"I-35 & ROUTE N, EXIT 106",Eagleville,MO,320,2.93566666,-93.9951000,40.4912000,city_centroid
1030,6742,Holiday #3810,"I-94/US-52, EXIT 178 & SR-24",Clearwater,MN,453,3.22066666,-94.0452000,45.3877000,city_centroid
1031,6744,FLYING J #550,US-2/US-52,Minot,ND,273,3.93566666,-101.3029000,48.2593750,city_centroid
1032,6745,TIGER TRUCK STOP,"I-10, EXIT 139",Grosse Tete,LA,600,3.059,-91.4383000,30.3879000,city_centroid
1033,6755,PETRO STOPPING CENTER #326,"I-40, EXIT 161 & SR-391",North Little Rock,AR,695,3.20733333,-92.2723500,34.7902875,city_centroid
1034,6760,BETTY BEAVERS TRUCKSTOP,"I-87, EXIT 32",Lewis,NY,12,3.719,-73.5491000,44.3075000,city_centroid
1035,6760,BETTY BEAVERS TRUCKSTOP,"I-87, EXIT 32",Lewis,NY,12,3.619,-73.5491000,44.3075000,city_centroid
1036,6765,CIRCLE C TRAVEL PLAZA,"I-95, EXIT 68 & SR-61",Walterboro,SC,195,3.079,-80.6668000,32.9052000,city_centroid
1037,6806,Onvo Travel Plaza,"I-78/US-22, EXIT 45 & SR-863",Kutztown,PA,90,3.32733333,-75.7774000,40.5214000,city_centroid
1038,6810,TA RICHMOND,"I-95, EXIT 89 & SR-802",Ashland,VA,180,3.60566666,-77.4784000,37.7395000,city_centroid
1039,6811,PUMP & PANTRY #24,US-6/CR-74,Hastings,NE,330,3.399,-98.3941500,40.5886500,city_centroid
1041,6840,PETRO DEMING,"I-10, EXIT 68",Deming,NM,640,3.38566666,-107.7435000,32.2358000,city_centroid
1042,6842,FLYNNS TRUCK PLAZA,"US-20, EXIT 11 & SR-140",Shrewsbury,MA,175,3.61566666,-71.8087000,42.3248000,city_centroid
1043,6845,NEBRASKALAND TIRE SHOP,"I-80, EXIT 237 & US-283",Lexington,NE,330,2.999,-99.7515000,40.7850000,city_centroid
1044,6850,BROKEN WHEEL TRUCK STOP,"I-25, EXIT 135",Douglas,WY,790,3.759,-105.3855000,42.7626000,city_centroid
1045,6857,TA SPARKS TRAVEL CENTER,"I-80, EXIT 19 & SR-659",Sparks,NV,966,3.899,-119.7259200,39.5835000,city_centroid
1046,6859,PRIME STOP,US-81,Norfolk,NE,470,3.229,-97.4199500,42.0306000,city_centroid
1047,6864,JJS TRUCK STOP,"I-30, EXIT 106",Malvern,AR,695,3.31566666,-92.8292000,34.3557000,city_centroid
1048,6869,TA WHEELING TRAVEL CENTER,"I-70, EXIT 11 & CR-41",Valley Grove,WV,165,3.529,-80.5551000,40.0946000,city_centroid
1049,6883,PILOT TRAVEL CENTERS #517,US- 22 & SR-322,Duncannon,PA,70,4.199,-77.0473000,40.4087000,city_centroid
1051,6886,PWI #535,"I-70, EXIT 47",Palisade,CO,800,3.379,-108.3680000,39.1032000,city_centroid
1052,6897,Speedee Mart #2890,US-20 & US-83,Valentine,NE,475,3.329,-100.6215000,42.8062000,city_centroid
1053,6901,PRIME STOP,US-275,Wisner,NE,470,3.259,-96.9170000,41.9980000,city_centroid
1054,6915,FLITE LINE SUNOCO,"I-95, EXIT 3",Portsmouth,NH,34,3.69566666,-70.7839000,43.0723500,city_centroid
1055,6927,TORCH 85 TRUCK PLAZA,"I-85, EXIT 42",Tuskegee,AL,720,3.27233333,-85.6861000,32.4316000,city_centroid
1056,6944,CROSSROADS TRUCK STOP,"I-82, EXIT 1 & US-730",Umatilla,OR,982,3.239,-119.3553000,45.8998000,city_centroid
1057,6948,PILOT #4563,"I-8I, EXIT 77",Harrisburg,PA,70,3.869,-76.8624480,40.2787880,city_centroid
1058,6951,ARROWHEAD TRAVEL PLAZA,"I-84, EXIT 216 & SR 331,",Pendleton,OR,982,3.259,-118.7831000,45.6605000,city_centroid
1059,6954,BOLLA MARKET #198,SR-17MAHWA,Mahwah,NJ,115,3.58566666,-74.1752500,41.0928000,city_centroid
1060,6960,FLYING J TRAVEL PLAZA #761,"I-80 & US-189, EXIT 3",Evanston,WY,835,3.699,-110.9415500,41.2614000,city_centroid
1061,6961,LITTLE AMERICA,"I-80, EXIT 358 & I-25, EXIT 9 & US-30",Cheyenne,WY,795,3.709,-104.7781200,41.1589600,city_centroid
1062,6962,LITTLE AMERICA TRAVEL CENTER,"I-80, EXIT 68 & SR-374",Little America,WY,835,3.52566666,-109.8590000,41.5436000,city_centroid
1063,6963,Atlantis Fresh Market #553,"I-84, EXIT 1",Montague,NJ,120,3.509,-74.7540000,41.3023000,city_centroid
1064,6968,R STORE #4513,US-41,Fond Du Lac,WI,360,3.299,-88.4932333,43.7714000,city_centroid
1065,6970,TA Twin City East Travel Center,I-94 EXIT 4 & US-12,Hudson,WI,450,3.54733333,-92.7271000,44.9842000,city_centroid
1066,6971,KWIK TRIP #1013,"I-41, EXIT 57 & SR-167",Richfield,WI,444,3.39066666,-88.2155000,43.2739000,city_centroid
1067,6975,TRUCKERS INN STOP,"I-90/I-94, EXIT 132 & US-51",De Forest,WI,420,3.199,-89.3437000,43.2478000,city_centroid
1068,6976,MOASIS TRUCK CENTER,US-41,Little Chute,WI,444,3.199,-88.3120000,44.2842000,city_centroid
1069,6980,TA MADISON TRAVEL CENTER,"I-90/I-94/I-39, EXIT 132 & US-51",De Forest,WI,420,3.839,-89.3437000,43.2478000,city_centroid
1070,6981,Kwik Trip #1197,"US-151, EXIT 26",Belmont,WI,335,3.564,-90.3359000,42.7308000,city_centroid
1071,6984,TA HURRICANE TRAVEL CENTER,"I-64, EXIT 39 & SR-34",Hurricane,WV,255,3.63233333,-81.9943000,38.4257000,city_centroid
1072,6986,LOVES TRAVEL STOP #448,"I-5, EXIT 136B, SR-509",Tacoma,WA,977,4.589,-122.4531667,47.2196500,city_centroid
1073,6986,LOVES TRAVEL STOPS #448,"I-5, EXIT 136B, SR-509",Tacoma,WA,977,4.589,-122.4531667,47.2196500,city_centroid
1074,6987,One9 #965,"I-90, EXIT 109 & US-97",Ellensburg,WA,977,3.859,-120.5163000,46.9996000,city_centroid
1075,6987,One9 #965,"I-90, EXIT 109 & US-97",Ellensburg,WA,977,3.839,-120.5163000,46.9996000,city_centroid
1076,6987,One9 #965,"I-90, EXIT 109 & US-97",Ellensburg,WA,977,3.899,-120.5163000,46.9996000,city_centroid
1077,6992,FLYING J #1169,"I-5, EXIT 99",Tumwater,WA,977,4.599,-123.0283000,46.9616000,city_centroid
1078,6994,FLYING J FRANCHISE #967,"I-90, EXIT 286",Spokane,WA,970,4.059,-117.3770882,47.6718765,city_centroid
1079,6994,FLYING J FRANCHISE #967,"I-90, EXIT 286",Spokane,WA,970,3.999,-117.3770882,47.6718765,city_centroid
1080,6994,FLYING J FRANCHISE #967,"I-90, EXIT 286",Spokane,WA,970,4.029,-117.3770882,47.6718765,city_centroid
1081,6994,FLYING J FRANCHISE #967,"I-90, EXIT 286",Spokane,WA,970,4.159,-117.3770882,47.6718765,city_centroid
1082,6994,FLYING J FRANCHISE #967,"I-90, EXIT 286",Spokane,WA,970,3.929,-117.3770882,47.6718765,city_centroid
1083,6999,SIMMONS TRAVEL CENTER,"I-85, EXIT 4 & SR-93/SR-903",Bracey,VA,180,3.099,-78.1059000,36.5763000,city_centroid
1084,7003,TA ASHLAND TRAVEL CENTER,"I-95, EXIT 92 & SR-54",Ashland,VA,180,3.64233333,-77.4784000,37.7395000,city_centroid
1085,7004,FRANKS TRUCKING CENTER,"I-264, EXIT 13B",Chesapeake,VA,130,3.449,-76.2835250,36.7560375,city_centroid
1086,7005,PETRO STOPPING CENTER,"I-81 & I-64, EXIT 205",Raphine,VA,185,3.659,-79.2219000,37.9374000,city_centroid
1087,7007,KUM & GO #0201,"I-80, EXIT 242",Coralville,IA,380,3.294,-91.5906000,41.6937000,city_centroid
1088,7013,ERNIES TRUCK PLAZA,"I-15, EXIT 112",Beaver,UT,910,3.399,-112.6299000,38.2807000,city_centroid
1089,7016,TA SALT LAKE CITY TRAVEL CENTER,"I-80, EXIT 99",Tooele,UT,835,3.769,-112.3002000,40.5454000,city_centroid
1090,7018,FLYING J TRAVEL PLAZA #746,"I-15 & I-80 SR 201, EXIT 305",Salt Lake City,UT,835,3.73233333,-111.8778419,40.7262129,city_centroid
1092,7037,SAMS TRUCK STOP,"I-10, EXIT 138",Van Horn,TX,640,3.999,-104.8245000,31.0391000,city_centroid
1093,7045,BUBBLE CITY TRUCK STOP,US-64,Farmington,NM,614,3.70566666,-108.1322333,36.7614000,city_centroid
1094,7051,PILOT #887,US-84 & US-180,Snyder,TX,575,3.24566666,-100.9175500,32.7315000,city_centroid
1095,7056,TA SWEETWATER TRAVEL CENTER,"I-20, EXIT 242",Sweetwater,TX,575,3.15233333,-100.3979000,32.4726000,city_centroid
1096,7058,YESWAY #1125,"I-27, EXIT 1C",Lubbock,TX,700,2.969,-101.8859000,33.5644895,city_centroid
1097,7059,TA BIG SPRING TRAVEL CENTER,"I-20, EXIT 177 & US-87",Big Spring,TX,612,3.699,-101.4159000,32.2760000,city_centroid
1099,7066,REFUEL #328,"I-35, EXIT 204",San Marcos,TX,595,2.999,-97.9720000,29.9649000,city_centroid
1100,7072,TA ANTIOCH TRAVEL CENTER,"I-24, EXIT 62",Antioch,TN,460,3.50566666,-86.6657000,36.0598000,city_centroid
1101,7077,THE TENNESSEAN TRUCKSTOP,"I-65, EXIT 22 & US-31 ALT/SR-11",Cornersville,TN,460,3.799,-86.8286000,35.3409000,city_centroid
1102,7078,TA DENMARK TRAVEL CENTER,"I-40 & SR-138, EXIT 68",Denmark,TN,435,3.539,-88.9759000,35.5571000,city_centroid
1103,7080,ONE9 #1422,"I-40, EXIT 197",Moriarty,NM,580,3.11566666,-106.0609000,34.9889000,city_centroid
1104,7082,Chevron,"I-65, EXIT 6",Ardmore,TN,460,3.599,-86.8796000,35.0574000,city_centroid
1105,7084,Holiday StationStore #2746500,US-12 & US-281,Aberdeen,SD,248,3.114,-98.5154400,45.4594700,census
1106,7087,PILOT #599,"I-90, EXIT 192 & I-90 BUS/US-83",Murdo,SD,506,3.799,-100.7121000,43.8961000,city_centroid
1107,7088,FLYING J FRANCHISE #931,"I-90, EXIT 61",Rapid City,SD,506,3.15733333,-103.2643750,44.0673000,city_centroid
1108,7092,LOVES TRAVEL STOP #445,I-90 EXIT 399 & SR 115,Sioux Falls,SD,530,3.889,-96.7303600,43.5476800,city_centroid
1109,7095,TA MANNING TRAVEL CENTER,"I-95, EXIT 119",Manning,SC,135,3.51733333,-80.2116000,33.6184000,city_centroid
1110,7106,PILOT DEALER #1163,"I-80, EXIT 42",Emlenton,PA,165,4.03566666,-79.7470000,41.2028000,city_centroid
1111,7112,TA HARRISBURG TRAVEL CENTER,"I-81, EXIT 77 & SR-39",Harrisburg,PA,70,3.81566666,-76.8624480,40.2787880,city_centroid
1112,7116,TA MILESBURG TRAVEL CENTER,"I-80, EXIT 158",Milesburg,PA,14,4.049,-77.7850000,40.9417000,city_centroid
1113,7121,TA BLOOMSBURG TRAVEL CENTER,"I-80, EXIT 232",Bloomsburg,PA,138,3.95733333,-76.4384000,41.0115000,city_centroid
1114,7126,SAPP BROS TRAVEL CENTER,"I-80, EXIT 120",Clearfield,PA,14,3.899,-78.4435000,41.0210000,city_centroid
1115,7128,FLYING J #518,"I-78, EXIT 10 (PA 645)",Myerstown,PA,208,3.869,-76.3143000,40.3789000,city_centroid
1116,7129,TA BROOKVILLE TRAVEL CENTER,"I-80 EXIT 78, & SR-36",Brookville,PA,14,4.029,-79.0816000,41.1627000,city_centroid
1117,7131,TA BREEZEWOOD TRAVEL CENTER,"I-76 & US30, EXIT 161",Breezewood,PA,14,4.299,-78.2453000,39.9905000,city_centroid
1118,7132,Terrible Herbst dba/One9 #1395,"I-15, EXIT 12",Jean,NV,910,3.459,-115.4322000,35.7578500,city_centroid
1119,7135,PETRO STOPPING CENTER #336,"I-81, EXIT 52 & I-76, EXIT 226",Carlisle,PA,70,4.149,-77.2147500,40.2094500,city_centroid
1120,7136,TA LAMAR TRAVEL CENTER,"I-80, EXIT 173 & SR-64",Lamar,PA,14,4.03566666,-77.5311000,41.0162000,city_centroid
1121,7137,TA BARKEYVILLE TRAVEL CENTER,"I-80, EXIT 29 & SR-8",Harrisville,PA,165,4.044,-79.9796000,41.1631000,city_centroid
1123,7148,TA TROUTDALE TRAVEL CENTER,"I-84, EXIT 17",Troutdale,OR,935,3.93233333,-122.3739000,45.5254000,city_centroid
1126,7166,TA London Travel Center,"I-70 & US-42, EXIT 79",London,OH,315,3.49233333,-83.4439000,39.9001000,city_centroid
1127,7169,TA YOUNGSTOWN TRAVEL CENTER,"I-80 & SR 46, EXIT 223",Youngstown,OH,573,3.444,-80.6715571,41.0818929,city_centroid
1128,7170,TRUCK WORLD TRUCKSTOP,"I-80, EXIT 234",Hubbard,OH,573,3.259,-80.5762000,41.1624000,city_centroid
1129,7172,TA TOLEDO EAST TRAVEL CENTER,"I-80 & I-280, EXIT 71",Perrysburg,OH,550,3.78066666,-83.6099500,41.5499500,city_centroid
1130,7173,SPEEDWAY #9954,"SR-17, EXIT 66",Apalachin,NY,32,3.999,-76.1519000,42.0556000,city_centroid
1131,7173,SPEEDWAY #9954,"SR-17, EXIT 66",Apalachin,NY,32,4.099,-76.1519000,42.0556000,city_centroid
1132,7176,TA DAYTON TRAVEL CENTER,"I-70, EXIT 10 & US-127",Eaton,OH,317,3.40066666,-84.6508000,39.7426000,city_centroid
1135,7180,TA HebronTravel Center,"I-70, EXIT 126 & SR-37",Hebron,OH,315,3.38233333,-82.4919000,39.9535000,city_centroid
1136,7183,TA KINGSVILLE TRAVEL CENTER,"I-90, EXIT 235 & SR-193",Kingsville,OH,305,3.88233333,-80.6601000,41.8723000,city_centroid
1137,7184,TA JEFFERSONVILLE EAST TRAVEL CENTER,"I-71, EXIT 65 & SR-435 & US-35",Jeffersonville,OH,315,3.32733333,-83.5687000,39.6590000,city_centroid
1138,7189,S and R Truck Plaza,"I-94, EXIT 260",Jamestown,ND,390,3.58566666,-98.8017000,46.9377000,city_centroid
1139,7190,Tower Travel Center,"I-94, EXIT 307",Tower City,ND,341,3.51566666,-97.6594000,46.9119000,city_centroid
1140,7196,SALUDA TRUCK PLAZA,"I-26, EXIT 28",Saluda,NC,210,3.099,-82.3306000,35.2383000,city_centroid
1141,7197,7-ELEVEN #35115,"I-90, EXIT 42",Phelps,NY,190,4.049,-77.0473000,42.9582000,city_centroid
1142,7197,7-ELEVEN #35115,"I-90, EXIT 42",Phelps,NY,190,4.019,-77.0473000,42.9582000,city_centroid
1143,7198,LOVES TRAVEL STOP #507,"I-85, EXIT 71",Salisbury,NC,46,3.51066666,-80.4824250,35.6586500,city_centroid
1144,7212,ONVO TRAVEL PLAZA,"I-90 & RTE 22, EXIT B-3",Canaan,NY,12,3.439,-73.4159000,42.4132000,city_centroid
1145,7212,ONVO TRAVEL PLAZA,"I-90 & RTE 22, EXIT B-3",Canaan,NY,12,3.399,-73.4159000,42.4132000,city_centroid
1146,7213,SENECA ONE STOP,"I-90, EXIT 58",Irving,NY,38,2.899,-79.0596000,42.5739000,city_centroid
1147,7213,SENECA ONE STOP,"I-90, EXIT 58",Irving,NY,38,2.999,-79.0596000,42.5739000,city_centroid
1148,7215,TA FULTONVILLE TRAVEL CENTER,"I-90, EXIT 28",Fultonville,NY,12,4.039,-74.3598000,42.9036000,city_centroid
1149,7216,ONVO TRAVEL PLAZA - LOUNSBERRY,"SR-17, EXIT 63",Nichols,NY,220,3.399,-76.3540000,42.0301000,city_centroid
1150,7216,ONVO TRAVEL PLAZA - LOUNSBERRY,"SR-17, EXIT 63",Nichols,NY,220,3.439,-76.3540000,42.0301000,city_centroid
1151,7220,CUMBERLAND FARMS #001662,US-9W/SR-32,Glenmont,NY,12,3.799,-73.7959000,42.5971000,city_centroid
1152,7220,CUMBERLAND FARMS #001662,US-9W/SR-32,Glenmont,NY,12,3.749,-73.7959000,42.5971000,city_centroid
1153,7222,TA SANTA ROSA TRAVEL CENTER,"I-40/US-54, EXIT 277 & US-84",Santa Rosa,NM,580,3.45233333,-104.5899000,34.8526000,city_centroid
1154,7225,LOVES TRAVEL STOP #329,US-60,Clovis,NM,593,4.089,-103.2133000,34.4087000,city_centroid
1156,7227,NATIONAL TRUCK STOP,"I-10, VADO EXIT 155",Vado,NM,640,2.999,-106.6490000,32.1187000,city_centroid
1158,7229,TA GALLUP TRAVEL CENTER,"I-40, EXIT 16 & HWY 66",Gallup,NM,580,3.43233333,-108.7515000,35.4948333,city_centroid
1159,7230,DEMING TRUCK STOP,"I-10, EXIT 81",Deming,NM,640,2.899,-107.7435000,32.2358000,city_centroid
1161,7234,TA BLOOMSBURY TRAVEL CENTER,"I-78/US-22, EXIT 7 & SR-173",Bloomsbury,NJ,115,3.79066666,-75.0966000,40.6437000,city_centroid
1162,7237,TA COLUMBIA TRAVEL CENTER,"I-80, EXIT 4 & SR-94",Columbia,NJ,115,4.099,-75.0550000,40.9388000,city_centroid
1163,7239,TA PAULSBORO TRAVELCENTER,"I-295, EXIT 18A",Paulsboro,NJ,150,3.999,-75.2242000,39.8312000,city_centroid
1164,7240,Pilot Travel Centers #190,"I-78, EXIT 12 & US-22",Hampton,NJ,105,3.809,-74.9622000,40.6774000,city_centroid
1167,7263,FLYING J #904,"I-80, EXIT 107",Big Springs,NE,475,3.48233333,-102.0933000,41.0696000,city_centroid
1168,7264,TA GRAND ISLAND WEST TRAVEL CENTER,"I-80, EXIT 305",Alda,NE,330,3.169,-98.4681000,40.8711000,city_centroid
1169,7265,Fast Stop Travel Centers #1151,"I-80, EXIT 164 & CR-56C",Hershey,NE,475,3.499,-101.0392000,41.2102000,city_centroid
1170,7267,TA OGALLALA TRAVEL CENTER,"I-80, EXIT 126",Ogallala,NE,475,3.46566666,-101.7107000,41.1275000,city_centroid
1172,7269,GRAND ISLAND TRAVEL CENTER,"I-80, EXIT 312 & US-281/US-34",Grand Island,NE,330,3.26566666,-98.4101667,40.9076667,city_centroid
1173,7282,ALLTOWN FRESH,"I-87, EXIT 17N & US-9",Fort Edward,NY,12,3.759,-73.5822000,43.2653000,city_centroid
1174,7282,ALLTOWN FRESH,"I-87, EXIT 17N & US-9",Fort Edward,NY,12,3.779,-73.5822000,43.2653000,city_centroid
1175,7284,MURALTS TRUCK PLAZA,"I-90, EXIT 96 & US-93/SR-200",Missoula,MT,820,3.609,-114.0341143,46.8837143,city_centroid
1176,7285,SENECA ONE STOP,"SR-17, EXIT 20",Salamanca,NY,38,3.309,-78.7304000,42.1604000,city_centroid
1177,7286,TA MISSOULA,"I-90, EXIT 96 & US-93",Missoula,MT,820,3.699,-114.0341143,46.8837143,city_centroid
1178,7288,TA LAUREL,"I-90, EXIT 437",Laurel,MT,780,3.61233333,-108.7690000,45.6745000,city_centroid
1179,7289,TA STRAFFORD,"I-44, EXIT 88 & SR-125",Strafford,MO,535,3.36566666,-93.1066000,37.2797000,city_centroid
1180,7291,TA OAK GROVE TRAVEL CENTER,"I-70, EXIT 28",Oak Grove,MO,400,3.22233333,-94.1399000,38.9985000,city_centroid
1181,7293,TA Matthews Travel Center,"I-55, EXIT 58 & SR-80",Matthews,MO,574,3.20566666,-89.6287000,36.7154000,city_centroid
1182,7299,GASPERS - FAST LANE,"I-70, EXIT 148 & US-54",Kingdom City,MO,392,2.959,-91.9520000,38.9551000,city_centroid
1183,7300,B AND D AUTO TRUCK PLAZA,"I-44, EXIT 127",Lebanon,MO,416,3.099,-92.6550000,37.6850000,city_centroid
1184,7310,AAA HOSPITALITY,"I-55, EXIT 220",Tillatoba,MS,435,2.784,-89.8945000,33.9852000,city_centroid
1185,7312,208 FUEL PLAZA,"I-70, EXIT 208",Belmont,OH,430,3.419,-81.0066000,40.0320000,city_centroid
1186,7314,TA MERIDIAN TRAVEL CENTER,"I-20 & I-59, EXIT 160",Meridian,MS,705,2.91233333,-88.6704429,32.4154143,city_centroid
1187,7323,TRUCKERS INN,"I-94/US-52, EXIT 127 & US-71",Sauk Centre,MN,453,3.22566666,-94.9682000,45.7281000,city_centroid
1188,7326,PETRO STOP #398,"I-35 & I-90, EXIT 11",Albert Lea,MN,515,4.099,-93.3707000,43.6537000,city_centroid
1189,7327,TA TEKONSHA,"I-69,EXIT 25 & SR-60",Tekonsha,MI,385,3.599,-84.9926000,42.0863000,city_centroid
1190,7327,TA TEKONSHA,"I-69,EXIT 25 & SR-60",Tekonsha,MI,385,3.699,-84.9926000,42.0863000,city_centroid
1191,7327,TA TEKONSHA,"I-69,EXIT 25 & SR-60",Tekonsha,MI,385,3.589,-84.9926000,42.0863000,city_centroid
1192,7331,SPEEDWAY #9266,US-52 & SR-234,Ironton,OH,255,3.699,-82.6654000,38.5294000,city_centroid
1193,7332,FLYING J #895,"I-75, EXIT 32A",Trenton,MI,325,3.559,-83.2179000,42.1382000,city_centroid
1194,7332,FLYING J #895,"I-75, EXIT 32A",Trenton,MI,325,3.299,-83.2179000,42.1382000,city_centroid
1195,7332,FLYING J #895,"I-75, EXIT 32A",Trenton,MI,325,3.249,-83.2179000,42.1382000,city_centroid
1196,7332,FLYING J #895,"I-75, EXIT 32A",Trenton,MI,325,3.349,-83.2179000,42.1382000,city_centroid
1197,7332,FLYING J #895,"I-75, EXIT 32A",Trenton,MI,325,3.439,-83.2179000,42.1382000,city_centroid
1198,7335,TA SAWYER TRAVEL CENTER,"I-94, EXIT 12",Sawyer,MI,465,3.699,-86.5885000,41.8829000,city_centroid
1199,7335,TA SAWYER TRAVEL CENTER,"I-94, EXIT 12",Sawyer,MI,465,3.689,-86.5885000,41.8829000,city_centroid
1200,7337,TA BATTLE CREEK,"I-94, EXIT 104",Battle Creek,MI,385,4.039,-85.1487400,42.3029600,city_centroid
1201,7337,TA BATTLE CREEK,"I-94, EXIT 104",Battle Creek,MI,385,3.999,-85.1487400,42.3029600,city_centroid
1202,7337,TA BATTLE CREEK,"I-94, EXIT 104",Battle Creek,MI,385,3.979,-85.1487400,42.3029600,city_centroid
1203,7337,TA BATTLE CREEK,"I-94, EXIT 104",Battle Creek,MI,385,3.989,-85.1487400,42.3029600,city_centroid
1204,7341,INTERSTATE TRAVEL PLAZA,"I-495, EXIT 14A & US-1",Wrentham,MA,175,3.699,-71.3396000,42.0617000,city_centroid
1205,7344,BEST QUICK STOP,US-1,Peabody,MA,178,3.61566666,-70.9201500,42.5840000,city_centroid
1206,7353,DYSARTS SERVICE,"I-95, EXIT 44",Bangor,ME,26,3.799,-68.7848000,44.8127000,city_centroid
1207,7354,CIRCLE K #4707065,"I-95, EXIT 2",Kittery,ME,125,3.899,-70.7429000,43.0921000,city_centroid
1208,7357,TA SLIDELL TRAVEL CENTER,"I-10, EXIT 266 & US-190",Slidell,LA,725,3.154,-89.7519620,30.2691820,census
1209,7360,KINGS TRUCK STOP,ST 103,Port Barre,LA,600,3.189,-91.9286000,30.5478000,city_centroid
1210,7364,Petro Stopping Center,"I-80, EXIT 226",Girard,OH,573,3.45233333,-80.6933000,41.1611000,city_centroid
1211,7370,TA SMITHS GROVE,"I-65, EXIT 38 & SR-101",Smiths Grove,KY,415,3.43233333,-86.1938000,37.0581000,city_centroid
1212,7371,One9 #392,"I-65, EXIT 81 & SR-84",Sonora,KY,415,3.19566666,-85.9230000,37.5221000,city_centroid
1213,7372,TA WALTON #28,"I-75/I-71, EXIT 175 & SR-338",Walton,KY,300,3.00233333,-84.6328000,38.8875000,city_centroid
1214,7379,KEYSTOP TRAVEL CENTER,"I-65, EXIT 2 & US-31W",Franklin,KY,460,2.899,-86.5736000,36.7238500,city_centroid
1215,7382,TA FLORENCE TRAVEL CENTER,"I-75, EXIT 181",Florence,KY,300,3.07066666,-84.6949000,38.9782500,city_centroid
1216,7385,WAKEENEY 24 7 STORE #3,"I-70/US-40, EXIT 127 & US-283",Wakeeney,KS,525,3.09066666,-99.8796000,39.0250000,city_centroid
1217,7387,TA Oakley,"I-70, EXIT 76 & US-40/US-83",Oakley,KS,525,3.649,-100.8580000,39.1121000,city_centroid
1218,7389,GO MART FOOD STORE #58,"I-77, EXIT 1 & SR-7",Marietta,OH,430,3.799,-81.4644000,39.4281000,city_centroid
1219,7396,7-ELEVEN #36180,US-20/SR-18,Monroeville,OH,550,3.614,-82.7023000,41.2181000,city_centroid
1220,7398,FLYING J #913,"I-80, EXIT 142 & US-65",Altoona,IA,320,3.35566666,-93.4724000,41.6475000,city_centroid
1221,7398,FLYING J TRAVEL PLAZA #913,"I-80, EXIT 142 & US-65",Altoona,IA,320,3.34233333,-93.4724000,41.6475000,city_centroid
1222,7403,FUEL MART #714,"I-75, EXIT 168",North Baltimore,OH,550,3.11233333,-83.6806000,41.1867000,city_centroid
1223,7406,PILOT TRAVEL CENTER #594,"I-29, EXIT 143",Sioux City,IA,527,3.60566666,-96.3888778,42.4823556,city_centroid
1224,7406,PILOT #594,"I-29, EXIT 143",Sioux City,IA,527,3.699,-96.3888778,42.4823556,city_centroid
1225,7407,TA IOWA 80 TRAVEL PLAZA,"I-80, EXIT 284",Walcott,IA,270,3.90233333,-90.7256000,41.6453000,city_centroid
1226,7408,FRIENDSHIP FOOD MART #99,US-224 & SR-61/SR-598,Willard,OH,249,3.63233333,-82.7275500,41.0579500,city_centroid
1227,7410,PILOT TRAVEL CENTERS #373,"I-35 & I-80, EXIT 126",Urbandale,IA,320,3.35566666,-93.7356333,41.6285333,city_centroid
1228,7410,PILOT TRAVEL CENTER #373,"I-35 & I-80, EXIT 126",Urbandale,IA,320,3.34233333,-93.7356333,41.6285333,city_centroid
1229,7412,PETRO STOPPING CENTER #374,"I-69, EXIT 245 & SR-28",Gaston,IN,457,3.53566666,-85.4898000,40.2948000,city_centroid
1230,7416,GOOD TO GO #40,"I-65, EXIT 215 & SR-114",Rensselaer,IN,290,3.20066666,-87.1037000,40.9948000,city_centroid
1231,7417,SKY CITGO,US-30 & SR-23,Grovertown,IN,365,3.499,-86.5243000,41.3496000,city_centroid
1232,7418,JJS TRAVEL PLAZA,US-31 & US-24,Peru,IN,370,3.444,-86.0680000,40.7492000,city_centroid
1233,7421,MIDLAND #1901,"I-70, EXIT 137 AT MILE 137",Cambridge City,IN,375,3.43233333,-85.1685000,39.8182000,city_centroid
1234,7425,Petro Brazil,"I-70, EXIT 23",Brazil,IN,375,3.989,-87.1278000,39.5210000,city_centroid
1235,7429,TA CLAYTON,"I-70, EXIT 59 & SR-39",Clayton,IN,375,3.939,-86.4959000,39.6682000,city_centroid
1236,7435,PETRO STOPPING CENTER #375,"I-65, EXIT 201 & US-231/US-24",Remington,IN,365,3.699,-87.1599000,40.7667000,city_centroid
1237,7436,TA WHITESTOWN,"I-65/US-52, EXIT 130",Whitestown,IN,375,3.57066666,-86.3507000,40.0000000,city_centroid
1238,7437,PETRO STOPPING CENTER #379,"I-74, EXIT 143",Greensburg,IN,375,3.999,-85.4918000,39.2998000,city_centroid
1239,7457,TA EFFINGHAM TRAVEL CENTER,"I-57 & I-70, EXIT 160",Effingham,IL,574,3.349,-88.5611000,39.1217000,city_centroid
1240,7457,TA EFFINGHAM TRAVEL CENTER,"I-57 & I-70, EXIT 160",Effingham,IL,574,3.399,-88.5611000,39.1217000,city_centroid
1241,7457,TA EFFINGHAM TRAVEL CENTER,"I-57 & I-70, EXIT 160",Effingham,IL,574,3.439,-88.5611000,39.1217000,city_centroid
1242,7457,TA EFFINGHAM TRAVEL CENTER,"I-57 & I-70, EXIT 160",Effingham,IL,574,3.549,-88.5611000,39.1217000,city_centroid
1243,7459,TA Morris Travel Center,"I-80, EXIT 112 & SR-47",Morris,IL,290,3.849,-88.4178000,41.3672000,city_centroid
1244,7466,PILOT #595,"I-57, EXIT 54B & SR-13",Marion,IL,540,3.759,-88.9294000,37.7257000,city_centroid
1245,7466,PILOT TRAVEL CENTER #595,"I-57, EXIT 54B & SR-13",Marion,IL,540,3.759,-88.9294000,37.7257000,city_centroid
1246,7469,PILOT TRAVEL CENTERS #313,"I-70/I-55, EXIT 4 & SR-203",East Saint Louis,IL,540,3.439,-90.1252714,38.6060429,city_centroid
1247,7469,PILOT TRAVEL CENTER #313,"I-70/I-55, EXIT 4 & SR-203",East Saint Louis,IL,540,3.699,-90.1252714,38.6060429,city_centroid
1248,7469,PILOT TRAVEL CENTER #313,"I-70/I-55, EXIT 4 & SR-203",East Saint Louis,IL,540,3.579,-90.1252714,38.6060429,city_centroid
1249,7469,PILOT TRAVEL CENTER #313,"I-70/I-55, EXIT 4 & SR-203",East Saint Louis,IL,540,3.379,-90.1252714,38.6060429,city_centroid
1250,7471,ROAD RANGER #185,"I-55, EXIT 145 & US-136",Mc Lean,IL,280,3.349,-89.1645000,40.3282000,city_centroid
1251,7471,ROAD RANGER #185,"I-55, EXIT 145 & US-136",Mc Lean,IL,280,3.449,-89.1645000,40.3282000,city_centroid
1253,7492,Mobil dba One9 #1365,"I-85, EXIT 70",Cusseta,AL,720,2.999,-85.2756000,32.7831000,city_centroid
1254,7492,One9 #1365,"I-85, EXIT 70",Cusseta,AL,720,2.999,-85.2756000,32.7831000,city_centroid
1255,7495,RACETRAC #2574,"I-75, EXIT 237, SR-331 & US-41",Forest Park,GA,18,3.109,-84.3629000,33.5561000,city_centroid
1256,7504,TEXACO,"I-75, EXIT 306 & SR-140",Adairsville,GA,193,3.10566666,-84.9176000,34.3595000,city_centroid
1257,7506,CHAPMANS TRUCK STOP,"I-85 & SR-219, EXIT 13",Lagrange,GA,50,3.91566666,-85.0268667,33.0316333,city_centroid
1258,7523,EXPRESS STOP FOOD STORE #4644,"I-75, EXIT 181",Pinconning,MI,260,3.639,-84.0082000,43.8491000,city_centroid
1259,7533,TA WILDWOOD TRAVEL CENTER,"I-75, EXIT 329 & SR-44",Wildwood,FL,225,3.214,-82.0347000,28.8454000,city_centroid
1262,7543,TA NEW HAVEN TRAVEL CENTER,"I-95, EXIT 56",Branford,CT,100,5.069,-72.8106000,41.2800000,city_centroid
1263,7545,CITGO,"I-95, EXIT 40",Milford,CT,100,3.399,-73.0648000,41.2256500,city_centroid
1264,7546,SHELL DBA PILOT DEALER #882,"I-95, EXIT 93 & SR-216",North Stonington,CT,73,4.299,-71.8727000,41.4531000,city_centroid
1265,7546,PILOT TRAVEL CENTERS #882,"I-95, EXIT 93 & SR-216",North Stonington,CT,73,4.299,-71.8727000,41.4531000,city_centroid
1266,7551,PWI #525,"I-70, EXIT 295",Watkins,CO,800,3.139,-104.5834000,39.7623000,city_centroid
1267,7552,TA DENVER WEST TRAVEL CENTER,"I-70, EXIT 266",Wheat Ridge,CO,800,3.41566666,-105.0867000,39.7700500,city_centroid
1268,7553,BRUSH TRAVEL PLAZA,"I-76, EXIT 90B & SR-71",Brush,CO,800,3.699,-103.6279000,40.2603000,city_centroid
1269,7574,108 FOOD AND FUEL,"I-40, EXIT 108 & US-66/US-281 BUS",Calumet,OK,483,3.13566666,-98.1512000,35.5476000,city_centroid
1270,7611,LOVES TRAVEL STOP #167,"I-44, EXIT 83",Chickasha,OK,483,3.16566666,-97.9441000,35.0397000,city_centroid
1271,7615,HOPI TRAVEL PLAZA CONOCO DBA ONE9 #1270,"I-40, EXIT 292",Holbrook,AZ,930,3.139,-110.1434000,34.9085000,city_centroid
1272,7615,HOPI TRAVEL PLAZA,"I-40, EXIT 292",Holbrook,AZ,930,3.219,-110.1434000,34.9085000,city_centroid
1274,7622,COPAN TRUCK STOP,US-75,Copan,OK,307,3.119,-95.9130000,36.9062000,city_centroid
1275,7624,WILLCOX TRUCK PLAZA,"I-10, EXIT 340",Willcox,AZ,980,3.34066666,-109.8475500,32.3129500,city_centroid
1276,7625,LOVES TRAVEL STOP #248,"I-40, EXIT 71",Clinton,OK,483,3.17233333,-98.9795000,35.5115000,city_centroid
1277,7627,DAVIS TRADING POST,"I-35, EXIT 55",Davis,OK,569,2.979,-97.1107500,34.5006500,city_centroid
1278,7629,ARNOLDS TRUCK STOP,US-72/SR-20/SR-157 & CR-59,Tuscumbia,AL,615,3.169,-87.6833000,34.6874000,city_centroid
1279,7635,TA MONTGOMERY TRAVEL CENTER,"I-65, EXIT 168 & US-80/US-82/SR-6/SR-8",Montgomery,AL,720,3.25233333,-86.2745444,32.3602500,city_centroid
1280,7636,PILOT TRAVEL CENTER #76,"I-20 & I-59, EXIT 76",Tuscaloosa,AL,615,2.999,-87.5288875,33.2301875,city_centroid
1281,7636,PILOT TRAVEL CENTERS #76,"I-20 & I-59, EXIT 76",Tuscaloosa,AL,615,3.099,-87.5288875,33.2301875,city_centroid
1282,7655,LOVES TRAVEL STOP #253,I-40 EXIT 7 & SR 30,Erick,OK,483,3.20566666,-99.8635000,35.2286000,city_centroid
1284,7708,PILOT TRAVEL CENTER #352,"I-75, EXIT 139",Fort Myers,FL,225,3.799,-81.8459000,26.5625000,city_centroid
1285,7708,PILOT TRAVEL CENTERS #352,"I-75, EXIT 139",Fort Myers,FL,225,3.799,-81.8459000,26.5625000,city_centroid
1286,7715,LONDON AUTO TRUCK CENTER,"I-75, EXIT 41 & SR-80",London,KY,405,3.399,-84.0907600,37.1310800,city_centroid
1287,7718,MR FUEL #717,"I-44, EXIT 251",Villa Ridge,MO,540,3.01566666,-90.8822000,38.4601000,city_centroid
1288,7719,FLYING J TRAVEL PLAZA #674,"I-70, EXIT 188",Warrenton,MO,540,3.11566666,-91.1740000,38.8050000,city_centroid
1289,7721,TRAIL STAR TRUCK STOP,"ST 16, EXIT 213",Glendive,MT,807,3.459,-104.7287000,47.1008000,city_centroid
1290,7722,SAPP BROS TRAVEL CENTER,"I-80, EXIT 353 & US-81",York,NE,330,3.324,-97.5825000,40.8667000,city_centroid
1291,7724,FUEL MART #767,US-6 & US-23,Bradner,OH,550,3.40733333,-83.4172910,41.3412810,census
1292,7725,BELL STORES #48,US-30 & SR-94,Dalton,OH,249,3.38566666,-81.7008000,40.7793000,city_centroid
1294,7746,PILOT TRAVEL CENTER #888,"I-27, EXIT 74",Tulia,TX,585,3.34066666,-101.8039000,34.5583000,city_centroid
1295,7753,LOVES TRAVEL STOP #166,SR-351,Muskogee,OK,560,3.33733333,-95.3840000,35.7370333,city_centroid
1296,7767,FLYING J TRAVEL PLAZA #759,"I-25, EXIT 7",Cheyenne,WY,795,3.709,-104.7781200,41.1589600,city_centroid
1297,7768,BIG D #30,"I-25/US-87, EXIT 9 & I-80, EXIT 359C & I-80 BUS/US-30",Cheyenne,WY,795,3.204,-104.7781200,41.1589600,city_centroid
1298,7792,FLYING J TRAVEL PLAZA #630,"I-75/SR-401, EXIT 201 & SR-36",Jackson,GA,67,3.384,-83.9784000,33.2820000,city_centroid
1299,7798,CIRCLE K #2745100,"I-95, EXIT 7",Woodbine,GA,75,3.23233333,-81.6783000,30.9437000,city_centroid
1300,7825,PILOT TRAVEL CENTERS #356,"I-65, EXIT 121",Shepherdsville,KY,415,3.609,-85.7023500,37.9965000,city_centroid
1301,7838,PILOT #581,"US-52/SR-55, & 117TH ST, MM300",Inver Grove Heights,MN,515,3.579,-93.0665500,44.8285500,city_centroid
1302,7871,STRIPES 7FLEET #42454,"US-60, US-70 & US-84",Texico,NM,700,3.829,-103.0615000,34.3958000,city_centroid
1303,7873,One9 #387,"I-80, EXIT 280 & SR- 278",Carlin,NV,835,3.439,-116.1082000,40.7172000,city_centroid
1304,7886,PETRO STOPPING CENTER #357,"I-70, EXIT 156B & US-40",New Paris,OH,317,3.48733333,-84.7793000,39.8617000,city_centroid
1305,7930,I 24 TRUCK PLAZA,"I-24, EXIT 114 & US-41",Manchester,TN,460,3.099,-86.0782000,35.4967000,city_centroid
1306,7946,PILOT TRAVEL CENTERS #289,"I-90/I-39, EXIT 158 & I-43/SR-81, EXIT 1",Beloit,WI,520,3.799,-89.0589000,42.5351500,city_centroid
1307,7959,SPF #45,"I-25/US-87, EXIT 7 & US-212",Cheyenne,WY,795,3.22566666,-104.7781200,41.1589600,city_centroid
1309,8895,PAULS VALLEY TRAVEL CENTER,"I-35, EXIT 72 & SR-19",Pauls Valley,OK,569,2.999,-97.2195000,34.7385000,city_centroid
1310,8927,LOVES TRAVEL STOP #219,"I-40, EXIT 200",Seminole,OK,560,3.36233333,-96.6694500,35.2383000,city_centroid
1311,8936,CIRCLE K #107,US-220 & CR-902,Ridgeway,VA,65,3.399,-79.8686000,36.5874000,city_centroid
1312,8948,PARK N PUMP CIRCLE C,"I-15, EXIT 222",Nephi,UT,835,3.449,-111.8359000,39.6923000,city_centroid
1313,8961,FLYING J TRAVEL PLAZA #736,"I-20, EXIT 42 & US-285",Pecos,TX,710,3.46566666,-103.5791000,31.4467000,city_centroid
1314,8977,LOVES TRAVEL STOP #168,"I-44, EXIT 20",Walters,OK,253,3.194,-98.3140000,34.3605000,city_centroid
1315,8987,LOVES TRAVEL STOP #255,"I-40, EXIT 287 & SR-100",Webbers Falls,OK,645,3.789,-95.1659000,35.5138000,city_centroid
1316,9160,PILOT TRAVEL CENTERS #912,"I-80, EXIT 300 & SR-40D",Wood River,NE,330,3.28233333,-98.6065000,40.8106000,city_centroid
1317,9161,TREXLER PLAZA TRUCK STOP,I-78/US-22,Allentown,PA,160,3.63233333,-75.5101000,40.6015000,city_centroid
1318,9206,CIRCLE K #4707005,US-2 & SR-4,Farmington,ME,170,3.899,-70.1329000,44.6653000,city_centroid
1319,9216,309 TRUCK STOP,SR-309,Coopersburg,PA,90,3.759,-75.3888000,40.5076000,city_centroid
1320,9241,7-ELEVEN #40286,"I-76, EXIT 23/312",Elverson,PA,160,3.889,-75.7866000,40.1568000,city_centroid
1321,9280,ONVO TRAVEL PLAZA - LAKEWOOD,"I-84, EXIT 20 & SR-507",Greentown,PA,200,3.54566666,-75.2819000,41.3321000,city_centroid
1322,9289,ONVO EXPRESS,"I-81, EXIT 217 & SR-547",Harford,PA,200,3.609,-75.6935000,41.7761000,city_centroid
1323,9340,LANCASTER TRAVEL PLAZA,US-30,Ronks,PA,208,3.899,-76.1673500,40.0235000,city_centroid
1324,9354,BFS FOODS TRUCK PLAZA,"I-79, EXIT 1",Mount Morris,PA,165,4.499,-80.0246000,39.7740000,city_centroid
1325,9365,FLYING J TRAVEL PLAZA #713,"I-95, EXIT 181",Latta,SC,63,3.349,-79.4417000,34.3398000,city_centroid
1326,9381,SCOTT FUEL TRAVEL PLAZA,"I-81, EXIT 199",Dalton,PA,200,3.599,-75.7037000,41.5395000,city_centroid
1327,9382,PILOT TRAVEL CENTERS #286,"I-70, EXIT 10 & SR-127",Eaton,OH,317,3.46233333,-84.6508000,39.7426000,city_centroid
1328,9383,PILOT TRAVEL CENTERS #285,"I-70, EXIT 126 & SR-37",Hebron,OH,315,3.44566666,-82.4919000,39.9535000,city_centroid
1329,9386,PETRO STOPPING CENTER #325,"I-75, EXIT 167",North Baltimore,OH,550,3.27066666,-83.6806000,41.1867000,city_centroid
1330,9403,PILOT TRAVEL CENTERS #280,"I-78, EXIT 7 & SR-173",Bloomsbury,NJ,105,3.809,-75.0966000,40.6437000,city_centroid
1331,9415,7-ELEVEN #40287,"I-76, EXIT 24A/326",Wayne,PA,160,3.889,-75.3978667,40.0130667,city_centroid
1332,9423,PETRO STOPPING CENTER #318,"I-70, EXIT 148",Kingdom City,MO,540,3.05733333,-91.9520000,38.9551000,city_centroid
1333,9449,CORNER PANTRY #127,"I-26, EXIT 115 & US-321",West Columbia,SC,135,3.41233333,-81.1421500,33.9442500,city_centroid
1334,9451,TA BETO JUNCTION TRAVEL CENTER,"I-35, EXIT 155 & US-75",Lebo,KS,336,3.23066666,-95.8222000,38.4161000,city_centroid
1335,9467,TA PORTER TRAVEL CENTERS,"I-94, EXIT 22B & US-20",Chesterton,IN,365,3.849,-87.0470000,41.6143000,city_centroid
1336,9468,TA LAKE STATION,"I-80 & I-94, EXIT 15B",Lake Station,IN,365,3.849,-87.2622000,41.5686000,city_centroid
1337,9469,TA EXPRESS COWPENS #477,"I-85, EXIT 83 & SR-110",Cowpens,SC,210,3.399,-81.8220000,35.0390000,city_centroid
1338,9485,PILOT TRAVEL CENTER #4559,"I-20, EXIT 26",Villa Rica,GA,18,3.389,-84.9297000,33.7173000,city_centroid
1339,9485,PILOT #4559,"I-20, EXIT 26",Villa Rica,GA,18,3.449,-84.9297000,33.7173000,city_centroid
1340,9513,CIRCLE K #2705350,"I-20, EXIT 5 & US-25",North Augusta,SC,135,3.159,-81.9597667,33.5432333,city_centroid
1341,9525,SCOTCHMAN #3891,"I-77, EXIT 65 & SR-9",Richburg,SC,46,3.109,-80.9891000,34.6822000,city_centroid
1342,9528,GO MART FOOD STORE #43,"I-64, EXIT 39 & SR-34",Teays,WV,44,3.499,-81.8805000,38.4754000,city_centroid
1344,9550,Mauston Interstate BP,"I-90/I-94, EXIT 69 & SR-82",Mauston,WI,420,3.22733333,-90.0641000,43.7934000,city_centroid
1345,9553,LYNDON STATION BP,I-90 & 94 EXIT 79,Lyndon Station,WI,420,3.177,-89.8915000,43.6899000,city_centroid
1346,9554,BIG D OIL #2,US-85 & US-34,Belle Fourche,SD,506,3.22733333,-103.8396000,44.6723000,city_centroid
1347,9614,DITTYS,"I-90, EXIT 284 & SR-45",Kimball,SD,455,3.089,-98.9584000,43.7467000,city_centroid
1348,9618,FLYING J #477,US-75,Anna,TX,630,3.239,-96.5639000,33.3445000,city_centroid
1349,9638,PILOT TRAVEL CENTERS #62,"I-95, EXIT 170 & SR-327",Florence,SC,46,3.349,-79.7062500,34.1379667,city_centroid
1350,9668,COFFEE CUP FUEL STOP #4,"I-90, EXIT 310 & SR-281",Plankinton,SD,455,3.02733333,-98.4694000,43.7373000,city_centroid
1352,9699,SPEEDWAY #9400,US-30/US-62 & SR-297,Canton,OH,249,3.369,-81.3847250,40.8151437,city_centroid
1353,9703,PILOT TRAVEL CENTERS #2,"I-90, EXIT 223 & SR-45",Austinburg,OH,305,3.859,-80.8584000,41.7554000,city_centroid
1354,9712,TA GREENSBORO TRAVEL CENTER,"I-40 & I-85, EXIT 138 & SR-61",Whitsett,NC,65,3.99733333,-79.5972000,36.0330000,city_centroid
1355,9713,TA Express Vermillion #275,"I-29, EXIT 26 & SR-50",Burbank,SD,572,3.099,-96.8466000,42.7638000,city_centroid
1356,9717,COFFEE CUP FUEL STOP #8,"I-90, EXIT 212 & SR-83",Vivian,SD,455,3.09733333,-100.2860000,43.9535000,city_centroid
1357,9724,One9 #1339,"I-81, EXIT 34",Parish,NY,190,3.799,-76.1000000,43.4153000,city_centroid
1358,9746,TA MILL CITY TRAVEL CENTER,"I-80, EXIT 151",Imlay,NV,966,3.794,-118.0344000,40.5484000,city_centroid
1359,9747,GOOD TO GO TRAVEL CENTER,"I-80, EXIT 353 & US-81",York,NE,350,3.31733333,-97.5825000,40.8667000,city_centroid
1360,9763,DELUXE TRUCK STOP,SR-759,Saint Joseph,MO,400,3.149,-94.8366500,39.7495250,city_centroid
1361,9783,KANGAROO CROSSING #1101,"I-55, EXIT 144",Pickens,MS,705,3.099,-89.9737000,32.8905000,city_centroid
1363,9808,TA ANN ARBOR TRAVEL CENTER,"I-94, EXIT 167",Dexter,MI,325,3.699,-83.9000000,42.3583000,city_centroid
1364,9808,TA ANN ARBOR TRAVEL CENTER,"I-94, EXIT 167",Dexter,MI,325,3.499,-83.9000000,42.3583000,city_centroid
1365,9808,TA ANN ARBOR TRAVEL CENTER,"I-94, EXIT 167",Dexter,MI,325,3.649,-83.9000000,42.3583000,city_centroid
1366,9808,TA ANN ARBOR TRAVEL CENTER,"I-94, EXIT 167",Dexter,MI,325,3.629,-83.9000000,42.3583000,city_centroid
1368,9818,CIRCLE K #4707002,"I-95, EXIT 157",Newport,ME,170,3.899,-69.2675000,44.8393000,city_centroid
1369,9821,PILOT TRAVEL CENTERS #52,"I-24, EXIT 64",La Vergne,TN,460,3.47233333,-86.4905000,35.9361500,city_centroid
1370,9842,Petes #03,US-59 & US-54,Moran,KS,336,3.26566666,-95.1700110,37.9215830,census
1371,9843,MAPLE HILL TRUCK STOP,"I-70, EXIT 341",Maple Hill,KS,553,3.05233333,-96.0397000,39.0447000,city_centroid
1372,9851,KWIK STOP #86,US-151/US-52/US-61,Dubuque,IA,335,3.489,-90.6919500,42.4981750,city_centroid
1373,9855,PILOT TRAVEL CENTER #37,"I-65, EXIT 95",Whiteland,IN,375,3.959,-86.0723000,39.5611000,city_centroid
1374,9855,PILOT TRAVEL CENTERS #37,"I-65, EXIT 95",Whiteland,IN,375,3.959,-86.0723000,39.5611000,city_centroid
1375,9860,PARADISE AUTO TRUCK PLAZA,US-31,Rochester,IN,370,3.40566666,-86.2310000,41.0655000,city_centroid
1376,9862,PILOT TRAVEL CENTER #271,"I-80, EXIT 6",Gary,IN,365,3.829,-87.3397125,41.5794375,city_centroid
1377,9862,PILOT TRAVEL CENTERS #271,"I-80, EXIT 6",Gary,IN,365,3.799,-87.3397125,41.5794375,city_centroid
1378,9887,7-ELEVEN #40354,"I-95, EXIT 173",Palm Bay,FL,140,3.21566666,-80.6415167,28.0167833,city_centroid
1379,9941,FLYING J TRAVEL PLAZA #609,"I-10, EXIT 208-A",Eloy,AZ,930,3.45233333,-111.5833000,32.7509000,city_centroid
1380,9945,CIRCLE K #2706690,"I-85/US-29, EXIT 62 & US-280/US-431/SR-38/SR-1",Opelika,AL,50,2.999,-85.3464333,32.6001333,city_centroid
1381,9959,FLYING J #876,"I-95, EXIT 104",Ruther Glen,VA,180,3.619,-77.4714000,37.9451000,city_centroid
1382,9962,STRIPES #40673,"I-45, EXIT 179",Mcallen,TX,639,3.289,-98.2294200,26.2216400,city_centroid
1383,9971,TA DANSVILLE TRAVEL CENTER,"I-390 & COMMERCE, EXIT 5",Dansville,NY,190,4.499,-77.7109000,42.5700000,city_centroid
1384,9973,BOLLA MARKET,"I-287, EXIT 66",Mahwah,NJ,115,3.53233333,-74.1752500,41.0928000,city_centroid
1385,9990,JIMS BEST STOP,US-45 & US-64,Selmer,TN,435,3.174,-88.5958000,35.1691000,city_centroid
1386,9995,LOVES TRAVEL STOP #411,"I-35 & I-80, EXIT 125 & US-6",Clive,IA,320,3.34066666,-93.7457000,41.6067000,city_centroid
1387,9997,Circle K #2723687,"I-20, EXIT 11 & US-27/SR-1",Bremen,GA,193,3.08733333,-85.1286000,33.7309000,city_centroid
1388,10006,FLINT HILLS FUEL MART,US-50 & US-77,Florence,KS,336,3.499,-96.9346000,38.2415000,city_centroid
1389,10007,CIRCLE K #2705346,SR-307,Savannah,GA,195,3.03233333,-81.1007769,32.0269615,city_centroid
1392,10020,Maplefields,"US-4, EXIT 2 & SR-22A",Fair Haven,VT,39,3.599,-73.2701000,43.6234000,city_centroid
1393,10024,MILLERS TRAVEL CENTER,US-6 & US-50,Wellington,UT,835,3.659,-110.7350000,39.5423000,city_centroid
1394,10028,GOOD TO GO #10,US-35,Winamac,IN,290,3.914,-86.6307000,41.0562000,city_centroid
1395,10030,LOVES TRAVEL STOP #715,I-77 EXIT 58 & SR-666 & US-52,Bastian,VA,185,3.59733333,-81.1989000,37.1574000,city_centroid
1397,10047,TOWN PUMP FOOD STORE #8929,"I-15, EXIT 339",Conrad,MT,815,3.599,-111.9397000,48.1783000,city_centroid
1398,10053,BECKS #27,"I-39/US-51, EXIT 72 & US-34",Mendota,IL,270,3.269,-89.1083000,41.5443000,city_centroid
1401,10058,CITGO,US-431/SR-1 & SR-27,Abbeville,AL,10,3.399,-85.2790000,31.5755000,city_centroid
1402,10065,ROAD MART,US-71/US-59,Ashdown,AR,723,3.299,-94.1351000,33.6787000,city_centroid
1403,10077,FLYING J TRAVEL PLAZA #607,"I-55, EXIT 4 & I-40, EXIT 280",West Memphis,AR,435,3.15066666,-90.1812000,35.1474500,city_centroid
1404,10085,EL CENTRO TRAVEL CENTER,"I-8, EXIT 115 & SR-86",El Centro,CA,900,4.499,-115.6296000,32.7920500,city_centroid
1407,10104,GEO H GREEN OIL,"I-85/SR-403, EXIT 41 & US-27 ALT",Newnan,GA,18,3.199,-84.7754500,33.3694500,city_centroid
1408,10109,GIT N GO CONVENIENCE STORE #34,"US-30, EXIT 185 & SR-14",Marshalltown,IA,320,3.119,-92.9127000,42.0405000,city_centroid
1409,10110,JACKSON'S FOODS DBA ONE9 #1427,"I-84, EXIT 36",Nampa,ID,785,3.37066666,-116.6121200,43.6026800,city_centroid
1410,10116,Petro Stopping Center #359,"I-39/US-51, EXIT 99 & SR-38",Rochelle,IL,520,3.759,-89.0710000,41.9282000,city_centroid
1411,10122,LOVES TRAVEL STOP #417,"I-80 & I-94, EXIT 9A",Gary,IN,365,3.809,-87.3397125,41.5794375,city_centroid
1412,10126,PILOT TRAVEL CENTERS #152,"I-65, EXIT 16 & MEMPHIS RD",Memphis,IN,415,3.959,-85.7775000,38.4642000,city_centroid
1413,10126,PILOT TRAVEL CENTER #152,"I-65, EXIT 16 & MEMPHIS RD",Memphis,IN,415,3.959,-85.7775000,38.4642000,city_centroid
1414,10128,PETES #20,US-54/SR-7 & US-69,Fort Scott,KS,307,3.199,-94.7148000,37.8216000,city_centroid
1415,10135,YESWAY #1116,"I-35, EXIT 60",Mcpherson,KS,434,3.259,-97.6702000,38.3763000,city_centroid
1416,10142,PILOT TRAVEL CENTERS #438,"I-65, EXIT 6 & SR-100",Franklin,KY,415,3.169,-86.5736000,36.7238500,city_centroid
1417,10144,PILOT TRAVEL CENTERS #358,"I-24 & US-305, EXIT 3",Paducah,KY,490,3.699,-88.6563667,37.0619000,city_centroid
1418,10146,PILOT TRAVEL CENTERS #437,"I-75, EXIT 11 & SR-92",Williamsburg,KY,410,3.609,-84.1394000,36.7470000,city_centroid
1419,10150,PILOT TRAVEL CENTERS #300,"I-12, EXIT 40",Hammond,LA,725,3.23233333,-90.4752250,30.5072000,city_centroid
1420,10154,I 49 TRUCK STOP,"I-49, EXIT 23 & US-167",Opelousas,LA,600,3.199,-92.0856000,30.5239500,city_centroid
1421,10157,J AND H OIL,"US-131, EXIT 72",Byron Center,MI,344,3.599,-85.7136000,42.8016000,city_centroid
1422,10157,J AND H OIL,"US-131, EXIT 72",Byron Center,MI,344,3.499,-85.7136000,42.8016000,city_centroid
1423,10161,SPEEDWAY #8740,"I-69, EXIT 87",Dewitt,MI,342,3.759,-84.5797000,42.8428000,city_centroid
1424,10161,SPEEDWAY #8740,"I-69, EXIT 87",Dewitt,MI,342,3.599,-84.5797000,42.8428000,city_centroid
1425,10168,Express Stop,"I-94, EXIT 145",Jackson,MI,385,3.589,-84.4025750,42.2482000,city_centroid
1426,10172,EXPRESS STOP FOOD STORE #4647,"I-75, EXIT 151 & SR- 81",Saginaw,MI,260,3.399,-83.9940000,43.4243900,city_centroid
1427,10181,QUIKTRIP #611,I-55 EXIT 178,Herculaneum,MO,540,2.99066666,-90.3896000,38.2625000,city_centroid
1428,10184,CIRCLE K #2721544,"I-55, EXIT 243 & US-278/SR-6",Batesville,MS,435,3.309,-89.9443000,34.3115000,city_centroid
1429,10192,INTERSTATE STATION #8,"I-55, EXIT 78",Natchez,MS,760,3.399,-91.3906000,31.5267333,city_centroid
1430,20000,BIG BOYS TRUCK STOP,"I-95, EXIT 105",Kenly,NC,205,3.299,-78.1382000,35.6077000,city_centroid
1431,20003,PILOT #7976,"I-77, EXIT 42",Troutman,NC,46,3.659,-80.8822000,35.6863000,city_centroid
1432,20006,CENEX C STORE,US-52,Kenmare,ND,452,3.46733333,-102.0852000,48.7182000,city_centroid
1433,20009,BIG SPRINGS TRUCK AND TRAVEL,"I-80, EXIT 107",Big Springs,NE,475,3.074,-102.0933000,41.0696000,city_centroid
1434,20011,CUBBYS #111,US-81,Norfolk,NE,470,3.209,-97.4199500,42.0306000,city_centroid
1435,20012,FLYING J TRAVEL PLAZA #686,"I-80, EXIT 432",Gretna,NE,319,3.28233333,-96.2458000,41.1345000,city_centroid
1436,20014,SIMONS EXIT 16,"I-89, EXIT 16",Enfield,NH,39,3.499,-72.1270000,43.6256000,city_centroid
1437,20019,SUNOCO,"I-295, EXIT 2C & SR-140",Penns Grove,NJ,150,3.459,-75.4495000,39.6994000,city_centroid
1439,20027,LOVES TRAVEL STOP #262,"I-40, EXIT 333",Tucumcari,NM,585,3.889,-103.7179000,35.1680000,city_centroid
1440,20028,MORTONS TRUCK STOP,"I-15, EXIT 46",North Las Vegas,NV,910,3.399,-115.1452600,36.2522600,city_centroid
1441,20031,FLYING J TRAVEL PLAZA #770,"I-80, EXIT 176",Winnemucca,NV,966,3.77733333,-117.7534500,41.0214000,city_centroid
1442,20033,LOVES TRAVEL STOP #772,"I-86 & SR-17, EXIT 37",Bath,NY,190,4.489,-77.3028000,42.3575000,city_centroid
1443,20036,SMOKIN JOES,I-90 EXIT 24,Sanborn,NY,38,3.699,-78.8785000,43.1419000,city_centroid
1444,20042,FLYING J TRAVEL PLAZA #700,I-80 & I-90 EXIT 71,Perrysburg,OH,550,3.759,-83.6099500,41.5499500,city_centroid
1445,20043,FRIENDSHIP FOOD MART #70,SR-2 & SR-53,Port Clinton,OH,550,3.939,-82.9377000,41.5120000,city_centroid
1446,20045,PILOT TRAVEL CENTERS #281,"I-80, EXIT 226",Girard,OH,573,3.45233333,-80.6933000,41.1611000,city_centroid
1447,20049,LOVES TRAVEL STOP #263,"I-44, EXIT 45 & SR-49",Lawton,OK,569,3.21733333,-98.4124800,34.6147200,city_centroid
1448,20050,LOVES TRAVEL STOP #260,"I-35, EXIT 106 & SR-9 W",Norman,OK,483,3.254,-97.4136500,35.2138167,city_centroid
1449,20054,Jacksons Food Stores,"I-84, EXIT 261",La Grande,OR,925,3.687,-118.0852000,45.3304000,city_centroid
1450,20062,PILOT TRAVEL CENTERS #298,"I-80, EXIT 256 & SR-93",Drums,PA,200,3.97566666,-75.9768000,41.0255000,city_centroid
1451,20066,KWIK FILL #228,"I-90, EXIT 45 & US-20",North East,PA,240,4.089,-79.8332000,42.2008000,city_centroid
1452,20070,ONVO TRAVEL PLAZA - PROMISED LAND,"I-84, EXIT 26 & SR-390",Tafton,PA,200,3.54566666,-75.1830000,41.4045000,city_centroid
1453,20072,PILOT TRAVEL CENTERS #310,"I-85, EXIT 63 & SR-290",Duncan,SC,210,3.43233333,-82.1258000,34.9176000,city_centroid
1454,20079,PETRO KINGSTON SPRINGS #349,"I-40, EXIT 188",Kingston Springs,TN,460,3.23233333,-87.1156000,36.0953000,city_centroid
1455,20082,GOLDEN EXPRESS TRUCK STOP,US-287/US-81 & CR-1595,Alvord,TX,637,3.049,-97.6885000,33.3698000,city_centroid
1456,20083,FLYING J TRAVEL PLAZA #724,"I-10, EXIT 0",Anthony,TX,640,3.459,-106.5976000,31.9907000,city_centroid
1457,20086,LOVES TRAVEL STOP #609,"I-35, EXIT 471 & US-77",Denton,TX,630,3.24733333,-97.1196400,33.2053900,city_centroid
1458,20105,CEFCO #1050,"I-30, EXIT 146 & US-37",Mount Vernon,TX,723,2.94233333,-95.2181000,33.1702000,city_centroid
1459,20108,TEX-BEST #501,"I-37, EXIT 125",Elmendorf,TX,740,2.949,-98.3720000,29.2308000,city_centroid
1461,20114,CROSSROADS,"I-10, EXIT 829 & SR-124",Winnie,TX,610,4.249,-94.3395000,29.8157000,city_centroid
1462,20118,KWIK TRIP #648,"I-94, EXIT 116 & SR-54",Black River Falls,WI,395,3.23733333,-90.8313000,44.2954000,city_centroid
1463,20119,FREMONT CITGO,US-10 & SR-110,Fremont,WI,444,3.399,-88.8449000,44.2379000,city_centroid
1464,20121,GO MART FOOD STORE #50,"I-77/I-64, EXIT 44 & SR-3",Beckley,WV,44,3.599,-81.2153000,37.7710500,city_centroid
1465,44228,I-69 TRUCKSTOP TRAVEL CENTER,"I-69, EXIT 184 & SR-19",Memphis,MI,342,3.599,-82.8046000,42.9410000,city_centroid
1466,44228,I-69 TRUCKSTOP TRAVEL CENTER,"I-69, EXIT 184 & SR-19",Memphis,MI,342,3.499,-82.8046000,42.9410000,city_centroid
1467,44228,I-69 TRUCKSTOP TRAVEL CENTER,"I-69, EXIT 184 & SR-19",Memphis,MI,342,3.549,-82.8046000,42.9410000,city_centroid
1468,52040,REBEL TRUCK STOP,"I-5, EXIT 27",Kalama,WA,935,4.499,-122.8166000,46.0112000,city_centroid
1469,52048,PILOT TRAVEL CENTERS #302,"I-10, EXIT 13 & CR-30",Theodore,AL,715,3.199,-88.2170000,30.5162000,city_centroid
1470,52048,PILOT TRAVEL CENTER #302,"I-10, EXIT 13 & CR-30",Theodore,AL,715,3.159,-88.2170000,30.5162000,city_centroid
1471,52052,EXPRESSWAY MOBIL,US-63 & US-167,El Dorado,AR,635,3.599,-92.6646000,33.2074500,city_centroid
1472,52065,76 DBA ONE9 #1415,"I-75, EXIT 49",Lake Panasoffkee,FL,225,3.17233333,-82.1363000,28.7953000,city_centroid
1474,52070,FRIENDLY EXPRESS #31,US-1 & US-301,Folkston,GA,75,3.099,-82.0116000,30.8508000,city_centroid
1475,52081,MCCLURE OIL #9,US-31 & SR-18,Kokomo,IN,375,3.839,-86.1331333,40.4731000,city_centroid
1476,52085,RUSSELL 24/7,"I-70, EXIT 184",Russell,KS,357,3.00733333,-98.8595000,38.8806000,city_centroid
1477,52088,CASEYS #4459,"I-64, EXIT 265",Mayfield,KY,490,3.249,-88.6506000,36.7327000,city_centroid
1478,52089,SHELL,US-84 & SR-28,Jonesville,LA,719,3.399,-91.8678000,31.6862000,city_centroid
1479,52090,SHOP A LOTT #10,"I-49, EXIT 138 & SR-6",Natchitoches,LA,766,3.12566666,-93.0853500,31.7546500,city_centroid
1480,52099,BEACON & BRIDGE #7,"I-75, EXIT 126",Mount Morris,MI,342,3.379,-83.6895000,43.1160000,city_centroid
1481,52103,SPRINT MART #27,US-45 & US-72,Corinth,MS,435,3.05566666,-88.5567000,34.8982000,city_centroid
1482,52104,BLUE SKY #734,SR-1,Saltillo,MS,435,3.08233333,-88.6674000,34.3831000,city_centroid
1483,52106,FLYING J TRAVEL PLAZA #923 -TOWN PUMP,"I-90, EXIT 455",Billings,MT,780,3.58066666,-108.5363667,45.8148833,city_centroid
1484,52107,PILOT #7983,"I-85, EXIT 71",Salisbury,NC,46,3.499,-80.4824250,35.6586500,city_centroid
1485,52112,SROKAS SERVICE CENTER,SR-149,Fort Ann,NY,12,3.799,-73.4784000,43.4285000,city_centroid
1486,52112,SROKAS SERVICE CENTER,SR-149,Fort Ann,NY,12,3.899,-73.4784000,43.4285000,city_centroid
1487,52112,SROKAS SERVICE CENTER,SR-149,Fort Ann,NY,12,3.999,-73.4784000,43.4285000,city_centroid
1488,52128,Sudden Service #8087,I-40 EXIT 238,Lebanon,TN,460,3.199,-86.2855000,36.1788000,city_centroid
1489,52140,Sinclair,"I-82, EXIT 69",Sunnyside,WA,925,4.599,-120.0126000,46.3213000,city_centroid
1490,52142,PILOT TRAVEL CENTERS #296,"I-94 & BAKER RD, EXIT 167",Dexter,MI,325,3.499,-83.9000000,42.3583000,city_centroid
1491,52142,PILOT TRAVEL CENTERS #296,"I-94 & BAKER RD, EXIT 167",Dexter,MI,325,3.659,-83.9000000,42.3583000,city_centroid
1492,52142,PILOT TRAVEL CENTERS #296,"I-94 & BAKER RD, EXIT 167",Dexter,MI,325,3.579,-83.9000000,42.3583000,city_centroid
1493,52142,PILOT TRAVEL CENTERS #296,"I-94 & BAKER RD, EXIT 167",Dexter,MI,325,3.649,-83.9000000,42.3583000,city_centroid
1494,52143,One9 #319,"I-75, EXIT 328",Dalton,GA,285,3.01566666,-84.9607250,34.7680000,city_centroid
1497,52146,FLYING J TRAVEL PLAZA #758,"I-25, EXIT 185 & SR-258",Casper,WY,790,3.999,-106.3313800,42.8537400,city_centroid
1498,52149,PILOT TRAVEL CENTERS #321,"I-75/71, EXIT 175 & SR-338",Walton,KY,300,3.08566666,-84.6328000,38.8875000,city_centroid
1499,52150,PILOT TRAVEL CENTERS #311,"I-90, EXIT 27 & SR-97",Erie,PA,240,4.21566666,-80.0682786,42.1187071,city_centroid
1501,52153,PILOT TRAVEL CENTER #1412,"I-94 & RUSSELL RD, EXIT 1",Wadsworth,IL,444,3.769,-87.9040000,42.4460000,city_centroid
1502,52153,PILOT #1412,"I-94 & RUSSELL RD, EXIT 1",Wadsworth,IL,444,3.829,-87.9040000,42.4460000,city_centroid
1503,52153,PILOT #1412,"I-94 & RUSSELL RD, EXIT 1",Wadsworth,IL,444,3.769,-87.9040000,42.4460000,city_centroid
1504,52155,TA SOUTHINGTON TRAVEL CENTER,"I-84, EXIT 28 & US-65",Milldale,CT,100,5.199,-72.8918000,41.5659000,city_centroid
1505,52163,PILOT TRAVEL CENTER #67,"I-75, EXIT 296",Cartersville,GA,18,3.56566666,-84.7938500,34.1974500,city_centroid
1506,52163,PILOT TRAVEL CENTERS #67,"I-75, EXIT 296",Cartersville,GA,18,3.549,-84.7938500,34.1974500,city_centroid
1507,52212,FLYING J TRAVEL PLAZA #763,"I-80, EXIT 209",Rawlins,WY,795,3.749,-107.2349000,41.7951000,city_centroid
1509,52222,FLYING J TRAVEL PLAZA #735,"I-10, EXIT 873 & SR-62",Orange,TX,610,3.309,-93.8144667,30.1138000,city_centroid
1510,52230,ONE9 #294,"I-15 & I-84, EXIT 344 SR-39",Ogden,UT,835,3.32566666,-111.9692778,41.2324889,city_centroid
1511,52233,SPEEDWAY #2953,"US-80, EXIT 3",Yuma,AZ,900,3.46566666,-114.5585400,32.6805400,city_centroid
1513,52236,CHEVRON,US-60,Globe,AZ,930,4.299,-110.7878500,33.3983000,city_centroid
1514,52239,PILOT TRAVEL CENTER #192,"I-75, EXIT 60",Tifton,GA,10,3.619,-83.5436000,31.4629000,city_centroid
1515,52239,PILOT TRAVEL CENTERS #192,"I-75, EXIT 60",Tifton,GA,10,3.599,-83.5436000,31.4629000,city_centroid
1516,52241,Rocket,"I-25/US-85/US-87, EXIT 161 & SR-105",Monument,CO,803,3.195,-104.8542000,39.1007000,city_centroid
1517,52250,PILOT TRAVEL CENTERS #222,I-84 EXIT 1,Sturbridge,MA,215,4.159,-72.0842000,42.1126000,city_centroid
1518,52255,GREATER CHICAGO I 55,"I-55, EXIT 267 & SR-53",Bolingbrook,IL,290,3.609,-88.1138000,41.6883000,city_centroid
1519,52255,GREATER CHICAGO I 55,"I-55, EXIT 267 & SR-53",Bolingbrook,IL,290,3.319,-88.1138000,41.6883000,city_centroid
1520,52262,CIRCLE K #2721577,US-84 & SR-21,Monroeville,AL,715,3.434,-87.3410500,31.5187000,city_centroid
1521,52278,NEIGHBORS EXPRESS,US-25/SR-121/SR-23/SR-67,Millen,GA,135,3.38233333,-81.9618000,32.7877000,city_centroid
1522,52297,IGA EXPRESS SHELL #874,"I-65, EXIT 20",Bowling Green,KY,460,2.999,-86.4200500,36.9608750,city_centroid
1523,52299,415 TRUCK STOP,"I-10, EXIT 151 & SR-415",Port Allen,LA,600,3.089,-91.2541000,30.4720000,city_centroid
1524,52302,LONGHORN TRUCK AND CAR PLAZA,"I-10, EXIT 4",Vinton,LA,690,3.274,-93.5728000,30.2015000,city_centroid
1525,52304,Fast Stop,"I-10, EXIT 182 & SR-22",Sorrento,LA,600,3.699,-90.8631000,30.1854000,city_centroid
1526,52307,CASEYS #3002,SR-60 & SR-30/SR-4,Saint James,MN,425,3.219,-94.6229000,43.9875000,city_centroid
1527,52313,CIRCLE K #2723445,"I-20, EXIT 5A & US-61/SR-27",Vicksburg,MS,760,2.959,-90.8516333,32.3534667,city_centroid
1528,52322,BOLLA MARKET,"I-95, EXIT 13",Elizabeth,NJ,115,3.099,-74.2151000,40.6667250,city_centroid
1529,52323,POWER,"I-78, EXIT 58 & SR-9/SR-1",Newark,NJ,115,4.299,-74.1971917,40.7392333,city_centroid
1530,52325,MIRABITO #69,"I-88, EXIT 15 & SR-23",Oneonta,NY,12,3.999,-75.0491000,42.4625000,city_centroid
1531,52326,MR FUEL #715,"I-70, EXIT 203",Foristell,MO,540,2.92566666,-90.9343000,38.7626000,city_centroid
1532,52334,KWIK TRIP #775,"I-90, EXIT 69 & SR-82",Mauston,WI,420,3.28733333,-90.0641000,43.7934000,city_centroid
1533,52335,SHELL,"I-295, EXIT 3",Disputanta,VA,180,3.029,-77.2732000,37.1483000,city_centroid
1534,52340,KWIK FILL #249,US-22,Duncansville,PA,14,4.07233333,-78.4383000,40.4262000,city_centroid
1535,52344,STAMART 1224,"I-94, EXIT 166",Bismarck,ND,273,3.61566666,-100.7416800,46.8152000,city_centroid
1536,52346,QUARLES #4436,"I-695, EXIT 41 & SR-151",Dundalk,MD,22,3.699,-76.4935000,39.2655000,city_centroid
1539,52363,SPEEDWAY #2376,US-131 & SR-46,Cedar Springs,MI,456,3.899,-85.5452000,43.2215000,city_centroid
1540,52364,PILOT TRAVEL CENTERS #335,"I-20 & SR-137, EXIT 138",Rayville,LA,760,3.21233333,-91.7433000,32.4456000,city_centroid
1541,52365,MOORES SUPER STORE,US-43/US-278/SR-171,Hamilton,AL,615,3.799,-88.0085000,34.1534000,city_centroid
1542,52366,ALMA TRAVEL MART,"I-40, EXIT 13 & US-71",Alma,AR,645,3.33233333,-94.2073000,35.5000000,city_centroid
1543,52367,DOSWELL TRUCK STOP,"I-95, EXIT 98 & SR-30",Doswell,VA,180,2.899,-77.5125000,37.8417000,city_centroid
1544,52383,FLYING J TRAVEL PLAZA #601,"I-20/I-59, EXIT 104",Mc Calla,AL,615,3.17066666,-87.1024000,33.2845000,city_centroid
1545,52384,PILOT TRAVEL CENTERS #337,"I-95, EXIT 164 & US-52",Florence,SC,46,3.349,-79.7062500,34.1379667,city_centroid
1546,52385,Flying J Travel Plaza #696,"I-71, EXIT 131",Sunbury,OH,315,3.719,-82.8511000,40.2655000,city_centroid
1547,52387,MARATHON,"I-55, EXIT 265 & SR-4",Senatobia,MS,435,3.199,-89.8855000,34.6323000,city_centroid
1548,52388,FLYING J TRAVEL PLAZA #711,"I-85, EXIT 102",Blacksburg,SC,46,3.429,-81.4942000,35.1095000,city_centroid
1549,52393,CASEYS #3004,SR-15 & CR-52,Truman,MN,425,3.299,-94.4319000,43.8200000,city_centroid
1550,52400,PILOT TRAVEL CENTERS #324,"I-94/US-41, EXIT 329",Franksville,WI,444,3.889,-87.9873000,42.7859000,city_centroid
1551,52401,LOVES TRAVEL STOP #267,"I-40, EXIT 107 & SR-95",Morrilton,AR,695,3.36066666,-92.7354000,35.1692000,city_centroid
1552,52402,FLYING J TRAVEL PLAZA #665,"I-20, EXIT 3 & SR-79",Greenwood,LA,745,3.14566666,-93.9730000,32.4429000,city_centroid
1553,52403,FLYING J TRAVEL PLAZA #676,"I-10, EXIT 31",Gulfport,MS,733,3.14566666,-89.0724750,30.4136750,city_centroid
1554,52404,PETRO WELLS,"I-80, EXIT 352",Wells,NV,835,3.73233333,-114.9645000,41.1116000,city_centroid
1555,52405,FLYING J TRAVEL PLAZA #636,"I-80, EXIT 292",Davenport,IA,270,3.87233333,-90.5874000,41.5517714,city_centroid
1556,52411,SAPP BROS TRAVEL CENTER,"I-215, EXIT 21",Salt Lake City,UT,835,3.399,-111.8778419,40.7262129,city_centroid
1557,52413,PILOT TRAVEL CENTERS #360,"I-75 & SR-613, EXIT 164",Findlay,OH,411,3.31566666,-83.6478000,41.0445500,city_centroid
1558,52414,Mobil dba ONE9 #1341,"I-5, EXIT 208",Arlington,WA,977,3.799,-122.1121000,48.1829000,city_centroid
1559,52421,SHEETZ #194,"I-80, EXIT 97",Falls Creek,PA,14,3.30733333,-78.8128000,41.1455000,city_centroid
1560,52422,KWIK TRIP #674,"I-94, EXIT 45 & US-12/SR-29",Menomonie,WI,295,3.499,-91.9265000,44.8718000,city_centroid
1561,52423,PILOT TRAVEL CENTER #908- TOWN PUMP,"I-15 & I-90, EXIT 122",Butte,MT,816,3.56566666,-112.6217750,45.9775750,city_centroid
1562,52426,J MART #322,"I-65, EXIT 322",Falkville,AL,615,3.199,-86.9131000,34.3477000,city_centroid
1563,52427,PILOT TRAVEL CENTERS #340,"I-80, EXIT 46",Fernley,NV,966,3.91566666,-119.2350000,39.6019000,city_centroid
1564,52428,PILOT TRAVEL CENTERS #338,"I-26, EXIT 115 & US-321",West Columbia,SC,135,3.499,-81.1421500,33.9442500,city_centroid
1565,52430,CHEVRON FOOD MART,"I-75, EXIT 350 & SR-2",Ringgold,GA,285,2.859,-85.1549000,34.9205000,city_centroid
1566,52431,WOODBINE TRAVEL CENTER,"I-95, EXIT 14",Woodbine,GA,75,3.03233333,-81.6783000,30.9437000,city_centroid
1567,52435,CM WINNERS CHOICE,"I-10 & SR-108, EXIT 23",Sulphur,LA,690,3.299,-93.3780333,30.2280333,city_centroid
1568,52438,NEW MADRID,"I-55, EXIT 52/SR-P",New Madrid,MO,275,3.269,-89.5366000,36.6073000,city_centroid
1569,52439,CIRCLE K #2723395,US-11,Hattiesburg,MS,620,3.199,-89.3403000,31.2882750,city_centroid
1570,52441,PILOT #6990,"I-95, EXIT 106",Kenly,NC,205,3.709,-78.1382000,35.6077000,city_centroid
1571,52450,PILOT #1290,"I-35, EXIT 410 & US-77",Red Oak,TX,630,3.299,-96.8071000,32.5185000,city_centroid
1572,52452,PLAINVIEW TRAVEL PLAZA,"US-41, EXIT 113 & SR-26",Oshkosh,WI,444,3.199,-88.5803750,44.0289000,city_centroid
1573,52454,PILOT TRAVEL CENTERS #6,"I-70, EXIT 178 & SR-209",Cambridge,OH,315,3.509,-81.5820000,40.0270000,city_centroid
1574,52455,LOVES TRAVEL STOP #266,"I-35, EXIT 32",Ardmore,OK,253,3.649,-97.1903000,34.2066000,city_centroid
1575,52456,PILOT TRAVEL CENTERS #317,"I-44, EXIT 4 (ST 435)",Joplin,MO,277,3.41233333,-94.5095667,37.0758667,city_centroid
1576,52458,PILOT TRAVEL CENTERS #332,"I-40, EXIT 161 & SR-391",North Little Rock,AR,695,3.239,-92.2723500,34.7902875,city_centroid
1577,52458,PILOT TRAVEL CENTER #332,"I-40, EXIT 161 & SR-391",North Little Rock,AR,695,3.237,-92.2723500,34.7902875,city_centroid
1578,52461,FLORENCE VALERO,US-130,Burlington,NJ,160,3.13566666,-74.8454000,40.0680000,city_centroid
1579,52463,PILOT TRAVEL CENTERS #341,"I-15, EXIT 48",North Las Vegas,NV,910,3.69566666,-115.1452600,36.2522600,city_centroid
1580,52464,7-ELEVEN #40118,ST 220 & I-180,Muncy,PA,138,4.359,-76.7633000,41.2137000,city_centroid
1581,52465,FLYING J TRAVEL PLAZA #605,"I-40, EXIT 84",Russellville,AR,695,3.369,-93.0977250,35.3231000,city_centroid
1582,52466,FLYING J TRAVEL PLAZA #784,"I-95, EXIT 100 & SR-272",North East,MD,22,4.199,-75.9538000,39.6045000,city_centroid
1585,52469,LOVES TRAVEL STOPS #269,US-287/US-82/SR-79 & US-281,Wichita Falls,TX,770,3.149,-98.5046375,33.9061500,city_centroid
1586,52469,LOVES TRAVEL STOP #269,US-287/US-82/SR-79 & US-281,Wichita Falls,TX,770,3.123,-98.5046375,33.9061500,city_centroid
1587,52470,QUIKTRIP #562,"I-80, EXIT 136",Des Moines,IA,320,3.04733333,-93.6192375,41.5973500,city_centroid
1588,52471,FLYING J TRAVEL PLAZA #695,"I-75, EXIT 135",Beaverdam,OH,411,3.33066666,-83.9758000,40.8314000,city_centroid
1589,52472,FLYING J TRAVEL PLAZA #708,"I-81, EXIT 52",Carlisle,PA,70,4.109,-77.2147500,40.2094500,city_centroid
1590,52473,FLYING J TRAVEL PLAZA #743,"I-15, EXIT 222",Nephi,UT,835,3.71566666,-111.8359000,39.6923000,city_centroid
1591,52474,PILOT TRAVEL CENTERS #17,"I-94, EXIT 104",Battle Creek,MI,406,3.959,-85.1487400,42.3029600,city_centroid
1592,52474,PILOT TRAVEL CENTERS #17,"I-94, EXIT 104",Battle Creek,MI,406,3.999,-85.1487400,42.3029600,city_centroid
1593,52474,PILOT TRAVEL CENTERS #17,"I-94, EXIT 104",Battle Creek,MI,406,3.979,-85.1487400,42.3029600,city_centroid
1594,52477,PETRO FARGO #361,"I-94, EXIT 348",Fargo,ND,341,3.499,-96.8160333,46.8611000,city_centroid
1595,52478,LOVES TRAVEL STOP #418,"I-64, EXIT 172",Grayson,KY,255,3.75566666,-82.9485000,38.3326000,city_centroid
1596,52479,PETRO CARNESVILLE #377,"I-85, EXIT 160",Carnesville,GA,16,3.154,-83.2547000,34.3631000,city_centroid
1597,52480,LOVES TRAVEL STOP #268,US6-9 & US-75,Atoka,OK,253,3.489,-96.1418000,34.3445000,city_centroid
1598,52482,KING TRAVEL PLAZA,"I-95, EXIT 6",Kingsland,GA,75,3.109,-81.7075000,30.7977000,city_centroid
1599,52483,FLYING J TRAVEL PLAZA #659,"I-70, EXIT 253",Salina,KS,523,3.77233333,-97.6267500,38.8320000,city_centroid
1600,52484,KWIK STAR #303,"I-80, EXIT 201 & US-21",Brooklyn,IA,380,3.129,-92.4285000,41.7321000,city_centroid
1601,52510,Valero,SR-9,Maysville,KY,312,3.599,-83.8067000,38.6207000,city_centroid
1603,52512,LOVES TRAVEL STOPS #270,"I-20, EXIT 349",Ranger,TX,575,3.189,-98.6747000,32.4681000,city_centroid
1604,52512,LOVES TRAVEL STOP #270,"I-20, EXIT 349",Ranger,TX,575,3.213,-98.6747000,32.4681000,city_centroid
1605,52513,FLYING J TRAVEL PLAZA #678,"I-20 & I-55, EXIT 47",Pearl,MS,760,3.149,-90.1108500,32.2675000,city_centroid
1606,52514,FLYING J TRAVEL PLAZA #671,"I-55, EXIT 58",Matthews,MO,275,3.239,-89.6287000,36.7154000,city_centroid
1607,52516,FLYING J TRAVEL PLAZA #612,"I-40, EXIT 255",Winslow,AZ,930,3.624,-110.6974000,35.0242000,city_centroid
1608,52517,STRIPES 7FLEET #42562,US-84 & US-385,Littlefield,TX,700,3.199,-102.3207000,33.9212000,city_centroid
1609,52520,DANDY MINI MART #19,"ROUTE 17, EXIT 59-A",Sayre,PA,190,3.99233333,-76.5218000,41.9842000,city_centroid
1610,52527,PETRO STOPPING CENTER #323,"I-75, EXIT 368",Reddick,FL,225,3.35233333,-82.2440000,29.3754000,city_centroid
1611,52528,QUIKTRIP #150,"I-70, EXIT 28",Oak Grove,MO,400,2.959,-94.1399000,38.9985000,city_centroid
1612,52529,BIG SKY TRUCK STOP,"I-15, EXIT 56 N",Dillon,MT,786,3.689,-112.6405000,45.2339000,city_centroid
1614,52534,LEES FOOD MART #1122,"I-75, EXIT 122 & SR-61",Clinton,TN,405,2.969,-84.1784500,36.0984500,city_centroid
1615,52535,PWI #115,"I-45, EXIT 178",Buffalo,TX,765,2.899,-95.9904000,31.4121000,city_centroid
1616,52537,TA Express Osseo #431,"I-94, EXIT 88",Osseo,WI,448,3.469,-91.2191000,44.5599000,city_centroid
1619,52541,PANTRY TRUCKSTOP,US-2/US-41,Rapid River,MI,360,3.499,-86.8845000,45.9107000,city_centroid
1620,52541,PANTRY TRUCKSTOP,US-2/US-41,Rapid River,MI,360,3.319,-86.8845000,45.9107000,city_centroid
1621,52541,PANTRY TRUCKSTOP,US-2/US-41,Rapid River,MI,360,3.399,-86.8845000,45.9107000,city_centroid
1622,52542,FLYING J TRAVEL PLAZA #624,"I-75, EXIT 285 & SR-52",San Antonio,FL,225,3.599,-82.2882000,28.3371000,city_centroid
1623,52546,CIRCLE K #2723910,US-84 & US-27,Bainbridge,GA,20,3.599,-84.5759667,30.9088333,city_centroid
1624,52548,Henderson Fuel Mart,"I-80, EXIT 342",Henderson,NE,350,2.899,-97.7979000,40.7814000,city_centroid
1626,52550,PILOT TRAVEL CENTERS #404,"I-24, EXIT 81 SE",Murfreesboro,TN,460,3.47233333,-86.4176600,35.8369200,city_centroid
1627,52551,PILOT TRAVEL CENTERS #374,"I-10, EXIT 142 & SR-71",Marianna,FL,20,3.599,-85.2145667,30.7449333,city_centroid
1628,52551,PILOT TRAVEL CENTER #374,"I-10, EXIT 142 & SR-71",Marianna,FL,20,3.599,-85.2145667,30.7449333,city_centroid
1629,52552,FLYING J TRAVEL PLAZA #672,"I-49/US-71, EXIT167 & CR-J",Peculiar,MO,400,3.42233333,-94.4405000,38.7165000,city_centroid
1631,52557,SPRINT MART #40,US-72 & SR-247,Tuscumbia,AL,615,3.189,-87.6833000,34.6874000,city_centroid
1632,52558,LOVES TRAVEL STOP #271,"I-40, EXIT 37 & US-219",Ozark,AR,695,3.39233333,-93.8374000,35.5246000,city_centroid
1633,52562,MOBIL,"I-87, EXIT 36",Plattsburgh,NY,39,3.799,-73.4567000,44.6890500,city_centroid
1634,52563,FLYING J TRAVEL PLAZA #631,"I-75, EXIT 2",Lake Park,GA,20,3.32233333,-83.1753000,30.6906000,city_centroid
1635,52564,FLYING J TRAVEL PLAZA #669,"I-44, EXIT 11A & US-71/SR-249 & SR-FF",Joplin,MO,277,3.41233333,-94.5095667,37.0758667,city_centroid
1638,52575,PILOT TRAVEL CENTERS #775,"I-15, EXIT 4",Saint George,UT,910,3.67566666,-113.5711000,37.0936000,city_centroid
1639,52577,PILOT TRAVEL CENTER #329,"I-29 & I-80, EXIT 1B",Council Bluffs,IA,319,3.659,-95.8536667,41.2519667,city_centroid
1640,52577,PILOT TRAVEL CENTERS #329,"I-29 & I-80, EXIT 1B",Council Bluffs,IA,319,3.659,-95.8536667,41.2519667,city_centroid
1641,52580,LOVES TRAVEL STOP #405,"I-95, EXIT 29",Brunswick,GA,75,3.321,-81.5091000,31.2104000,city_centroid
1642,52580,LOVES TRAVEL STOPS #405,"I-95, EXIT 29",Brunswick,GA,75,3.389,-81.5091000,31.2104000,city_centroid
1643,52581,TA WILLCOX TRAVEL CENTER,"I-10, EXIT 340",Willcox,AZ,980,3.28233333,-109.8475500,32.3129500,city_centroid
1644,52582,JRs Oasis,SR-50,Yankton,SD,572,3.149,-97.3986000,42.8821000,city_centroid
1645,52585,SUPERPUMPER #22,"I-94, EXIT 42",Belfield,ND,807,3.529,-103.1261000,46.8198000,city_centroid
1646,52587,PILOT TRAVEL CENTERS #380,"I-81, EXIT 25 & I-90, EXIT 36",Liverpool,NY,220,4.159,-76.2027333,43.0947000,city_centroid
1647,52588,STRIPES #42564,US-87,Lubbock,TX,700,3.199,-101.8859000,33.5644895,city_centroid
1648,52590,FLYING J TRAVEL PLAZA #661,"I-65, EXIT 2 & US-31W",Franklin,KY,415,3.169,-86.5736000,36.7238500,city_centroid
1649,52591,FLYING J TRAVEL PLAZA #749,"I-95, EXIT 104",Ruther Glen,VA,180,3.619,-77.4714000,37.9451000,city_centroid
1650,52594,PILOT TRAVEL CENTERS #348,"I-70, EXIT 32B",Bentleyville,PA,165,4.109,-80.0070000,40.1187000,city_centroid
1651,52595,7-ELEVEN #40281,"I-476, EXIT 35/95",Jim Thorpe,PA,90,3.589,-75.7397000,40.8700000,city_centroid
1652,52597,7-ELEVEN #40278,"I-81, EXIT 44 & I-76",Plainfield,PA,70,3.96733333,-77.2848000,40.2030000,city_centroid
1653,52598,7-ELEVEN #40283,"I-76, EXIT 19/247",Middletown,PA,70,3.97066666,-76.7331000,40.2041000,city_centroid
1654,52599,7-ELEVEN #40285,"I-76, EXIT 21/286",Bowmansville,PA,208,3.97066666,-76.0160000,40.1966000,city_centroid
1655,52601,LOVES TRAVEL STOP #236,"I-40, EXIT 161 & SR-391",North Little Rock,AR,695,3.22066666,-92.2723500,34.7902875,city_centroid
1656,52602,7-ELEVEN #40277,"I-76, EXIT 16/226",Newburg,PA,70,4.299,-77.5669000,40.1333000,city_centroid
1657,52603,CASEYS #3364,US-281 & SR-200,Carrington,ND,341,3.439,-98.8933000,47.4573000,city_centroid
1658,52605,PILOT TRAVEL CENTER #39,"I-57, EXIT 335",Monee,IL,290,3.559,-87.7748000,41.4191000,city_centroid
1659,52605,PILOT TRAVEL CENTERS #39,"I-57, EXIT 335",Monee,IL,290,3.459,-87.7748000,41.4191000,city_centroid
1660,52605,PILOT TRAVEL CENTERS #39,"I-57, EXIT 335",Monee,IL,290,3.399,-87.7748000,41.4191000,city_centroid
1661,52605,PILOT TRAVEL CENTER #39,"I-57, EXIT 335",Monee,IL,290,3.399,-87.7748000,41.4191000,city_centroid
1662,52605,PILOT TRAVEL CENTER #39,"I-57, EXIT 335",Monee,IL,290,3.439,-87.7748000,41.4191000,city_centroid
1663,52607,PILOT TRAVEL CENTERS #409,"I-40, EXIT 172",Dickson,TN,460,3.19233333,-87.3762500,36.1114500,city_centroid
1664,52608,PILOT #7971,"I-40, EXIT 133",Conover,NC,46,3.699,-81.2165000,35.7313000,city_centroid
1665,52610,TA HARBORCREEK TRAVEL CENTER,"I-90, EXIT 35",Erie,PA,240,4.199,-80.0682786,42.1187071,city_centroid
1666,52611,STRIPES #40530,SR-239,Del Rio,TX,740,3.229,-100.9132750,29.3828500,city_centroid
1667,52612,STRIPES 7FLEET #42568,US-60 & CR-G,Hereford,TX,700,3.35066666,-102.4050000,34.8370000,city_centroid
1668,52615,PILOT TRAVEL CENTERS #4,"I-90, EXIT 151",Avon,OH,305,3.879,-82.0204000,41.4467000,city_centroid
1669,52616,PILOT TRAVEL CENTER #28,I-69 EXIT 234,Daleville,IN,457,3.649,-85.5110000,40.1257000,city_centroid
1670,52616,PILOT TRAVEL CENTERS #28,I-69 EXIT 234,Daleville,IN,457,3.519,-85.5110000,40.1257000,city_centroid
1671,52618,PILOT TRAVEL CENTERS #63,"I-85, EXIT 35",Piedmont,SC,30,3.22233333,-82.4702000,34.7244000,city_centroid
1672,52620,GOODLAND 24/7 STORE,"I-70, EXIT 19",Goodland,KS,525,3.08733333,-101.7164000,39.3491000,city_centroid
1673,52621,CORNER MARKET #111,"I-70, EXIT 27",Goodland,KS,525,3.059,-101.7164000,39.3491000,city_centroid
1674,52622,STRIPES 7FLEET #42567,I-20,Stanton,TX,700,3.01566666,-101.8099000,32.1400000,city_centroid
1675,52623,TA WILLINGTON TRAVEL CENTER,"I-84, EXIT 71",Willington,CT,100,5.199,-72.2622000,41.8966000,city_centroid
1676,52624,PILOT TRAVEL CENTERS #390,"I-84, EXIT 188 & US-395",Stanfield,OR,982,3.469,-119.2116000,45.7860000,city_centroid
1677,52625,FLYING J TRAVEL PLAZA #673,"I-44, EXIT 226 & SR-85",Sullivan,MO,540,3.324,-91.1567000,38.2307000,city_centroid
1678,52626,FLYING J TRAVEL PLAZA #627,"I-95/SR-405, EXIT 29 & US-82/US-17/SR-25/SR-520",Brunswick,GA,75,3.39566666,-81.5091000,31.2104000,city_centroid
1679,52628,One9 Pride #1215,"I-10, EXIT 45",Salome,AZ,930,3.379,-113.5715000,33.7481000,city_centroid
1680,52628,Pride Travel Center dba One9 #1215,"I-10, EXIT 45",Salome,AZ,930,3.359,-113.5715000,33.7481000,city_centroid
1681,52629,LOVES TRAVEL STOPS #413,"I-90, EXIT 106 & US-97",Ellensburg,WA,977,3.889,-120.5163000,46.9996000,city_centroid
1682,52629,LOVES TRAVEL STOP #413,"I-90, EXIT 106 & US-97",Ellensburg,WA,977,3.829,-120.5163000,46.9996000,city_centroid
1683,52629,LOVES TRAVEL STOP #413,"I-90, EXIT 106 & US-97",Ellensburg,WA,977,3.949,-120.5163000,46.9996000,city_centroid
1684,52629,LOVES TRAVEL STOP #413,"I-90, EXIT 106 & US-97",Ellensburg,WA,977,3.889,-120.5163000,46.9996000,city_centroid
1685,52630,PILOT TRAVEL CENTERS #386,"I-5, EXIT 263",Salem,OR,935,3.859,-123.0074923,44.9440154,city_centroid
1686,52632,LOVES TRAVEL STOP #451,"I-65, EXIT 95 & CR-500",Whiteland,IN,375,3.949,-86.0723000,39.5611000,city_centroid
1687,52633,PILOT TRAVEL CENTERS #57,"I-40 & I-85, EXIT 152",Mebane,NC,65,3.959,-79.2719000,36.0979000,city_centroid
1688,52634,PETRO STOPPING CENTER #362,"I-80, EXIT 353",York,NE,330,3.299,-97.5825000,40.8667000,city_centroid
1690,52636,LOVES TRAVEL STOP #414,"I-64, EXIT 25B & US-41",Haubstadt,IN,340,3.949,-87.5798000,38.1895000,city_centroid
1691,52638,STRIPES 7FLEET #42555,"I-20, EXIT 80 & SR-18",Monahans,TX,710,2.929,-102.9003000,31.5813000,city_centroid
1692,52640,SPEEDWAY #8316,US-30 & US-41,Dyer,IN,290,3.649,-87.5108000,41.4920000,city_centroid
1693,52641,PILOT TRAVEL CENTERS #71,"I-95, EXIT 109",Port Wentworth,GA,195,3.37233333,-81.1632000,32.1491000,city_centroid
1694,52641,PILOT TRAVEL CENTER #71,"I-95, EXIT 109",Port Wentworth,GA,195,3.419,-81.1632000,32.1491000,city_centroid
1695,52642,One9 #61,"I-26, EXIT 52 & SR-56",Clinton,SC,30,3.099,-81.8772000,34.4707000,city_centroid
1696,52643,Minit Mart #3,HIGHWAY 277 & FM 1589,Eagle Pass,TX,693,3.199,-100.4801000,28.6909000,city_centroid
1697,52644,ONE9 #058,"I-95, EXIT 180 & SR-48",Pleasant Hill,NC,205,3.399,-77.5192000,36.5212000,city_centroid
1699,52647,FLYING J TRAVEL PLAZA #699,"I-70, EXIT 122",Millersport,OH,315,3.44566666,-82.5283000,39.8993000,city_centroid
1700,52648,Stripes #42566,US-67 & SR-158,Ballinger,TX,612,3.05566666,-99.9589000,31.7468000,city_centroid
1701,52649,FLYING J TRAVEL PLAZA #623,"I-10, EXIT 192 & US-90",Midway,FL,20,3.799,-84.4768000,30.4850000,city_centroid
1702,52651,TA NEW BRAUNFELS TRAVEL CENTER,"I-35, EXIT 193",New Braunfels,TX,740,3.449,-98.1323333,29.7274667,city_centroid
1703,52652,PILOT TRAVEL CENTERS #47,"I-275, EXIT 129",Georgetown,KY,410,3.20566666,-84.5562000,38.2117000,city_centroid
1704,52656,TRAVELING TIGER CENTER,"I-10, EXIT 87",Sierra Blanca,TX,640,3.15566666,-105.3219000,31.1938000,city_centroid
1705,52658,LOVES TRAVEL STOP #274,"I-40, EXIT 221 & SR-27",Okemah,OK,560,3.35566666,-96.3287000,35.4647000,city_centroid
1706,52659,LOVES TRAVEL STOP #276,"I-10, EXIT 20",Lordsburg,NM,640,3.45733333,-108.7230000,32.3160000,city_centroid
1708,52663,EXXON,"I-20/I-59, EXIT 17 & SR-28",Livingston,AL,705,2.979,-88.1872000,32.5843000,city_centroid
1709,52664,PETRO STOPPING CENTER #378,I-81 EXIT 178B,Pittston,PA,200,4.16566666,-75.7850333,41.3400333,city_centroid
1710,52667,EXPRESS LANE TRAVEL CENTER,"I-20, EXIT 100 & US-80",Lawrence,MS,705,3.299,-89.2724000,32.2876000,city_centroid
1711,52669,COLUMBIA TRUCK STOP,US-46,Columbia,NJ,115,3.079,-75.0550000,40.9388000,city_centroid
1712,52674,FLYING J TRAVEL PLAZA #738,"I-20/FM707, EXIT 277",Tye,TX,575,3.124,-99.8684000,32.4477000,city_centroid
1713,52675,PILOT TRAVEL CENTER #907- TOWN PUMP,"I-94, EXIT 138",Miles City,MT,780,3.499,-105.8332000,46.4075000,city_centroid
1714,52676,PILOT TRAVEL CENTERS #336,"I-80, EXIT 97 & US-219",Du Bois,PA,14,4.034,-78.7527000,41.1260000,city_centroid
1715,52678,STRIPES 7FLEET #42433,US-277,Bronte,TX,739,3.474,-100.2988000,31.8789000,city_centroid
1716,52679,LOVES TRAVEL STOP #404,"I-295, EXIT 56 & I-95, EXIT 7",Bordentown,NJ,150,3.979,-74.7032000,40.1431000,city_centroid
1717,52680,PILOT TRAVEL CENTER #91,"I-95, EXIT 329",Saint Johns,FL,75,3.424,-81.5477000,30.0815000,city_centroid
1718,52680,PILOT TRAVEL CENTERS #91,"I-95, EXIT 329",Saint Johns,FL,75,3.499,-81.5477000,30.0815000,city_centroid
1719,52683,PILOT TRAVEL CENTER #145,"I-40/US-71/US-62, EXIT 72 AND US-412",Springdale,AR,416,3.463,-94.1253250,36.1785750,city_centroid
1720,52683,PILOT TRAVEL CENTERS #145,"I-40/US-71/US-62, EXIT 72 AND US-412",Springdale,AR,416,3.459,-94.1253250,36.1785750,city_centroid
1721,52684,KWIK STAR #348,US-30/US-67,Clinton,IA,270,3.624,-90.1950000,41.8468667,city_centroid
1722,52685,LOVES TRAVEL STOP #275,"I-40/US-63, EXIT 233 & SR-261",Palestine,AR,435,3.31566666,-90.9049000,34.9663000,city_centroid
1723,52686,LOVES TRAVEL STOP #278,"I-40, EXIT 277",Joseph City,AZ,930,3.60733333,-110.3373000,34.9814000,city_centroid
1724,52687,LOVES TRAVEL STOP #286,"I-10, EXIT 17",Quartzsite,AZ,930,3.949,-114.2160500,33.6980500,city_centroid
1725,52690,LOVES TRAVEL STOP #415,"I-95 & OKEECHOBEE RD, EXIT 129",Fort Pierce,FL,95,3.50566666,-80.3627000,27.4381667,city_centroid
1726,52691,PILOT TRAVEL CENTERS #312,"I-20/SR-402, EXIT 5 & SR-100",Tallapoosa,GA,18,3.449,-85.3000000,33.7602000,city_centroid
1727,52691,PILOT TRAVEL CENTER #312,"I-20/SR-402, EXIT 5 & SR-100",Tallapoosa,GA,18,3.389,-85.3000000,33.7602000,city_centroid
1728,52692,PILOT TRAVEL CENTER #249,"I-70/I-55, EXIT 18 & SR-162",Troy,IL,540,3.699,-89.8708000,38.7243000,city_centroid
1729,52692,PILOT TRAVEL CENTERS #249,"I-70/I-55, EXIT 18 & SR-162",Troy,IL,540,3.439,-89.8708000,38.7243000,city_centroid
1730,52692,PILOT TRAVEL CENTER #249,"I-70/I-55, EXIT 18 & SR-162",Troy,IL,540,3.379,-89.8708000,38.7243000,city_centroid
1731,52692,PILOT TRAVEL CENTER #249,"I-70/I-55, EXIT 18 & SR-162",Troy,IL,540,3.579,-89.8708000,38.7243000,city_centroid
1732,52697,FLYING J TRAVEL PLAZA #747,"I-15, EXIT 261",Springville,UT,835,3.76566666,-111.5987000,40.1625000,city_centroid
1733,60084,SUNSTOP #625,US-84,Ashford,AL,20,3.599,-85.2535000,31.1888000,city_centroid
1734,60106,SUNSTOP #619,US-84,Daleville,AL,720,3.399,-85.7305000,31.2811000,city_centroid
1735,60114,SUNSTOP #606,US-84/SR-167,Enterprise,AL,20,3.699,-85.8728500,31.3193000,city_centroid
1736,60136,HOBO PANTRY #18,US-431,Headland,AL,20,3.599,-85.3323000,31.3534000,city_centroid
1737,60145,OCS QUICK STOP,US-43/SR-13,Mount Vernon,AL,715,3.699,-88.0350000,31.0974000,city_centroid
1738,60147,HOP-IN FOOD STORES,US-82 & SR-22,Maplesville,AL,720,3.399,-86.8717000,32.8045000,city_centroid
1739,60191,PILOT #1180,"I-10, EXIT 94",Tonopah,AZ,930,3.899,-112.9528000,33.4228000,city_centroid
1740,60191,PILOT TRAVEL CENTER #1180,"I-10, EXIT 94",Tonopah,AZ,930,3.899,-112.9528000,33.4228000,city_centroid
1741,60206,TA EXPRESS #649,"I-25, EXIT 52",Walsenburg,CO,796,4.259,-104.7798000,37.6465000,city_centroid
1742,60208,BERKSHIRE PETROLEUM,"I-91, EXIT 9",North Haven,CT,100,3.549,-72.8585000,41.3822000,city_centroid
1743,60220,ZELLWOOD TRUCK STOP,US-441,Zellwood,FL,140,3.499,-81.5762000,28.7194000,city_centroid
1744,60224,SUNSTOP #419,US-19,Camilla,GA,20,3.499,-84.2297000,31.2199000,city_centroid
1745,60226,CIRCLE K #2723903,US-82 & SR-520,Dawson,GA,20,3.499,-84.5238000,31.7703000,city_centroid
1746,60229,96 TRAVEL PLAZA,"I-16, EXIT 24",Jeffersonville,GA,85,3.399,-83.3859000,32.7411000,city_centroid
1747,60230,CIRCLE K #2745152,US-19,Pelham,GA,20,3.499,-84.1564000,31.1272000,city_centroid
1748,60242,KWIK STAR #711,US-18/US-52,Monona,IA,565,3.624,-91.3934000,43.0340000,city_centroid
1749,60243,PETRO MART,"I-29, EXIT 112",Onawa,IA,527,3.15733333,-96.1072000,42.0370000,city_centroid
1750,60245,STINKER #74,"I-84, EXIT 137",Bliss,ID,785,3.634,-114.9104000,42.9449000,city_centroid
1751,60248,METRO,"I-95, EXIT 12",Avenel,NJ,115,3.299,-74.2785000,40.5826000,city_centroid
1752,60250,ELIZABETH TRUCK STOP,"I-95, EXIT 13A & SR-81",Elizabethport,NJ,115,3.399,-74.1871000,40.6501000,city_centroid
1753,60255,HUCKS FOOD & FUEL #186,US-51/CR-1450 & US-136,Heyworth,IL,368,3.479,-88.9776000,40.3307000,city_centroid
1754,60255,HUCKS FOOD & FUEL #186,US-51/CR-1450 & US-136,Heyworth,IL,368,3.549,-88.9776000,40.3307000,city_centroid
1755,60256,BOLLA MARKET,"I-84, EXIT 1",Montague,NJ,115,3.519,-74.7540000,41.3023000,city_centroid
1756,60270,CHUCKLES #27,SR-57,Washington,IN,340,3.339,-87.1707000,38.6536000,city_centroid
1757,60273,24-7,"I-70, EXIT 53 & SR-25",Colby,KS,525,3.05566666,-101.0442000,39.3830000,city_centroid
1758,60280,JUMP START #9,"I-35, EXIT 4",South Haven,KS,570,3.069,-97.4042000,37.0500000,city_centroid
1759,60282,CRVS #7,SR-96 & SR-27,Tribune,KS,525,3.399,-101.7656000,38.4962000,city_centroid
1760,60294,LITTLE CAPITOL EXXON,"I-10, EXIT 115",Breaux Bridge,LA,600,3.899,-91.8296000,30.2948000,city_centroid
1761,60295,EXIT 80 TRAVEL PLAZA,"I-10, EXIT 80",Crowley,LA,730,3.109,-92.3397500,30.2216000,city_centroid
1762,60298,BEAU CHENE TRUCK STOP,"I-49, EXIT 11",Grand Coteau,LA,730,3.399,-92.0462000,30.4201000,city_centroid
1763,60313,WHITE MARSH TRUCK STOP,US-40,White Marsh,MD,22,3.369,-76.4132000,39.3923000,city_centroid
1764,60316,CIRCLE K #4707001,"I-95, EXIT 264 & SR-158",Sherman,ME,170,3.93233333,-68.3847000,45.8731000,city_centroid
1766,60326,SUNRISE CONVENIENCE STORE #29,"I-69, EXIT 184",Memphis,MI,325,3.559,-82.8046000,42.9410000,city_centroid
1767,60326,SUNRISE CONVENIENCE STORE #29,"I-69, EXIT 184",Memphis,MI,325,3.499,-82.8046000,42.9410000,city_centroid
1768,60328,SPEEDWAY #8748,"I-69, EXIT 6",Flint,MI,342,3.339,-83.7204706,43.0139529,city_centroid
1769,60329,CHARLIES COUNTRY CORNER,"I-75, EXIT 271",Grayling,MI,287,3.899,-84.6508500,44.6770000,city_centroid
1770,60329,CHARLIES COUNTRY CORNER,"I-75, EXIT 271",Grayling,MI,287,3.799,-84.6508500,44.6770000,city_centroid
1771,60333,LAKESHORE BP,US-2,Manistique,MI,287,3.499,-86.2555000,46.0062000,city_centroid
1772,60341,SNAPPY FOOD MART,ST 60,Tekonsha,MI,431,3.589,-84.9926000,42.0863000,city_centroid
1773,60342,True North #254,US-31 & SR-37,Traverse City,MI,456,3.789,-85.6240000,44.7577667,city_centroid
1774,60342,True North #254,US-31 & SR-37,Traverse City,MI,456,3.729,-85.6240000,44.7577667,city_centroid
1775,60344,DORR TRUCK STOP,"US-131, EXIT 68",Wayland,MI,344,3.499,-85.6191000,42.6643000,city_centroid
1776,60347,KWIK TRIP #875,"I-90, EXIT 157, BRIDGE ST ENTRANCE",Albert Lea,MN,515,3.324,-93.3707000,43.6537000,city_centroid
1777,60358,PETRO SERVE USA #54,US-10,Glyndon,MN,341,3.449,-96.5583000,46.8820000,city_centroid
1778,60372,FLYING W CONVENIENCE STORE,SR-96,Carthage,MO,277,3.199,-94.3112000,37.1597000,city_centroid
1779,60373,FLYING J #571,"I-57, EXIT 12 & US-60",Charleston,MO,490,3.559,-89.3342000,36.9213000,city_centroid
1780,60374,PILOT TRAVEL CENTERS #385,US-54 & SR-13,Collins,MO,416,3.49566666,-93.6608000,37.8810000,city_centroid
1781,60379,FAST LANE #50,US-54/SR-19,Laddonia,MO,540,3.15733333,-91.6454000,39.2425000,city_centroid
1782,60380,AMOCO,US-63/US-136,Lancaster,MO,320,3.249,-92.5264000,40.5253000,city_centroid
1784,60383,CASEYS #4399,"I-70, EXIT 175",New Florence,MO,392,2.949,-91.4909000,38.9023000,city_centroid
1785,60392,Kangaroo Crossing #1107,"I-20, EXIT 68 & SR-43",Pelahatchie,MS,705,3.199,-89.7913000,32.3180000,city_centroid
1786,60398,TOWN PUMP FOOD STORE #610,"I-90, EXIT 333",Livingston,MT,786,3.644,-110.5609000,45.6546000,city_centroid
1787,60400,CAN AM C STORE,SR-16,Plentywood,MT,807,3.499,-104.5600000,48.7788000,city_centroid
1788,60416,MINUTEMAN FOOD MART #20,US-74 & US-76,Whiteville,NC,245,3.46066666,-78.7160000,34.3241000,city_centroid
1789,60420,PUMP & PANTRY #35,US-183,Alma,NE,330,3.459,-99.3601000,40.1189000,city_centroid
1790,60426,BONS BONS MOBIL,US-3,Merrimack,NH,125,3.699,-71.5128000,42.8667000,city_centroid
1791,60434,ENRITE,US-9,Linden,NJ,79,3.34233333,-74.2556000,40.6354000,city_centroid
1792,60442,Circle K #4706716,SR-71 & SR-47,Yorkville,IL,290,3.799,-88.4478600,41.6194100,census
1793,60442,Circle K #4706716,SR-71 & SR-47,Yorkville,IL,290,3.499,-88.4478600,41.6194100,census
1794,60442,Circle K #4706716,SR-71 & SR-47,Yorkville,IL,290,3.599,-88.4478600,41.6194100,census
1795,60460,HAHN OIL,US-36,Coshocton,OH,315,3.299,-81.8660000,40.2754000,city_centroid
1796,60461,TRUE NORTH #704,"I-75, EXIT 56A",Dayton,OH,317,3.799,-84.1782063,39.7449750,city_centroid
1797,60463,Anna Truck Stop,"I-75, EXIT 99",Anna,OH,411,3.01566666,-84.2103000,40.4051000,city_centroid
1798,60465,MOTOMART #4129,ST 309,Marion,OH,411,3.34233333,-83.0982000,40.6021000,city_centroid
1799,60471,FUEL MART #701,"I-480/I-271, EXIT 23 & SR-8",Bedford,OH,305,3.529,-81.5232000,41.3921000,city_centroid
1800,60473,BELL STORES #50,ST 3,Wooster,OH,249,3.599,-81.9483000,40.8094000,city_centroid
1801,60476,PETES #11,US-75,Dewey,OK,560,3.154,-95.9345000,36.8013000,city_centroid
1802,60508,FEGLEY VALERO,SR-309,Tamaqua,PA,90,3.599,-75.9735000,40.7983000,city_centroid
1803,60513,CIRCLE K #2723873,US-17,Georgetown,SC,42,2.899,-79.2749500,33.4172500,city_centroid
1804,60515,FLASH MARKET #302,SR-9 & SR-151,Pageland,SC,46,3.38566666,-80.3966000,34.7722000,city_centroid
1805,60516,ENMARKET #892,"I-95, EXIT 150",Harleyville,SC,195,3.399,-80.4501000,33.2205000,city_centroid
1806,60519,CORNER PANTRY #25,US-14,Huron,SD,571,3.079,-98.2153000,44.3611500,city_centroid
1807,60538,TEXACO #380031,ST 21W,Bryan,TX,765,3.399,-96.3670714,30.6857143,city_centroid
1808,60539,SHELL,US-96 & SR-62/FM-1004,Buna,TX,610,3.10233333,-93.9913000,30.4132000,city_centroid
1809,60540,CIRCLE K #2706340,"I-20, EXIT 533",Canton,TX,630,2.77566666,-95.9047000,32.5143000,city_centroid
1810,60551,CIRCLE K #2744522,"I-30, EXIT 201 I-30 & SR-8",New Boston,TX,766,2.94233333,-94.4375000,33.4619000,city_centroid
1811,60554,CEFCO #2070,"I-27, EXIT 49",Plainview,TX,700,2.83233333,-101.7764500,34.1325500,city_centroid
1812,60565,CEFCO #2006,"I-40, EXIT 163",Shamrock,TX,585,3.099,-100.2490000,35.2142000,city_centroid
1814,60587,BJS AUTO TRUCK PLAZA,SR-28,Rock Island,WA,970,4.099,-120.1378000,47.3706000,city_centroid
1815,60587,BJS AUTO TRUCK PLAZA,SR-28,Rock Island,WA,970,3.999,-120.1378000,47.3706000,city_centroid
1816,60589,RIVER COUNTRY PLAZA,"SR-29, EXIT 91",Cadott,WI,295,3.39733333,-91.1699000,44.9630000,city_centroid
1817,60590,DARLINGTON MINI MART,SR-23 & SR-81,Darlington,WI,420,3.399,-90.1106000,42.6878000,city_centroid
1818,60601,HOLIDAY STATIONSTORE #2746229,US-53/US-2,Superior,WI,545,3.339,-92.0912000,46.7016000,city_centroid
1819,60635,EXXON ON THE RUN,US-62/US-412 & SR-126,Gassville,AR,535,3.695,-92.4736000,36.3175000,city_centroid
1820,60650,SHELL DBA ONE9 #1244,"I-8, EXIT 115",Gila Bend,AZ,930,3.259,-112.7468000,32.9306000,city_centroid
1821,60650,ONE9 #1244,"I-8, EXIT 115",Gila Bend,AZ,930,3.359,-112.7468000,32.9306000,city_centroid
1823,60707,REATA TRAVEL STOP,"I-76, EXIT 125",Sterling,CO,800,3.399,-103.2212000,40.6306000,city_centroid
1824,60708,CRVS STORE #6,US-385,Wray,CO,800,3.449,-102.3930000,40.0685000,city_centroid
1825,60762,BP,US-1 & US-341,Baxley,GA,195,3.599,-82.3485500,31.7810000,city_centroid
1826,60768,GAS N GO FOOD STORE,"I-75, EXIT 290/US-41",Cartersville,GA,48,2.94233333,-84.7938500,34.1974500,city_centroid
1827,60773,NEIGHBORS EXPRESS,US-341/SR-27 & US-129 ALT/SR-340,Hawkinsville,GA,20,3.399,-83.4948000,32.2778000,city_centroid
1828,60779,Marathon,US-129,Eatonton,GA,85,3.399,-83.3699000,33.3215500,city_centroid
1829,60781,JP PERRY,"I-75, EXIT 138",Perry,GA,85,3.08233333,-83.7283000,32.4605000,city_centroid
1830,60783,CIRCLE K #2723324,US-441/US-23/SR-15 & SR-17A/SR-385,Clarkesville,GA,16,3.439,-83.5243000,34.6450000,city_centroid
1831,60787,MARATHON,"I-20, EXIT 11",Lithia Springs,GA,48,2.87233333,-84.6469000,33.7655000,city_centroid
1832,60788,SPRINT FOODS #722,US-1/SR-4/SR-17 & SR-24,Louisville,GA,85,4.099,-82.3836000,33.0163000,city_centroid
1833,60791,MARATHON #9,"I-475, EXIT 1",Macon,GA,85,3.039,-83.6622857,32.8193143,city_centroid
1834,60795,CIRCLE K #2745080,US-319/US-129/SR-90/SR-11,Ocilla,GA,10,3.62566666,-83.2565000,31.5929000,city_centroid
1835,60797,EVANS FOOD MART,SR-20,Rome,GA,193,3.699,-85.2042750,34.2895500,city_centroid
1836,60804,JET FOOD STORE #4,US-1 & SR-78,Wadley,GA,135,3.41566666,-82.3952430,32.8676600,census
1837,60807,BATAVIA GARDENS AND GAS,"US-34, EXIT 203",Batavia,IA,320,3.379,-92.1431000,40.9905000,city_centroid
1838,60817,KWIK STAR #712,US-218 & SR-27,Janesville,IA,565,3.599,-92.4791000,42.6465000,city_centroid
1839,60822,CASEYS #3639,US-18/US-52,Postville,IA,420,3.599,-91.5478000,43.0036000,city_centroid
1840,60829,BARRY TRAVEL PLAZA,"I-72, EXIT 20",Barry,IL,540,3.599,-91.0265000,39.7047000,city_centroid
1841,60833,SPEEDWAY #5400,CR-11 & CR-23,Bloomingdale,IL,290,3.759,-88.0834500,41.8940000,city_centroid
1842,60834,SPEEDWAY #7422,SR-43,Burbank,IL,293,3.619,-87.7699000,41.7447000,city_centroid
1843,60839,FREEDOM OIL #18,"I-74, EXIT 82",Edwards,IL,270,3.499,-89.7230000,40.7790000,city_centroid
1844,60839,FREEDOM OIL #18,"I-74, EXIT 82",Edwards,IL,270,3.399,-89.7230000,40.7790000,city_centroid
1845,60839,FREEDOM OIL #18,"I-74, EXIT 82",Edwards,IL,270,3.899,-89.7230000,40.7790000,city_centroid
1846,60846,EXPRESS LANE #50,"I-88, EXIT 10",Hillsdale,IL,270,3.699,-90.2263000,41.5929000,city_centroid
1847,60846,EXPRESS LANE #50,"I-88, EXIT 10",Hillsdale,IL,270,3.999,-90.2263000,41.5929000,city_centroid
1848,60846,EXPRESS LANE #50,"I-88, EXIT 10",Hillsdale,IL,270,3.799,-90.2263000,41.5929000,city_centroid
1849,60851,SPEEDWAY #7382,I-355 & SR-64,Lombard,IL,293,3.249,-88.0160000,41.8721000,city_centroid
1850,60851,SPEEDWAY #7382,I-355 & SR-64,Lombard,IL,293,3.349,-88.0160000,41.8721000,city_centroid
1851,60851,SPEEDWAY #7382,I-355 & SR-64,Lombard,IL,293,3.299,-88.0160000,41.8721000,city_centroid
1852,60857,RED ROOSTER TERMINAL,US-50/SR-250 & SR-130,Olney,IL,510,3.189,-88.0809000,38.7334000,city_centroid
1853,60857,RED ROOSTER TERMINAL,US-50/SR-250 & SR-130,Olney,IL,510,3.249,-88.0809000,38.7334000,city_centroid
1854,60857,RED ROOSTER TERMINAL,US-50/SR-250 & SR-130,Olney,IL,510,3.399,-88.0809000,38.7334000,city_centroid
1855,60857,RED ROOSTER TERMINAL,US-50/SR-250 & SR-130,Olney,IL,510,3.349,-88.0809000,38.7334000,city_centroid
1856,60865,Truckquest,"I-55, EXIT 286",Cicero,IL,290,3.599,-87.7602000,41.8378000,city_centroid
1857,60865,Truckquest,"I-55, EXIT 286",Cicero,IL,290,3.649,-87.7602000,41.8378000,city_centroid
1858,60871,WENONA BP,"I-39/US-51, EXIT 35 & SR-17",Wenona,IL,280,3.499,-89.0416000,41.0548000,city_centroid
1859,60881,GAS AND STUFF,"I-64, EXIT 118",Georgetown,IN,415,3.799,-85.9617000,38.3029000,city_centroid
1860,60882,SPEEDWAY #6666,US-33,Goshen,IN,465,3.81566666,-85.8517667,41.6024333,city_centroid
1861,60887,STERNBERG CITGO TRUCK STOP,"I-64, EXIT 57",Jasper,IN,340,3.759,-86.9028500,38.3625500,city_centroid
1862,60890,JACK FLASH,I-57 EXIT 135,Farina,IL,510,3.099,-88.7614000,38.8469000,city_centroid
1863,60890,JACK FLASH,I-57 EXIT 135,Farina,IL,510,3.199,-88.7614000,38.8469000,city_centroid
1864,60900,7-ELEVEN #40504,"I-80/I=90, MM 56 EB",Rolling Prairie,IN,465,3.999,-86.5841000,41.7229000,city_centroid
1865,60902,SPEEDWAY #6674,"I-80/I-90, EXIT 72 & SR-31",South Bend,IN,465,3.69066666,-86.2571077,41.6789846,city_centroid
1866,60913,J Mart #1,"HWY 50 E, HWY 83 N",Garden City,KS,525,3.529,-100.8621000,37.9769000,city_centroid
1867,60926,CENEX,US-36 & US-83,Oberlin,KS,525,3.159,-100.5314000,39.8275000,city_centroid
1868,60958,NORTH WEST TRUCK STOP,US-90 & SR-3211,Franklin,LA,600,3.399,-91.5026000,29.7857000,city_centroid
1869,60979,TOBACCO PLUS #5,"I-10, EXIT 4 & US-90",Vinton,LA,690,2.999,-93.5728000,30.2015000,city_centroid
1870,60988,GULF OIL LP #5020,"I-90, MM291",Blandford,MA,215,3.914,-72.9361000,42.1829000,city_centroid
1871,60989,Blandford Service Plaza Westbound,"I-90, EXIT MM29",Blandford,MA,215,3.919,-72.9361000,42.1829000,city_centroid
1872,60993,GULF #5165,"I-90, EXIT 12",Framingham,MA,34,4.06566666,-71.4396000,42.3431000,city_centroid
1873,60997,GULF OIL #5035,I-90 MM 66.7,Ludlow,MA,215,3.914,-72.4710000,42.1728000,city_centroid
1874,60998,GULF OIL #5030,"I-90, EXIT 7",Ludlow,MA,215,3.909,-72.4710000,42.1728000,city_centroid
1875,61004,Applegreen,SR-15,Sturbridge,MA,215,3.999,-72.0842000,42.1126000,city_centroid
1876,61006,GULF OIL LP #5155,"I-90, EXIT 11",Westborough,MA,215,3.909,-71.6176000,42.2679000,city_centroid
1877,61019,MARDELA GOOSE CREEK FOOD STORE,US-50,Mardela Springs,MD,194,3.979,-75.7414000,38.4864000,city_centroid
1878,61021,WESTOVER GOOSE CREEK,US-13 & SR-673,Westover,MD,194,3.259,-75.8144000,38.0968500,city_centroid
1879,61028,MARATHON,"US-10, EXIT 137",Bay City,MI,260,3.259,-83.9214667,43.6429000,city_centroid
1880,61028,MARATHON,"US-10, EXIT 137",Bay City,MI,260,3.199,-83.9214667,43.6429000,city_centroid
1881,61030,HAGGERTY JOY MOBIL,I-275,Canton,MI,325,3.699,-83.4672500,42.3115000,city_centroid
1882,61032,MARATHON,US-10/US-127,Clare,MI,260,3.289,-84.7635000,43.8223000,city_centroid
1883,61032,MARATHON,US-10/US-127,Clare,MI,260,3.299,-84.7635000,43.8223000,city_centroid
1885,61037,HEARTLAND MOBIL,US-23,Fenton,MI,342,3.849,-83.7294000,42.7851000,city_centroid
1886,61038,SPEEDWAY #8753,"I-475, EXIT 4",Burton,MI,342,3.399,-83.6268333,42.9954000,city_centroid
1887,61038,SPEEDWAY #8753,"I-475, EXIT 4",Burton,MI,342,3.289,-83.6268333,42.9954000,city_centroid
1888,61038,SPEEDWAY #8753,"I-475, EXIT 4",Burton,MI,342,3.089,-83.6268333,42.9954000,city_centroid
1889,61038,SPEEDWAY #8753,"I-475, EXIT 4",Burton,MI,342,3.259,-83.6268333,42.9954000,city_centroid
1890,61042,CITGO,"US-131, EXIT 44",Kalamazoo,MI,465,3.499,-85.5841333,42.2910333,city_centroid
1891,61057,CIRCLE K #2746537,US-2 & US-41,Rapid River,MI,360,3.499,-86.8845000,45.9107000,city_centroid
1892,61057,CIRCLE K #2746537,US-2 & US-41,Rapid River,MI,360,3.319,-86.8845000,45.9107000,city_centroid
1893,61057,CIRCLE K #2746537,US-2 & US-41,Rapid River,MI,360,3.399,-86.8845000,45.9107000,city_centroid
1894,61057,CIRCLE K #2746537,US-2 & US-41,Rapid River,MI,360,3.449,-86.8845000,45.9107000,city_centroid
1895,61063,PS Food Mart,I-69 EXIT 25,Tekonsha,MI,431,3.589,-84.9926000,42.0863000,city_centroid
1896,61063,PS Food Mart,I-69 EXIT 25,Tekonsha,MI,431,3.519,-84.9926000,42.0863000,city_centroid
1897,61076,Holiday StationStore #2746408,"I-35, EXIT 129",Forest Lake,MN,448,3.399,-92.9749000,45.2685000,city_centroid
1898,61080,CO-OP SERVICE,US-10 & CR-67,New York Mills,MN,250,3.499,-95.4047000,46.5559000,city_centroid
1899,61090,Northdale Oil,US-59 & SR-1,Thief River Falls,MN,355,3.239,-96.1811000,48.1191000,city_centroid
1900,61093,CIRCLE K #2746501,"I-90, EXIT 45 & SR-60",Worthington,MN,432,3.14233333,-95.6059000,43.6286000,city_centroid
1901,61099,LOVES TRAVEL STOP #488,"I-55, EXIT 157 & SR-32",Bloomsdale,MO,540,3.38233333,-90.2805000,38.0451000,city_centroid
1902,61102,FAST LANE #54,US-63,Columbia,MO,310,3.20733333,-92.3307000,38.9650286,city_centroid
1903,61106,TEMP STOP #102,US-54 & SR-52,Eldon,MO,392,3.199,-92.5736000,38.3401000,city_centroid
1905,61111,Caseys #4540,"I-35, EXIT 40 & SR-116",Lathrop,MO,400,3.07566666,-94.3093000,39.5177000,city_centroid
1906,61115,BREAK TIME #3071,US-24 & US-63,Moberly,MO,310,3.469,-92.4325855,39.4414465,census
1907,61118,MIDWEST PETROLEUM #21,"I-55, EXIT 129",Perryville,MO,275,2.99066666,-89.8737000,37.7174000,city_centroid
1908,61145,TEXACO,US-49 & US-98,Hattiesburg,MS,620,3.199,-89.3403000,31.2882750,city_centroid
1909,61146,STUCKEYS EXPRESS #619,"I-59, EXIT 113 & SR-528",Heidelberg,MS,620,3.499,-88.9981000,31.8820000,city_centroid
1910,61149,CEFCO #501,US-45,Lauderdale,MS,705,2.899,-88.4956000,32.5022000,city_centroid
1911,61168,Blue Sky #717,US-72 & SR-15,Walnut,MS,435,3.099,-88.9053000,34.9527000,city_centroid
1912,61171,CHEVRON CURB STORE,US-49 & SR-26,Wiggins,MS,620,3.499,-89.1324000,30.8609000,city_centroid
1913,61176,TOWN PUMP FOOD STORE #8947,US-2,Chinook,MT,815,3.629,-109.2225000,48.5799000,city_centroid
1914,61182,TOWN PUMP FOOD STORE #3000,US-87,Lewistown,MT,815,3.599,-109.4203000,47.0563000,city_centroid
1915,61193,SPEEDWAY #8502,"I-75, EXIT 161 & CR-99",Findlay,OH,411,3.299,-83.6478000,41.0445500,city_centroid
1916,61195,MINUTEMAN FOOD MART #06,SR-24,Clinton,NC,245,3.649,-78.3246500,35.0065000,city_centroid
1917,61205,SPEEDWAY #6961,"I-40, EXIT 303",Garner,NC,177,2.92066666,-78.5975000,35.6813000,city_centroid
1918,61210,SHEETZ #548,US-29,Greensboro,NC,65,2.859,-79.8169000,36.0855231,city_centroid
1919,61254,7-ELEVEN #36075,"I-77, EXIT 65 & SR-901",Union Grove,NC,46,2.859,-80.8967000,36.0369000,city_centroid
1920,61266,CENEX CONVENIENCE STORE,US-2 & SR-19,Devils Lake,ND,355,3.249,-98.8616000,48.1132000,city_centroid
1921,61269,FLYING J #489,"I-29, EXIT 138",Grand Forks,ND,341,3.61566666,-97.0545500,47.9187500,city_centroid
1922,61271,MARATHON,"I-94, EXIT 292",Valley City,ND,341,3.499,-98.0033000,46.9268000,city_centroid
1923,61291,FLEMING OIL FOOD MART,ST 9,West Chesterfield,NH,12,3.899,-72.5097000,42.8956000,city_centroid
1924,61292,ENRITE,"I-95, EXIT 14A",Jersey City,NJ,115,3.349,-74.0665667,40.7275333,city_centroid
1925,61301,SUNOCO- WALT WHITMAN PLAZA #7007,"NJTP,MILE POST 30",Cherry Hill,NJ,150,3.899,-74.9963000,39.9062333,city_centroid
1926,61304,A Plus MOLLY PITCHER PLAZA #7011,MILE POST 71.7 NJ TURNPIKE SO,Cranbury,NJ,115,3.909,-74.5065000,40.3039000,city_centroid
1927,61305,BP,US-130,Cranbury,NJ,150,3.14566666,-74.5065000,40.3039000,city_centroid
1928,61308,CARLSTADT VALERO,SR-120,Carlstadt,NJ,115,3.199,-74.0925000,40.8403000,city_centroid
1929,61312,BLUE STAR,US-202 & SR-31,Flemington,NJ,115,3.399,-74.8453000,40.5180000,city_centroid
1930,61326,SUNOCO JAMES F COOPER PLAZA- #7008,MILEPOST 39 NJ TURNPIKE N,Mount Laurel,NJ,150,3.959,-74.9036000,39.9478000,city_centroid
1931,61328,KW RASTALL OIL,US-130,North Brunswick,NJ,115,3.199,-74.4823000,40.4538000,city_centroid
1932,61333,46 GAS AND TRUCK STOP,US-46,Palisades Park,NJ,115,3.23566666,-73.9954000,40.8462000,city_centroid
1933,61337,SUNOCO- JOHN FENWICK PLAZA #7006,"NJTP, MM 5",Penns Grove,NJ,150,3.909,-75.4495000,39.6994000,city_centroid
1934,61339,FUEL ONE,"I-78, EXIT 3 & US-22",Phillipsburg,NJ,79,3.359,-75.1507000,40.7079000,city_centroid
1935,61346,SUNOCO- ALEXANDER HAMILTON PLAZA #7016,NEW JERSEY TURNPIKE SOUTH MILEPOST 111.6,Secaucus,NJ,115,3.899,-74.0694500,40.7619000,city_centroid
1936,61357,KENT KWIK #501,US-70 & US-54,Alamogordo,NM,593,2.98233333,-105.9544000,32.8963500,city_centroid
1937,61364,HUNTINGTON BROADWAY CONOCO,US-64 BUS,Farmington,NM,614,3.799,-108.1322333,36.7614000,city_centroid
1938,61409,104 STORE,SR-370/SR-104,Red Creek,NY,220,3.799,-76.7146000,43.2291000,city_centroid
1939,61410,KWIK FILL #58,ST 15,Rochester,NY,190,3.969,-77.6212593,43.1703593,city_centroid
1940,61410,KWIK FILL #58,ST 15,Rochester,NY,190,3.999,-77.6212593,43.1703593,city_centroid
1941,61421,7-ELEVEN #40294,"I-80 WB, EXIT 139",Amherst,OH,249,3.53233333,-82.2538000,41.3617000,city_centroid
1942,61430,7-ELEVEN #40303,"I-90, EXIT 7",Clyde,OH,550,3.66233333,-82.9918000,41.3024000,city_centroid
1943,61431,7-ELEVEN #40304,"I-90, EXIT 7",Clyde,OH,550,3.66233333,-82.9918000,41.3024000,city_centroid
1944,61439,7-ELEVEN #40302,"I-75, EXIT 157",Genoa,OH,550,3.66233333,-83.3590000,41.5300000,city_centroid
1945,61449,7-ELEVEN #40297,"I-80, EXIT 13A",Mantua,OH,249,3.53233333,-81.2283000,41.2941000,city_centroid
1946,61450,7-ELEVEN #40298,I-80,Mantua,OH,249,3.53233333,-81.2283000,41.2941000,city_centroid
1947,61453,CITGO,"I-475, EXIT 6",Maumee,OH,550,3.499,-83.6628000,41.5817000,city_centroid
1948,61458,7-ELEVEN #40299,OHIO TNPK MM 237 & SR-26,New Springfield,OH,165,3.53233333,-80.5856000,40.9265000,city_centroid
1949,61459,7-ELEVEN #40300,"I-76, EXIT 157",New Springfield,OH,165,3.53233333,-80.5856000,40.9265000,city_centroid
1950,61461,S&G,"I-280, EXIT 7",Oregon,OH,550,3.599,-83.4714000,41.6418000,city_centroid
1951,61477,CHOCTAW NATION GRANT #633,US-271,Grant,OK,253,2.999,-95.4893000,33.9302000,city_centroid
1953,61492,SPRINGER TRAVEL PLAZA,I-35 EXIT 40,Springer,OK,253,2.91566666,-97.1223000,34.3038000,city_centroid
1954,61508,7-ELEVEN #40275,"I-70 & I-76 NB, MM 147",Bedford,PA,14,4.199,-78.5261000,39.9908000,city_centroid
1955,61509,7-ELEVEN #40275,"I-70/I-76 SB, MM 147",Bedford,PA,14,4.199,-78.5261000,39.9908000,city_centroid
1956,61511,MIDWAY FUEL AND TRUCK WASH,"I-78/US-22, EXIT 16",Bethel,PA,208,3.364,-76.2742000,40.4808000,city_centroid
1957,61515,Carlisle Fuel Stop,"I-81, EXIT 52",Carlisle,PA,70,3.359,-77.2147500,40.2094500,city_centroid
1958,61540,S&P Oil,US-13,Levittown,PA,160,3.81566666,-74.8466000,40.1533600,city_centroid
1959,61559,7-ELEVEN #40273,34 MILE WEST OF EXIT 11/146,Somerset,PA,168,4.20733333,-79.0608500,39.9940500,city_centroid
1960,61560,7-ELEVEN #40272,"I-70 & 76, EXIT 10",Somerset,PA,168,4.20733333,-79.0608500,39.9940500,city_centroid
1961,61567,7-ELEVEN #35774,"I-76, EXIT 5/48",Verona,PA,165,4.20733333,-79.8345000,40.4927000,city_centroid
1962,61569,KWIK FILL #295,US-6 BUS,Warren,PA,240,4.699,-79.1588000,41.8437500,city_centroid
1963,61570,7-ELEVEN #40276,"I-76, EXIT 12/161 & SR-655",Waterfall,PA,14,4.199,-78.0628000,40.1276000,city_centroid
1964,61571,7-ELEVEN #40280,MILE MARKER 55 NE EXT PENN TPKE,Allentown,PA,90,3.589,-75.5101000,40.6015000,city_centroid
1965,61594,SPINX #138 (DISCOUNT AVAILABLE),"I-85, EXIT 44",Greenville,SC,30,3.04233333,-82.3997923,34.8567154,city_centroid
1966,61595,CORNER MART 3338,"I-85, EXIT 44",Greenville,SC,30,2.907,-82.3997923,34.8567154,city_centroid
1967,61596,HOT SPOT #2009,US-25/US-178 & SR-225,Greenwood,SC,30,2.939,-82.1614000,34.1975000,city_centroid
1968,61597,SPINX #121,"I-85, EXIT 56",Greer,SC,30,3.16566666,-82.2384667,34.9269333,city_centroid
1969,61598,Shell,SR-41,Hemingway,SC,245,3.199,-79.4489000,33.7419000,city_centroid
1970,61599,HOT SPOT #2013,"I-26, EXIT 10",Inman,SC,210,3.149,-82.0540000,35.0528000,city_centroid
1971,61605,HOT SPOT #2028,US-76/US-301,Marion,SC,63,2.999,-79.3898000,34.1562000,city_centroid
1972,61616,PILOT #4578,"I-77, EXIT 48 & SC-200",Winnsboro,SC,135,3.409,-81.1090000,34.3810000,city_centroid
1973,61621,CUBBYS #401,"I-90 , EXIT 332 & SR-37",Mitchell,SD,530,3.149,-98.0298000,43.7094000,city_centroid
1974,61625,PRARIE STOP,US-212 & SR-20,Watertown,SD,566,3.279,-97.1240000,44.9043000,city_centroid
1976,61642,PILOT TRAVEL CENTERS #252,"I-35, EXIT 26",Kearney,MO,400,3.699,-94.3621000,39.3652000,city_centroid
1977,61646,SHELL,"I-40, EXIT 35 & SR-59",Mason,TN,435,3.549,-89.5518000,35.4380000,city_centroid
1978,61651,LEES FOOD MART #123,"I-81, EXIT 23 AT MILE 23",Bulls Gap,TN,405,3.259,-83.0374000,36.2832000,city_centroid
1979,61654,MAJOR MARKETS #276,US-51/SR-3,Ripley,TN,435,3.799,-89.5350000,35.7527000,city_centroid
1980,61656,PHILLIPS 66,US-51,Union City,TN,460,3.38233333,-89.0618500,36.4252500,city_centroid
1981,61660,MARATHON,"I-40, EXIT 108",Wildersville,TN,435,3.099,-88.4388000,35.7698000,city_centroid
1982,61684,WOODYS FOOD MART,"I-45 & SR-7, EXIT 164",Centerville,TX,670,2.84566666,-95.9213000,31.2720000,city_centroid
1983,61730,STRIPES 7FLEET #42430,"I-20, EXIT 131",Midland,TX,612,3.569,-102.0802125,31.9653750,city_centroid
1984,61747,TEX-BEST #504,"I-35, EXIT 141",Von Ormy,TX,740,3.15733333,-98.6677000,29.2750000,city_centroid
1985,61751,ALLSUPS CONVENIENCE STORE #2264,SR-214,Seminole,TX,710,3.094,-102.6828000,32.7210000,city_centroid
1986,61761,ALLSUPS CONVENIENCE STORE #2304,"I-40, EXIT 36 & US-385",Vega,TX,585,2.999,-102.4214000,35.2241000,city_centroid
1987,61763,ALLSUPS CONVENIENCE STORE #2283,"I-20, EXIT 73",Wickett,TX,710,2.899,-103.0067000,31.5692000,city_centroid
1988,61787,DUCK THRU FOOD STORE #5,US-258,Franklin,VA,180,3.499,-76.9391000,36.6786000,city_centroid
1989,61796,EXXON,US-220,Martinsville,VA,185,3.375,-79.8671500,36.6833500,city_centroid
1990,61799,CIRCLE K #2723712,"I-77, EXIT 52 & US-52/SR-42",Bland,VA,185,3.37566666,-81.0201000,37.1376000,city_centroid
1991,61804,CARTERS ONE STOP,"I-95 & SR-301, EXIT 31 & SR-40",Stony Creek,VA,180,2.959,-77.4443000,36.9361000,city_centroid
1992,61806,LANKFORD TRUCK PLAZA,US-13 & CR-646,Townsend,VA,130,3.399,-75.9690000,37.1882000,city_centroid
1993,61819,CHEVRON,"I-5, EXIT 36",Longview,WA,935,4.499,-122.9634000,46.1514000,city_centroid
1994,61830,APPLETON TRAVEL PLAZA,SR-96,Appleton,WI,444,3.40566666,-88.4171600,44.3105400,city_centroid
1995,61832,BARRON FARMERS UNION,"US-8, EXIT 53",Barron,WI,545,3.639,-91.8500000,45.4005000,city_centroid
1996,61835,BRISTOL BP,"I-94, EXIT 345 & US-45",Bristol,WI,444,3.719,-88.0478000,42.5325000,city_centroid
1997,61843,KWIK TRIP #332,SR-33,Horicon,WI,444,3.21566666,-88.6310000,43.4469000,city_centroid
1998,61849,KWIK TRIP #306,"I-94, EXIT 259 & SR-89",Lake Mills,WI,420,3.43233333,-88.9133000,43.0816000,city_centroid
1999,61862,KWIK TRIP #781,SR-21,Redgranite,WI,582,3.35233333,-89.0981000,44.0438000,city_centroid
2000,61867,KWIK TRIP #318,SR-27 & SR-16/SR-71,Sparta,WI,515,3.34233333,-90.8146000,43.9540000,city_centroid
2001,61877,CASEYS #3715,SR-59,Whitewater,WI,420,3.299,-88.7429000,42.8272000,city_centroid
2002,61879,KWIK TRIP #347,SR-13,Wisconsin Rapids,WI,395,3.31233333,-89.8645000,44.3819500,city_centroid
2003,61880,KWIK TRIP #310,SR-13/SR-73,Wisconsin Rapids,WI,395,3.26233333,-89.8645000,44.3819500,city_centroid
2004,61968,FLYING J TRAVEL PLAZA #701,"I-35, EXIT 33",Ardmore,OK,253,3.659,-97.1903000,34.2066000,city_centroid
2005,62008,LOVES TRAVEL STOP #366,"I-81, EXIT 90",Jonestown,PA,70,3.85733333,-76.5038000,40.4361000,city_centroid
2006,62075,FLYING J TRAVEL PLAZA #657,US-283/US-50/US-56 & US-400,Dodge City,KS,570,3.799,-100.0241000,37.7569000,city_centroid
2007,62097,FLASH MARKET #17046,US-65/SR-9,Clinton,AR,695,3.239,-92.4758000,35.6045000,city_centroid
2008,62211,STUBS GAS AND OIL,"I-76, EXIT 66",Wiggins,CO,800,3.559,-104.0468000,40.1598000,city_centroid
2009,62238,Circle K #2726278,SR-207,Hastings,FL,75,3.569,-81.4909000,29.7051000,city_centroid
2010,62283,Circle K #2745099,US-23 & US-341/SR-27,Hazlehurst,GA,195,3.529,-82.5909000,31.8606000,city_centroid
2011,62316,BP,US-20,Delaware,IA,335,3.299,-91.3112000,42.4766000,city_centroid
2012,62355,MINIT MART #600630,"I-39, EXIT 14",El Paso,IL,368,3.679,-89.0120000,40.7389000,city_centroid
2013,62355,MINIT MART #600630,"I-39, EXIT 14",El Paso,IL,368,3.599,-89.0120000,40.7389000,city_centroid
2014,62370,7-ELEVEN #34712,I-90 Exit 24,Belvidere,IL,290,3.739,-88.8509000,42.2595000,city_centroid
2015,62399,Rebel Plus #882,"I-80, EXIT 101",Bristol,IN,465,3.57566666,-85.8262000,41.7169000,city_centroid
2016,62462,HAWESWAY TRUCKSTOP,US-60,Owensboro,KY,487,3.599,-87.1161667,37.7509000,city_centroid
2017,62467,SUPER QUIK #9,"I-64, EXIT 181",Ashland,KY,255,3.669,-82.6860667,38.4214333,city_centroid
2018,62480,CM GALLIANO,US-167,Cut Off,LA,725,3.499,-90.3393000,29.5232000,city_centroid
2019,62487,Fred's Food Mart,US-61,Saint Francisville,LA,600,3.799,-91.4186000,30.8694000,city_centroid
2020,62500,CASH MAGIC VINTON,"I-10, EXIT 4 & SR-109",Vinton,LA,690,3.284,-93.5728000,30.2015000,city_centroid
2021,62547,MARATHON,SR-32W,Gaylord,MI,287,3.799,-84.6735500,45.0200000,city_centroid
2022,62550,Sunoco,"I-275, EXIT 11",New Boston,MI,325,3.399,-83.3589000,42.1449000,city_centroid
2023,62550,Sunoco,"I-275, EXIT 11",New Boston,MI,325,3.439,-83.3589000,42.1449000,city_centroid
2024,62559,EXPRESS FOOD DEPOT,"I-94, EXIT 266",Smiths Creek,MI,325,3.629,-82.5679000,42.9051000,city_centroid
2025,62559,EXPRESS FOOD DEPOT,"I-94, EXIT 266",Smiths Creek,MI,325,3.659,-82.5679000,42.9051000,city_centroid
2026,62559,EXPRESS FOOD DEPOT,"I-94, EXIT 266",Smiths Creek,MI,325,3.719,-82.5679000,42.9051000,city_centroid
2027,62560,ONE9 #23,"I-96, EXIT 67",Ionia,MI,406,3.499,-85.0710000,42.9859000,city_centroid
2028,62560,ONE9 #23,"I-96, EXIT 67",Ionia,MI,406,3.439,-85.0710000,42.9859000,city_centroid
2029,62701,PILOT TRAVEL CENTERS #408,"I-68, EXIT 22",Grantsville,MD,14,4.259,-79.1241000,39.6551000,city_centroid
2030,62710,TOWN PUMP FOOD STORE #922,"I-90, EXIT 370 &SR-10",Big Timber,MT,780,3.479,-109.9631000,45.8283000,city_centroid
2031,62753,PETRO SERVE USA,US-10,West Fargo,ND,341,3.029,-96.9258000,46.8907000,city_centroid
2032,62768,PUMP & PANTRY #34,US-20 & SR-27,Gordon,NE,475,3.449,-102.2049000,42.8068000,city_centroid
2033,62774,MR MIKES MINI MART,SR-9,Northwood,NH,34,3.599,-71.2004000,43.2070000,city_centroid
2034,62790,7-ELEVEN #40084,US-46/US-1/US-9,Palisades Park,NJ,115,3.099,-73.9954000,40.8462000,city_centroid
2035,62800,A ONE TRUCK STOP,US-9,South Amboy,NJ,79,3.499,-74.2742000,40.4640000,city_centroid
2036,62817,LOVES TRAVEL STOP #364,I-75 EXIT 33,Charleston,TN,285,3.589,-84.7666000,35.2556000,city_centroid
2037,62824,FLYING J TRAVEL PLAZA #1005,"I-80, EXIT 48",Fernley,NV,966,3.91566666,-119.2350000,39.6019000,city_centroid
2038,62841,SPEEDWAY #9912,"I-81, EXIT 10",Mc Graw,NY,32,4.309,-76.0820000,42.5948000,city_centroid
2039,62844,CIRCLE K #4707612,"I-81, EXIT 14",Tully,NY,220,3.799,-76.1394000,42.8070000,city_centroid
2040,62844,CIRCLE K #4707612,"I-81, EXIT 14",Tully,NY,220,4.299,-76.1394000,42.8070000,city_centroid
2041,62850,GANSEVOORT MINI MART,"I-87, EXIT 17",Gansevoort,NY,12,3.759,-73.7053000,43.1803000,city_centroid
2042,62850,GANSEVOORT MINI MART,"I-87, EXIT 17",Gansevoort,NY,12,3.779,-73.7053000,43.1803000,city_centroid
2044,62911,DAVIS TRAVEL CENTER #108,"I-85, EXIT 39",Warfield,VA,180,3.099,-77.7673000,36.9011000,city_centroid
2045,62918,CIRCLE K #4705567,ST 91,Twinsburg,OH,305,3.63233333,-81.4559000,41.3289000,city_centroid
2046,62991,ONVO TRAVEL PLAZA,"I-84, EXIT 17",Lake Ariel,PA,200,3.58566666,-75.4313000,41.4395000,city_centroid
2047,62996,MARTIN GENERAL STORE,US-22,Alexandria,PA,14,3.539,-78.0951000,40.5485000,city_centroid
2048,63013,TA WEST GREENWICH,"I-95, EXIT 5B",West Greenwich,RI,175,3.76566666,-71.6435000,41.6400000,city_centroid
2050,63126,PWI #120,"I-10, EXIT 593",Schertz,TX,740,2.92566666,-98.2778000,29.5790000,city_centroid
2051,63193,Shell,US-29,Warrenton,VA,60,3.25733333,-77.7993667,38.7235667,city_centroid
2052,63211,OMAK MART,US-97 & SR-215,Omak,WA,970,4.149,-119.5272000,48.4143000,city_centroid
2053,63246,Petro Stopping Center #368,"I-94, EXIT 333",Sturtevant,WI,444,3.889,-87.9031000,42.6967000,city_centroid
2054,63313,MARION TRAVEL CENTER,I-55 EXIT 14,Marion,AR,435,3.199,-90.1989000,35.2077000,city_centroid
2055,63330,CIRCLE K #2723678,SR-53,Rome,GA,18,3.06233333,-85.2042750,34.2895500,city_centroid
2056,63336,ROAD RANGER #118,"I-72 & I-55, EXIT 100-A",Springfield,IL,318,3.299,-89.6263846,39.7997231,city_centroid
2057,63336,ROAD RANGER #118,"I-72 & I-55, EXIT 100-A",Springfield,IL,318,3.409,-89.6263846,39.7997231,city_centroid
2058,63349,FLYING J TRAVEL PLAZA #662,"I-24, EXIT 86",Oak Grove,KY,415,3.15233333,-87.4255000,36.6652000,city_centroid
2059,63351,76 FUEL CENTER,"I-75, EXIT 76",Berea,KY,410,2.999,-84.2856000,37.5743000,city_centroid
2060,63353,LOVES TRAVEL STOP #367,"I-74, EXIT 149",Le Roy,IL,280,3.589,-88.7598000,40.3468000,city_centroid
2061,63353,LOVES TRAVEL STOP #367,"I-74, EXIT 149",Le Roy,IL,280,3.549,-88.7598000,40.3468000,city_centroid
2062,63353,LOVES TRAVEL STOP #367,"I-74, EXIT 149",Le Roy,IL,280,3.489,-88.7598000,40.3468000,city_centroid
2063,63353,LOVES TRAVEL STOP #367,"I-74, EXIT 149",Le Roy,IL,280,3.389,-88.7598000,40.3468000,city_centroid
2064,63376,Circle K #2746246,US-169 & SR-41,Shakopee,MN,448,3.599,-93.5197000,44.7793000,city_centroid
2065,63379,Petro Stopping Center #460,"I-70, EXIT 28",Oak Grove,MO,400,3.21233333,-94.1399000,38.9985000,city_centroid
2066,63388,CIRCLE K #2723471,"I-95, EXIT 121",Wilson,NC,205,3.199,-77.9316750,35.7335500,city_centroid
2067,63391,FLYING J TRAVEL PLAZA #687,"I-80, EXIT 179",North Platte,NE,475,3.449,-100.7607500,41.0895000,city_centroid
2068,63409,FLYING J TRAVEL PLAZA #693,"I-90, EXIT 48A; PEMBROKE, NY",Corfu,NY,38,3.889,-78.3929000,42.9777000,city_centroid
2069,63428,FLYING J TRAVEL PLAZA #702,"I-40, EXIT 264B",Checotah,OK,560,3.699,-95.5350000,35.4358000,city_centroid
2070,63442,Flying J Travel Plaza #720,"I-40, EXIT 182",Fairview,TN,460,3.18566666,-87.1321000,35.9755000,city_centroid
2071,63455,FLYING J TRAVEL PLAZA #752,"I-81, EXIT 323",Clear Brook,VA,60,3.659,-78.0988000,39.2655000,city_centroid
2072,63456,SHELL,"I-85, EXIT 61",Petersburg,VA,180,3.20066666,-77.4198667,37.1996667,city_centroid
2073,63495,DECAUTER SHELL TRUCK STOP,"I-35, EXIT 369",Decatur,TX,637,2.91566666,-97.5740000,33.2351000,city_centroid
2074,63498,PILOT #6955,I-40/I-85 EXIT 150,Haw River,NC,65,3.959,-79.3642000,36.0915000,city_centroid
2075,63500,SPEEDWAY #8723,"I-75, EXIT 144B",Bridgeport,MI,342,3.379,-83.8549000,43.3553000,city_centroid
2076,63500,SPEEDWAY #8723,"I-75, EXIT 144B",Bridgeport,MI,342,3.249,-83.8549000,43.3553000,city_centroid
2077,63500,SPEEDWAY #8723,"I-75, EXIT 144B",Bridgeport,MI,342,3.259,-83.8549000,43.3553000,city_centroid
2078,63500,SPEEDWAY #8723,"I-75, EXIT 144B",Bridgeport,MI,342,3.469,-83.8549000,43.3553000,city_centroid
2079,63501,LOVES TRAVEL STOP #407,I-81 EXIT 52B OR I-76 EXIT 226,Carlisle,PA,70,4.099,-77.2147500,40.2094500,city_centroid
2080,63502,FLYING J TRAVEL PLAZA #704,I-35 & 122ND ST,Edmond,OK,483,3.30566666,-97.4327220,35.5946550,census
2081,63506,KWIK TRIP #342,"I-39, EXIT 159",Stevens Point,WI,395,3.559,-89.5352000,44.5289667,city_centroid
2082,63509,PILOT #4557,"I-85, EXIT 166",Carnesville,GA,16,3.17233333,-83.2547000,34.3631000,city_centroid
2083,63509,PILOT TRAVEL CENTER #4557,"I-85, EXIT 166",Carnesville,GA,16,3.239,-83.2547000,34.3631000,city_centroid
2084,63510,PILOT #4584,"I-95, EXIT 181",Latta,SC,63,3.349,-79.4417000,34.3398000,city_centroid
2085,63511,PILOT #4576,"I-95, EXIT 82",Saint George,SC,42,3.519,-80.5732000,33.1845000,city_centroid
2086,63512,SPEEDWAY #7929,"I-40, EXIT 208",Colfax,NC,65,2.854,-80.0103000,36.1003000,city_centroid
2087,63516,SHEETZ #701,"I-81, EXIT 273",Mount Jackson,VA,60,2.874,-78.6803000,38.7857000,city_centroid
2088,63517,TA LINCOLN TRAVEL CENTER,"I-20, EXIT 168 & SR-77",Lincoln,AL,615,3.084,-86.1112000,33.6059000,city_centroid
2089,63519,PILOT TRAVEL CENTERS #243,"I-64, EXIT 45 & SR-25",Nitro,WV,44,3.62566666,-81.8293000,38.4193000,city_centroid
2090,63522,Pilot Travel Centers #411,"I-40, EXIT 238 & US-231",Lebanon,TN,460,3.24566666,-86.2855000,36.1788000,city_centroid
2091,63523,PILOT TRAVEL CENTER #441,"I-65, EXIT 334",Decatur,AL,615,3.859,-86.9908000,34.5813000,city_centroid
2092,63523,PILOT TRAVEL CENTERS #441,"I-65, EXIT 334",Decatur,AL,615,3.859,-86.9908000,34.5813000,city_centroid
2093,63524,PILOT TRAVEL CENTER #416,"I-75/SR-401, EXIT 101",Cordele,GA,10,3.28566666,-83.7844500,31.9369000,city_centroid
2094,63524,PILOT TRAVEL CENTERS #416,"I-75/SR-401, EXIT 101",Cordele,GA,10,3.33233333,-83.7844500,31.9369000,city_centroid
2096,63532,FUELSMART,SR-165,Muskogee,OK,560,3.25233333,-95.3840000,35.7370333,city_centroid
2097,63533,FLYING J TRAVEL PLAZA #638,"I-84, EXIT 29",Caldwell,ID,785,3.78733333,-116.7496667,43.6687333,city_centroid
2098,63538,SUAMICO CITGO,"US-41/US-141, EXIT 176 & CR-B",Suamico,WI,360,3.269,-88.0317000,44.6435000,city_centroid
2099,63540,GAS N GO,"I-75, EXIT 149",Byron,GA,85,3.17233333,-83.7890000,32.6181000,city_centroid
2100,63545,LOVES TRAVEL STOP #397,"I-85, EXIT 104",Blacksburg,SC,210,3.419,-81.4942000,35.1095000,city_centroid
2101,63546,CITGO QUIK MART,SR/15 & SR-68,Tennille,GA,85,3.46566666,-82.8400000,32.9063000,city_centroid
2102,63563,PILOT TRAVEL CENTERS #209,"I-10, EXIT 140",Van Horn,TX,640,3.659,-104.8245000,31.0391000,city_centroid
2104,63565,LOVES TRAVEL STOP #296,"I-8, EXIT 115 & SR-85",Gila Bend,AZ,930,3.889,-112.7468000,32.9306000,city_centroid
2105,63566,PORT ALLEN TRUCKSTOP,"I-10, EXIT 151 & SR-415",Port Allen,LA,600,3.259,-91.2541000,30.4720000,city_centroid
2106,63568,FLYING J TRAVEL PLAZA #658,"I-35, EXIT 127",Emporia,KS,336,3.25233333,-96.1871000,38.4184000,city_centroid
2107,63569,Flying J Dealer #893,"I-80, EXIT 40 (US-59)",Avoca,IA,319,3.659,-95.3509000,41.4768000,city_centroid
2108,63569,PILOT TRAVEL CENTERS #893,"I-80, EXIT 40 (US-59)",Avoca,IA,319,3.659,-95.3509000,41.4768000,city_centroid
2109,63570,PILOT TRAVEL CENTERS #287,"I-71, EXIT 204 & SR-83",Burbank,OH,305,3.699,-81.9958000,40.9637000,city_centroid
2111,63572,PILOT TRAVEL CENTER #211,"I-40, EXIT 9 & SR-95",Lake Havasu City,AZ,910,3.849,-114.2816250,34.4864000,city_centroid
2112,63572,PILOT TRAVEL CENTERS #211,"I-40, EXIT 9 & SR-95",Lake Havasu City,AZ,910,3.999,-114.2816250,34.4864000,city_centroid
2113,63574,PILOT TRAVEL CENTERS #232,"I-84, EXIT 376A",Ontario,OR,982,3.699,-116.9783000,44.0416000,city_centroid
2114,63575,OKEMAH TRAVEL CENTER,"I-40, EXIT 221 (ST 27)",Okemah,OK,483,2.879,-96.3287000,35.4647000,city_centroid
2115,63577,PILOT TRAVEL CENTERS #236,"I-80, EXIT 122",Minooka,IL,290,3.799,-88.2786000,41.4615000,city_centroid
2116,63577,PILOT TRAVEL CENTER #236,"I-80, EXIT 122",Minooka,IL,290,3.799,-88.2786000,41.4615000,city_centroid
2117,63579,301 PLAZA,US-301 & SR-299,Middletown,DE,243,3.239,-75.6832000,39.4815000,city_centroid
2118,63580,FLYING J TRAVEL PLAZA #637,"I-380, EXIT 68",Evansdale,IA,565,3.779,-92.2812000,42.4755000,city_centroid
2119,63581,CASEYS #4453,"I-75, EXIT 120",Lexington,KY,410,3.224,-84.5006111,38.0310722,city_centroid
2120,63582,T BONE TRUCK STOP,US-30,Columbus,NE,313,3.099,-97.3684000,41.4297000,city_centroid
2121,63583,CUBBYS #110,"I-80, EXIT 353",Columbus,NE,313,3.179,-97.3684000,41.4297000,city_centroid
2122,63584,PILOT TRAVEL CENTERS #417,"I-20, EXIT 19",Temple,GA,18,3.449,-85.0133000,33.7677000,city_centroid
2123,63584,PILOT TRAVEL CENTER #417,"I-20, EXIT 19",Temple,GA,18,3.389,-85.0133000,33.7677000,city_centroid
2124,63586,LOVES TRAVEL STOP #295,US-412 & US-69,Chouteau,OK,560,3.29066666,-95.3416000,36.1669000,city_centroid
2125,63587,24/7 TRAVEL PLAZA,"I-135, EXIT 92",Salina,KS,523,2.974,-97.6267500,38.8320000,city_centroid
2126,63588,KWIK TRIP #686,"I-94, EXIT 333/US-41 & SR-20",Sturtevant,WI,444,3.769,-87.9031000,42.6967000,city_centroid
2127,63594,PILOT TRAVEL CENTERS #49,"I-24, EXIT 89",Oak Grove,KY,415,3.15233333,-87.4255000,36.6652000,city_centroid
2128,63595,SPEEDWAY #5236,"I-75, EXIT 122",Lima,OH,411,3.25566666,-84.1222500,40.7473333,city_centroid
2129,63596,PILOT TRAVEL CENTERS #442,"I-55, EXIT 19",Hayti,MO,275,3.25566666,-89.7495000,36.2337000,city_centroid
2130,63597,PILOT TRAVEL CENTERS #163,"I-10, EXIT 24",Lordsburg,NM,640,3.439,-108.7230000,32.3160000,city_centroid
2131,63598,PILOT TRAVEL CENTERS #164,"I-90/I-94, EXIT 69 & SR-82",Mauston,WI,420,3.299,-90.0641000,43.7934000,city_centroid
2132,63599,PWI #978,"I-215, EXIT 21",Salt Lake City,UT,835,3.359,-111.8778419,40.7262129,city_centroid
2134,63601,PILOT TRAVEL CENTERS #206,"I-20, EXIT 406",Weatherford,TX,630,3.209,-97.7728750,32.7799500,city_centroid
2135,63602,LOVES TRAVEL STOP #285,I-40 EXIT 277,Santa Rosa,NM,580,3.474,-104.5899000,34.8526000,city_centroid
2136,63603,LOVES TRAVEL STOP #290,US-59/US-69/S LOOP 287 & FM-841,Lufkin,TX,610,3.649,-94.6581930,31.2989460,census
2137,63603,LOVES TRAVEL STOPS #290,US-59/US-69/S LOOP 287 & FM-841,Lufkin,TX,610,3.649,-94.6581930,31.2989460,census
2138,63604,7-ELEVEN #40363,US-17/SR-15 & SR-100,Palatka,FL,75,3.364,-81.6485500,29.6531500,city_centroid
2139,63605,FLYING J TRAVEL PLAZA #663,"I-64, EXIT 43 & SR-395",Waddy,KY,415,3.759,-85.1288000,38.1054000,city_centroid
2140,63606,FLYING J TRAVEL PLAZA #652,"I-65/US-52, EXIT 139 & SR-39",Lebanon,IN,375,3.64066666,-86.4641000,40.0449000,city_centroid
2141,63607,ROAD RANGER #209,"I-90/94, EXIT 48",Oakdale,WI,420,3.234,-90.3612000,43.9715000,city_centroid
2142,63608,ROAD RANGER #206,US-20,Winnebago,IL,520,3.219,-89.2373000,42.2727000,city_centroid
2143,63608,ROAD RANGER #206,US-20,Winnebago,IL,520,3.289,-89.2373000,42.2727000,city_centroid
2144,63608,ROAD RANGER #206,US-20,Winnebago,IL,520,3.299,-89.2373000,42.2727000,city_centroid
2145,63609,ROAD RANGER #203,US-20 & SR-2,Rockford,IL,520,3.219,-89.0676182,42.2736818,city_centroid
2146,63609,ROAD RANGER #203,US-20 & SR-2,Rockford,IL,520,3.289,-89.0676182,42.2736818,city_centroid
2147,63609,ROAD RANGER #203,US-20 & SR-2,Rockford,IL,520,3.299,-89.0676182,42.2736818,city_centroid
2148,63612,FLYING J TRAVEL PLAZA #622,"I-95/SR-9, EXIT 131 & SR-68 & SR-713",Fort Pierce,FL,95,3.499,-80.3627000,27.4381667,city_centroid
2149,63613,FLYING J TRAVEL PLAZA #690,"I-10/US-70, EXIT 24",Lordsburg,NM,640,3.439,-108.7230000,32.3160000,city_centroid
2150,63614,PILOT TRAVEL CENTERS #446,"I-69, EXIT 234",Daleville,IN,457,3.514,-85.5110000,40.1257000,city_centroid
2151,63614,PILOT TRAVEL CENTER #446,"I-69, EXIT 234",Daleville,IN,457,3.649,-85.5110000,40.1257000,city_centroid
2152,63615,One9 #1413,"I-81, EXIT 101",Dublin,VA,185,3.24233333,-80.6853000,37.1057000,city_centroid
2153,63616,SPEEDWAY #8876,"US-23, EXIT 50",Whitmore Lake,MI,342,3.499,-83.7828000,42.4289000,city_centroid
2154,63616,SPEEDWAY #8876,"US-23, EXIT 50",Whitmore Lake,MI,342,3.749,-83.7828000,42.4289000,city_centroid
2155,63619,PILOT TRAVEL CENTERS #428,"I-20, EXIT 112",West Monroe,LA,760,3.20566666,-92.1736000,32.4930333,city_centroid
2156,63620,LOVES TRAVEL STOP #420,"I-20, EXIT 47",Flowood,MS,620,3.149,-90.0915000,32.3299000,city_centroid
2158,63623,PILOT TRAVEL CENTER #90,"I-95/SR-9, EXIT 129 & SR-91, EXIT 152 & SR-70",Fort Pierce,FL,95,3.519,-80.3627000,27.4381667,city_centroid
2159,63623,PILOT TRAVEL CENTERS #90,"I-95/SR-9, EXIT 129 & SR-91, EXIT 152 & SR-70",Fort Pierce,FL,95,3.459,-80.3627000,27.4381667,city_centroid
2160,63624,FROG CITY TRAVEL PLAZA,"I-10, EXIT 87",Rayne,LA,690,3.36566666,-92.2685000,30.2349000,city_centroid
2161,63625,FLYING J TRAVEL PLAZA #688,"I-295, DEEP WATER STREET",Penns Grove,NJ,243,3.989,-75.4495000,39.6994000,city_centroid
2162,63627,PILOT TRAVEL CENTERS #174,I-78 & SR-15,New Albany,MS,435,3.859,-89.0031000,34.4851000,city_centroid
2163,63628,PILOT TRAVEL CENTERS #75,"I-65, EXIT 19 & US-43/SR-13",Satsuma,AL,715,3.199,-88.0533000,30.8516000,city_centroid
2164,63628,PILOT TRAVEL CENTER #75,"I-65, EXIT 19 & US-43/SR-13",Satsuma,AL,715,3.195,-88.0533000,30.8516000,city_centroid
2165,63629,SPEEDWAY #4523,"I-94, EXIT 88",Osseo,WI,448,3.54566666,-91.2191000,44.5599000,city_centroid
2166,63630,TA DENVER EAST TRAVEL CENTER,"I-70 & I-270, EXIT 278",Commerce City,CO,800,3.37566666,-104.9226000,39.8171000,city_centroid
2167,63635,SAPP BROS TRAVEL CENTER,"I-70, EXIT 295",Junction City,KS,523,3.709,-96.8396000,39.0299000,city_centroid
2168,63636,PILOT TRAVEL CENTER #279,"I-19, EXIT 12 & SR-289",Rio Rico,AZ,980,3.614,-111.0757000,31.5084000,city_centroid
2169,63636,PILOT TRAVEL CENTERS #279,"I-19, EXIT 12 & SR-289",Rio Rico,AZ,980,3.659,-111.0757000,31.5084000,city_centroid
2170,63637,PILOT TRAVEL CENTERS #454,"I-70, EXIT 79",London,OH,315,3.509,-83.4439000,39.9001000,city_centroid
2171,63639,PILOT TRAVEL CENTERS #444,"I-70, EXIT 23",Brazil,IN,375,3.939,-87.1278000,39.5210000,city_centroid
2172,63639,PILOT TRAVEL CENTER #444,"I-70, EXIT 23",Brazil,IN,375,3.939,-87.1278000,39.5210000,city_centroid
2173,63640,SUPER EXPRESS STOP,"I-64, EXIT 113",Mount Sterling,KY,410,3.859,-83.9388000,38.0548000,city_centroid
2174,63641,FLYING J TRAVEL PLAZA #625,"I-4/SR-400, EXIT 10 & SR-579",Seffner,FL,225,3.44233333,-82.3625500,27.9321000,city_centroid
2175,63642,COLTS QUICK DRAW,"I-40, EXIT 125 & US-65/SR-25",Greenbrier,AR,695,3.30733333,-92.3578000,35.2295000,city_centroid
2176,63648,CIRCLE K #2723333,"I-75, EXIT 216",Mcdonough,GA,67,3.209,-84.1047000,33.4639000,city_centroid
2177,63649,ONE TRIP,US-84,Homerville,GA,10,3.44233333,-82.7613000,31.0509000,city_centroid
2178,63651,CIRCLE K #2723346,US-29/S8,Athens,GA,16,3.399,-83.3847875,33.9570250,city_centroid
2179,63652,CASEYS #3292,"I-380, EXIT 43 & US-20",Independence,IA,380,3.599,-91.8803000,42.4674000,city_centroid
2180,63653,FLYING J TRAVEL PLAZA #760,US-30 & SR-232,Cokeville,WY,835,3.899,-110.9164000,42.0580000,city_centroid
2181,63661,FLYING J TRAVEL PLAZA #677,"US-78, EXIT 6",Olive Branch,MS,435,3.28566666,-89.8544000,34.9441000,city_centroid
2182,63662,PILOT TRAVEL CENTERS #267,"I-75, EXIT 146",Byron,GA,85,3.36566666,-83.7890000,32.6181000,city_centroid
2183,63662,PILOT TRAVEL CENTER #267,"I-75, EXIT 146",Byron,GA,85,3.38566666,-83.7890000,32.6181000,city_centroid
2184,63667,CIRCLE K #2723875,SR-41/SR-45,Jamestown,SC,42,2.974,-79.6282000,33.2221000,city_centroid
2185,63668,PILOT #4579,"I-26, EXIT 139",Saint Matthews,SC,135,3.509,-80.8678000,33.6967000,city_centroid
2186,63669,One9 #1248,"I-45, EXIT 271",Wilmer,TX,630,2.75566666,-96.6838000,32.5981000,city_centroid
2187,63671,WESTERN TRAVEL TERMINAL,US-26 & US-85,Torrington,WY,795,3.399,-104.1917000,42.0624000,city_centroid
2188,63676,CORNER EXPRESS,ST 55,Wellston,MI,456,3.499,-85.9555000,44.2133000,city_centroid
2189,63680,ALLTOWN MARKETS-FLYING J #896,I-93 EXIT 11 & SR 3A,Bow,NH,39,4.099,-71.5448000,43.1388000,city_centroid
2190,63685,RIVER HEIGHTS GROCERY,US-64/SR-69/SR-15,Crump,TN,435,3.099,-88.3192000,35.2191000,city_centroid
2191,63690,LOVES TRAVEL STOP #277,"I-30, EXIT 46",Prescott,AR,635,3.47566666,-93.3725000,33.8040000,city_centroid
2192,63691,JIMMIES AUTO TRUCK PLAZA,"I-10, EXIT 262",Lee,FL,20,3.84733333,-83.2844000,30.3979000,city_centroid
2193,63694,PILOT TRAVEL CENTERS #261,"I-55, EXIT 186",Winona,MS,576,3.499,-89.7277000,33.4858000,city_centroid
2194,63695,FLYING J TRAVEL PLAZA #634,"I-20/SR-402, EXIT 19 & SR-113",Temple,GA,18,3.419,-85.0133000,33.7677000,city_centroid
2195,63697,MILLER MART #40,"I-64, EXIT 255B",Newport News,VA,130,3.30566666,-76.4967375,37.0996750,city_centroid
2196,63699,DEWITT TRAVEL MART,"US-30, EXIT 313",De Witt,IA,270,3.599,-90.5237000,41.8267000,city_centroid
2197,63700,WIXOM FUEL STOP,"I-96, EXIT 159",Wixom,MI,325,3.999,-83.5285000,42.5340000,city_centroid
2198,63701,FLYING J TRAVEL PLAZA #742,"I-80, EXIT 98/99",Tooele,UT,835,3.759,-112.3002000,40.5454000,city_centroid
2202,63706,QUICK FUEL #1003,"I-41/US-45, EXIT 45 & CR-EE",Milwaukee,WI,444,3.42566666,-87.9579405,43.0509730,city_centroid
2203,63715,FLYING J TRAVEL PLAZA #772,"I-215, EXIT 28",North Salt Lake,UT,835,3.73233333,-111.9191000,40.8446000,city_centroid
2204,63716,EXPRESS LANE #34,"I-39, EXIT 115",Rockford,IL,520,3.549,-89.0676182,42.2736818,city_centroid
2205,63716,EXPRESS LANE #34,"I-39, EXIT 115",Rockford,IL,520,3.749,-89.0676182,42.2736818,city_centroid
2206,63718,ROAD RANGER #210,"I-39/US-51, EXIT 99 & SR-38",Rochelle,IL,520,3.699,-89.0710000,41.9282000,city_centroid
2208,63721,ROAD RUNNER TRAVEL CENTER,I-69E/US-77 & CR-892,Robstown,TX,625,3.349,-97.6995000,27.7984000,city_centroid
2209,63722,LOVES TRAVEL STOP #240,"I-10, EXIT 151 & SR-415",Port Allen,LA,600,3.23233333,-91.2541000,30.4720000,city_centroid
2210,63724,LOVES TRAVEL STOP #244,"I-40, EXIT 87 & US-70/US-412",Jackson,TN,435,3.49733333,-88.8277667,35.6351667,city_centroid
2211,63725,TA CARTERSVILLE TRAVEL CENTER,"I-75, EXIT 296",Cartersville,GA,18,3.599,-84.7938500,34.1974500,city_centroid
2213,63727,LOVES TRAVEL STOP #403,"I-81, EXIT 3",Binghamton,NY,32,3.719,-75.8936000,42.1130000,city_centroid
2214,63727,LOVES TRAVEL STOP #403,"I-81, EXIT 3",Binghamton,NY,32,3.749,-75.8936000,42.1130000,city_centroid
2215,63727,LOVES TRAVEL STOP #403,"I-81, EXIT 3",Binghamton,NY,32,3.689,-75.8936000,42.1130000,city_centroid
2216,63727,LOVES TRAVEL STOP #403,"I-81, EXIT 3",Binghamton,NY,32,3.679,-75.8936000,42.1130000,city_centroid
2217,63728,PILOT TRAVEL CENTERS #43,"I-80, EXIT 284",Walcott,IA,270,3.88566666,-90.7256000,41.6453000,city_centroid
2218,63728,PILOT TRAVEL CENTER #43,"I-80, EXIT 284",Walcott,IA,270,3.859,-90.7256000,41.6453000,city_centroid
2219,63729,PILOT TRAVEL CENTERS #147,"I-80, EXIT 410",West Wendover,NV,835,3.709,-114.0733000,40.7391000,city_centroid
2220,63730,PILOT TRAVEL CENTERS #309,"I-77, EXIT 25",Caldwell,OH,430,3.65233333,-81.5153000,39.7467000,city_centroid
2221,63731,LOVES TRAVEL STOP #243,"I-10, EXIT 43 & SR-383",Iowa,LA,690,3.58733333,-93.0259000,30.2219000,city_centroid
2222,63732,LOVES TRAVEL STOP #265,"I-10, EXIT 200",Eloy,AZ,930,3.434,-111.5833000,32.7509000,city_centroid
2223,63734,CIRCLE K #2723472,US-70 & SR-58,Kinston,NC,63,3.319,-77.6050500,35.2665250,city_centroid
2224,63736,PLATEAU TRUCK AND AUTO CENTER,"I-10, EXIT 159",Van Horn,TX,640,3.099,-104.8245000,31.0391000,city_centroid
2225,63737,I 10 DUSON TRUCK STOP,"I-10, AUSTRIA ROAD",Duson,LA,730,3.41066666,-92.1525000,30.1912000,city_centroid
2226,63738,U STOP 33,US-77,Beatrice,NE,413,3.399,-96.7435000,40.2705000,city_centroid
2227,63740,CIRCLE K #2723478,US-29,Blairs,VA,185,3.439,-79.3731000,36.6799000,city_centroid
2228,63741,SHELL,"I-295, EXIT 15",Chester,VA,180,3.20233333,-77.3771000,37.3452000,city_centroid
2229,63743,PILOT TRAVEL CENTERS #370,"I-81, EXIT 175",Pittston,PA,200,4.17566666,-75.7850333,41.3400333,city_centroid
2230,63744,PILOT TRAVEL CENTERS #439,"I-24, EXIT 86",Oak Grove,KY,415,3.15233333,-87.4255000,36.6652000,city_centroid
2231,63745,PILOT TRAVEL CENTER #447,"I-64, EXIT 25",Haubstadt,IN,340,3.959,-87.5798000,38.1895000,city_centroid
2232,63745,PILOT TRAVEL CENTERS #447,"I-64, EXIT 25",Haubstadt,IN,340,3.959,-87.5798000,38.1895000,city_centroid
2233,63746,PILOT TRAVEL CENTERS #453,"I-85, EXIT 90",Gaffney,SC,210,3.429,-81.6690333,35.0525667,city_centroid
2234,63747,PILOT TRAVEL CENTERS #440,"I-71, EXIT 28",Pendleton,KY,415,3.759,-85.3170000,38.4809000,city_centroid
2236,63752,MR FUEL #732,"I-80, EXIT 226",Girard,OH,573,3.239,-80.6933000,41.1611000,city_centroid
2237,63753,PILOT TRAVEL CENTER #4558,"I-75, EXIT 318",Calhoun,GA,285,3.28566666,-84.9428000,34.4995500,city_centroid
2238,63753,PILOT #4558,"I-75, EXIT 318",Calhoun,GA,285,3.30566666,-84.9428000,34.4995500,city_centroid
2239,63754,U SAVE TRAVEL PLAZA,US-19 & SR-129,Mount Nebo,WV,44,3.599,-80.7976000,38.1653000,city_centroid
2240,63755,PILOT TRAVEL CENTERS #196,"I-40, EXIT 325 & US-64",Roland,OK,645,3.739,-94.5291000,35.4538000,city_centroid
2243,63759,BUFFALO RANCH,US/69/US-60 & US-59,Afton,OK,560,3.099,-94.9432000,36.6296000,city_centroid
2244,63760,CASH MAGIC CITGO HOUMA,I-57,Houma,LA,725,3.56566666,-90.7232000,29.5950250,city_centroid
2245,63761,7Fleet #46589,"I-94/US-52, EXIT 205 & SR-241",Saint Michael,MN,448,3.309,-93.6593000,45.2064000,city_centroid
2246,63762,MINIT MART #600643,"I-57, EXIT 322",Manteno,IL,290,3.299,-87.8468000,41.2514000,city_centroid
2247,63762,MINIT MART #600643,"I-57, EXIT 322",Manteno,IL,290,3.399,-87.8468000,41.2514000,city_centroid
2248,63762,MINIT MART #600643,"I-57, EXIT 322",Manteno,IL,290,3.249,-87.8468000,41.2514000,city_centroid
2249,63763,Flying J Travel Plaza #644,"I-80, EXIT 77 & SR-351",La Salle,IL,290,3.599,-89.0955000,41.3442000,city_centroid
2250,63763,Flying J Travel Plaza #644,"I-80, EXIT 77 & SR-351",La Salle,IL,290,3.399,-89.0955000,41.3442000,city_centroid
2251,63763,Flying J Travel Plaza #644,"I-80, EXIT 77 & SR-351",La Salle,IL,290,3.459,-89.0955000,41.3442000,city_centroid
2252,63763,Flying J Travel Plaza #644,"I-80, EXIT 77 & SR-351",La Salle,IL,290,3.299,-89.0955000,41.3442000,city_centroid
2253,63764,LOVES TRAVEL STOP #288,"I-45, EXIT 198 & US-84",Fairfield,TX,765,3.429,-96.1572000,31.7361000,city_centroid
2254,63766,PILOT TRAVEL CENTERS #26,"US-23, EXIT 5 & US-223",Ottawa Lake,MI,325,3.599,-83.6856000,41.7683000,city_centroid
2255,63766,PILOT TRAVEL CENTERS #26,"US-23, EXIT 5 & US-223",Ottawa Lake,MI,325,3.659,-83.6856000,41.7683000,city_centroid
2256,63766,PILOT TRAVEL CENTERS #26,"US-23, EXIT 5 & US-223",Ottawa Lake,MI,325,3.579,-83.6856000,41.7683000,city_centroid
2257,63766,PILOT TRAVEL CENTERS #26,"US-23, EXIT 5 & US-223",Ottawa Lake,MI,325,3.649,-83.6856000,41.7683000,city_centroid
2258,63767,HOP-IN FOOD STORES,I-27 & FM-1729,New Deal,TX,700,2.92566666,-101.8355000,33.7296000,city_centroid
2259,63768,PILOT TRAVEL CENTERS #443,"I-70, EXIT 49",Higginsville,MO,400,3.23566666,-93.7133000,39.0705000,city_centroid
2260,63770,FLYING J TRAVEL PLAZA #694,"I-90, EXIT 223",Austinburg,OH,305,3.859,-80.8584000,41.7554000,city_centroid
2261,63771,FLYING J FUEL STOP #572,"I-35, EXIT 144",Williams,IA,433,3.699,-93.5449000,42.4883000,city_centroid
2262,63771,FLYING J TRAVEL PLAZA #572,"I-35, EXIT 144",Williams,IA,433,3.699,-93.5449000,42.4883000,city_centroid
2263,63773,QUIKTRIP #179,ST 152,Liberty,MO,400,2.999,-94.4191000,39.2461000,city_centroid
2264,63774,PILOT TRAVEL CENTERS #150,"I-70, EXIT 24 &SR-63",Hagerstown,MD,22,3.959,-77.7174750,39.6237250,city_centroid
2265,63775,FLYING J #646,"I-90/39, EXIT 1 & US-51 & SR-75",South Beloit,IL,290,3.799,-89.0298000,42.4837000,city_centroid
2266,63775,FLYING J TRAVEL PLAZA #646,"I-90/39, EXIT 1 & US-51 & SR-75",South Beloit,IL,290,3.799,-89.0298000,42.4837000,city_centroid
2267,63776,KWIK TRIP #334,US-169/SR-60,Mankato,MN,425,3.549,-94.0331333,44.1767000,city_centroid
2268,63777,KWIK TRIP #403,"I-35, EXIT 45",Owatonna,MN,425,3.499,-93.2191000,44.0805000,city_centroid
2270,63781,Pilot Travel Centers #8,US-23 & PITTSBURG RD,Circleville,OH,315,3.799,-82.9300000,39.5988000,city_centroid
2271,63782,FUEL EXPRESSO #11,"I-35, EXIT 155",Lebo,KS,400,3.17233333,-95.8222000,38.4161000,city_centroid
2272,63787,LOVES TRAVEL STOP #402,"I-10, EXIT 44",Biloxi,MS,715,3.449,-88.9500833,30.4227167,city_centroid
2273,63789,PILOT TRAVEL CENTER #448,"I-65, EXIT 240",Hebron,IN,365,3.599,-87.2088000,41.3155000,city_centroid
2274,63789,PILOT TRAVEL CENTERS #448,"I-65, EXIT 240",Hebron,IN,365,3.354,-87.2088000,41.3155000,city_centroid
2275,63790,PILOT TRAVEL CENTERS #412,"I-81, EXIT 4",White Pine,TN,405,3.699,-83.2998000,36.0776000,city_centroid
2276,63791,PILOT TRAVEL CENTERS #432,"I-35, EXIT 328",Waco,TX,765,3.22066666,-97.1492583,31.5548417,city_centroid
2279,63793,HUTCH'S #113,US-183 & US-270/SR-15,Woodward,OK,483,2.999,-99.3511500,36.4854000,city_centroid
2280,63794,PILOT TRAVEL CENTERS #157,"I-30, EXIT 122",Sulphur Springs,TX,723,3.309,-95.5966500,33.1364500,city_centroid
2281,63795,LOVES COUNTRY STORE #022,US-412,Clayton,NM,585,3.414,-103.1888000,36.4414000,city_centroid
2282,63796,PETRO STOPPING CENTER #329,"I-40/I-85, EXIT 157",Mebane,NC,65,3.999,-79.2719000,36.0979000,city_centroid
2283,63798,PETRO GLADE SPRING #372,"I-81, EXIT 29",Glade Spring,VA,405,3.58733333,-81.7676000,36.7779000,city_centroid
2284,63799,LOVES TRAVEL STOP #204,US-69 BUS & US-69,Eufaula,OK,560,3.689,-95.6472000,35.2911000,city_centroid
2285,63800,PILOT TRAVEL CENTER #255,"I-95, EXIT 40",Milford,CT,73,4.299,-73.0648000,41.2256500,city_centroid
2286,63800,PILOT TRAVEL CENTERS #255,"I-95, EXIT 40",Milford,CT,73,4.299,-73.0648000,41.2256500,city_centroid
2288,63802,CARTERS TRAVEL CENTER,"I-40, EXIT 201N",Flagstaff,AZ,930,3.689,-111.6415750,35.1910500,city_centroid
2289,63803,KOUNTRY XPRESS,"I-40, EXIT 20",Mulberry,AR,645,3.27233333,-93.9885000,35.5172000,city_centroid
2290,63805,TEX-BEST #519,US-281 & US-281 BUS & CR-1930,Alice,TX,625,2.899,-98.0766500,27.7477000,city_centroid
2291,63812,PETRO STOPPING CENTER #330,"I-65, EXIT 86",Glendale,KY,415,3.599,-85.8921000,37.6034000,city_centroid
2292,63813,TA SAN ANTONIO TRAVELCENTER,"I-10 & FOSTER RD, EXIT 583",San Antonio,TX,740,3.20733333,-98.3607430,29.4444780,census
2293,63828,CIRCLE K #2723654,US-431,Boaz,AL,587,3.519,-86.1710500,34.1679000,city_centroid
2294,63829,CALERA CHEVRON,SR-25,Calera,AL,615,3.199,-86.7560000,33.1098000,city_centroid
2295,63836,Double Bees #109,"I-40, EXIT 183",Carlisle,AR,695,3.139,-91.7459000,34.7933000,city_centroid
2296,63841,MAGNOLIA TRAVEL CENTER,US-82 & US-371,Magnolia,AR,635,3.599,-93.2346000,33.2536500,city_centroid
2297,63846,71 EXPRESS,US-71,Mansfield,AR,645,3.33233333,-94.2204000,35.0432000,city_centroid
2298,63848,CIRCLE K #2706345,"I-30, EXIT 2",Texarkana,AR,723,3.479,-93.8765000,33.4310000,city_centroid
2299,63850,PILOT TRAVEL CENTER #180,"I-40, EXIT 185",Bellemont,AZ,930,3.609,-111.8335000,35.2381000,city_centroid
2300,63850,PILOT TRAVEL CENTERS #180,"I-40, EXIT 185",Bellemont,AZ,930,3.639,-111.8335000,35.2381000,city_centroid
2301,63854,E-Z MART #4437,US-71,Boles,AR,645,3.299,-94.0629000,34.7654000,city_centroid
2302,63855,LOVES TRAVEL STOP #460,"I-10, EXIT 302",Benson,AZ,980,3.279,-110.2941000,31.9883000,city_centroid
2303,63856,PILOT #1175,"I-17, EXIT 262 & SR-69",Mayer,AZ,930,3.699,-112.1296000,34.3655000,city_centroid
2304,63856,PILOT TRAVEL CENTER #1175,"I-17, EXIT 262 & SR-69",Mayer,AZ,930,3.6915,-112.1296000,34.3655000,city_centroid
2305,63870,CIRCLE K #2744074,"I-270/US-36, EXIT 4",Commerce City,CO,800,3.45566666,-104.9226000,39.8171000,city_centroid
2306,63871,Alta Convenience Store #6317,"I-70, EXIT 19",Fruita,CO,810,3.399,-108.7218000,39.1637000,city_centroid
2308,63887,QUIKTRIP #757,"I-79/SR-401, EXIT 306 & SR-140",Adairsville,GA,193,2.88733333,-84.9176000,34.3595000,city_centroid
2310,63894,CIRCLE K #2723653,"I-75, EXIT 124",Cartersville,GA,193,3.224,-84.7938500,34.1974500,city_centroid
2311,63895,KWIK SERV #17,"I-75, EXIT 136",Chatsworth,GA,193,3.499,-84.7943000,34.7589000,city_centroid
2312,63904,SUNOCO,"I-95, EXIT 19",Savannah,GA,195,3.63233333,-81.1007769,32.0269615,city_centroid
2313,63907,QUIKTRIP #737,"I-85, EXIT 137",Jefferson,GA,16,3.119,-83.5708000,34.1062000,city_centroid
2314,63909,GAS2GO,"I-95, EXIT 6",Kingsland,GA,75,3.109,-81.7075000,30.7977000,city_centroid
2315,63910,OGMULGEE CHEVRON #419,"I-16, EXIT 6",Macon,GA,85,3.399,-83.6622857,32.8193143,city_centroid
2316,63912,PILOT TRAVEL CENTER #4562,"I-95, EXIT 1",Kingsland,GA,75,3.57233333,-81.7075000,30.7977000,city_centroid
2317,63912,PILOT #4562,"I-95, EXIT 1",Kingsland,GA,75,3.559,-81.7075000,30.7977000,city_centroid
2318,63914,CIRCLE M #12,US-23/SR-365 & SR-52,Lula,GA,18,3.539,-83.6663000,34.3876000,city_centroid
2319,63915,HIGHWAY 80 CHEVRON,"I-185, EXIT 7",Midland,GA,50,3.399,-84.8559000,32.5616000,city_centroid
2320,63922,THOMASVILLE TRAVEL CENTER,US-84 & SR-3,Thomasville,GA,20,3.18066666,-83.9455667,30.8429000,city_centroid
2321,63925,PILOT #4561,"I-75, EXIT 11",Valdosta,GA,20,3.359,-83.2727333,30.8447333,city_centroid
2322,63925,PILOT TRAVEL CENTER #4561,"I-75, EXIT 11",Valdosta,GA,20,3.28566666,-83.2727333,30.8447333,city_centroid
2323,63931,LOVES TRAVEL STOP #371,"I-95, EXIT 190",Dillon,SC,46,3.33066666,-79.3770000,34.4146000,city_centroid
2324,63937,CUBBYS #305,"I-29, EXIT 10 & SR-2",Percival,IA,319,3.694,-95.8093000,40.7401000,city_centroid
2325,63938,CUBBYS #301,US-34 & SR-48,Red Oak,IA,319,3.399,-95.1915500,41.0191000,city_centroid
2327,63946,MINIT MART #600644,"I-80, EXIT 134",Joliet,IL,399,3.599,-88.0707500,41.5133500,city_centroid
2328,63955,ROAD RANGER #266,"I-72, EXIT 82 & CR-10",New Berlin,IL,280,3.539,-89.8550000,39.7681000,city_centroid
2329,63955,ROAD RANGER #266,"I-72, EXIT 82 & CR-10",New Berlin,IL,280,3.439,-89.8550000,39.7681000,city_centroid
2330,63955,ROAD RANGER #266,"I-72, EXIT 82 & CR-10",New Berlin,IL,280,3.479,-89.8550000,39.7681000,city_centroid
2331,63957,SUNMART FOOD STORE,SR-37,Bloomington,IN,375,3.499,-86.5240714,39.1725143,city_centroid
2332,63959,SPEEDWAY #1429,SR-59 & SR-56,Warrenville,IL,293,3.499,-88.1921000,41.8280000,city_centroid
2333,63959,SPEEDWAY #1429,SR-59 & SR-56,Warrenville,IL,293,3.599,-88.1921000,41.8280000,city_centroid
2334,63960,BUTLER ONE STOP,"I-69, EXIT 329",Butler,IN,370,3.519,-84.8787000,41.4287000,city_centroid
2335,63962,7-ELEVEN #40505,"I-80, EXIT 90",Elkhart,IN,465,4.11566666,-85.9711250,41.6788250,city_centroid
2336,63964,LOVES TRAVEL STOPS #242,"I-35 & FISHER RD, EXIT 144",Von Ormy,TX,740,3.249,-98.6157700,29.3096370,census
2337,63964,LOVES TRAVEL STOP #242,"I-35 & FISHER RD, EXIT 144",Von Ormy,TX,740,3.167,-98.6157700,29.3096370,census
2338,63965,GOOD TO GO #11,"I-65, EXIT 158",Frankfort,IN,375,3.549,-86.4689000,40.3044000,city_centroid
2339,63966,PHILS ONE STOP,"I-69, EXIT 309B",Fort Wayne,IN,370,3.67566666,-85.1410667,41.0846667,city_centroid
2340,63972,7-ELEVEN #40506,"I-80/I-90, MM 125 WB",Howe,IN,465,3.899,-85.4727000,41.7286000,city_centroid
2341,63977,CAREFREE FOOD MART,"I-64, EXIT 92",Leavenworth,IN,415,3.499,-86.3838000,38.1865000,city_centroid
2342,63978,Gallops,"I-80, EXIT 107",Middlebury,IN,370,3.549,-85.7114000,41.6754000,city_centroid
2343,63979,Jaks Oil,US-90,Broussard,LA,730,3.049,-91.9502000,30.1219000,city_centroid
2344,63988,Petes #47,US-400/SR-47,Fredonia,KS,307,3.299,-95.7484000,37.5717000,city_centroid
2345,63990,TREX MART #4,"I-229/US-59, EXIT 4B & US-36",Wathena,KS,400,2.999,-94.9255000,39.7625000,city_centroid
2346,63992,SANDRAS QUICK STOP,US-169 & US-59,Garnett,KS,485,3.319,-95.2594000,38.2859000,city_centroid
2347,63994,U STOP #38,I-70 EXIT 298,Junction City,KS,553,3.35566666,-96.8396000,39.0299000,city_centroid
2348,63997,LEON GROCERY,US-400,Leon,KS,336,3.399,-96.7526000,37.6813000,city_centroid
2349,64001,PETES #53,US-400 & SR-99 & CR-939,Severy,KS,336,3.249,-96.2252000,37.6170000,city_centroid
2350,64002,SPEEDWAY #9567,"I-65, EXIT 105",Lebanon Junction,KY,415,3.16566666,-85.7246000,37.8511000,city_centroid
2351,64003,HUCKS Food & Fuel #305,SR-9001 & WKY PKWY SERVICE AREA,Beaver Dam,KY,460,3.599,-86.8729000,37.3870000,city_centroid
2352,64003,HUCKS Food & Fuel #305 dba Pilot Dealer #1288,SR-9001 & WKY PKWY SERVICE AREA,Beaver Dam,KY,460,3.629,-86.8729000,37.3870000,city_centroid
2353,64016,SHELL,US-231 & SR-1468,Morgantown,KY,487,3.799,-86.6859000,37.2002000,city_centroid
2354,64020,LEEBOS # 9,"I-49, EXIT 90",Alexandria,LA,730,3.21566666,-92.4837714,31.2601000,city_centroid
2355,64021,CM AMITE,SR-16,Amite,LA,600,3.399,-90.5090000,30.7266000,city_centroid
2356,64028,DELCAMBRE FUEL DEPOT,SR-14 & SR-89,Delcambre,LA,730,2.999,-91.9889000,29.9474000,city_centroid
2357,64029,SUNSHINE SUPER STOP TRUCKS,"I-10, EXIT 182",Convent,LA,600,3.399,-90.8298000,30.0208000,city_centroid
2358,64030,STATE OIL,SR-23,Belle Chasse,LA,725,3.43233333,-89.9974000,29.8447000,city_centroid
2359,64034,BOONES CHEVRON,SR-317,Franklin,LA,623,3.899,-91.5026000,29.7857000,city_centroid
2360,64036,CM PROSPECT STATION,SR-3087 & SR-660,Houma,LA,725,3.599,-90.7232000,29.5950250,city_centroid
2361,64040,PILOT #1051,"I-10, EXIT 43 & SR-383",Iowa,LA,690,3.599,-93.0259000,30.2219000,city_centroid
2362,64042,LA PLACE TRAVEL CENTER,"I-10, EXIT 209 & I-55, EXIT 1",La Place,LA,725,3.259,-90.4863500,30.0844500,city_centroid
2363,64043,COUNTRY AUTO TRUCK STOP,"I-49, EXIT 177 & SR-509",Mansfield,LA,766,3.259,-93.6980000,32.0239000,city_centroid
2365,64045,SILVERS TRAVEL PLAZA - Port Allen,US-190/SR-1,Port Allen,LA,730,3.33233333,-91.2541000,30.4720000,city_centroid
2366,64047,LUCKY LOUIES TRUCK STOP,US-190,Port Allen,LA,600,3.06566666,-91.2541000,30.4720000,city_centroid
2367,64048,Pilot #1439,"I-10, Exit 151",Port Allen,LA,600,3.21566666,-91.2541000,30.4720000,city_centroid
2368,64049,Cash Magic CITGO LAROSE,SR-308,Larose,LA,725,3.399,-90.3817000,29.5724000,city_centroid
2369,64050,WESTWOOD TRUCK PLAZA,US-90 BUS,Marrero,LA,725,3.279,-90.1054500,29.8796000,city_centroid
2370,64058,DELTA TOWN TRUCK STOP,"I-10, EXIT 4",Vinton,LA,690,2.799,-93.5728000,30.2015000,city_centroid
2371,64059,CM SPRINGHILL,"I-20, EXIT 44",Springhill,LA,745,3.399,-93.4596000,33.0005000,city_centroid
2372,64060,CM VIVIAN,SR-1 & SR-2,Vivian,LA,745,3.26566666,-93.9504000,32.8423000,city_centroid
2373,64062,XTRA MART #10098,SR-146A,Uxbridge,MA,175,3.649,-71.6329000,42.0744000,city_centroid
2374,64063,Mobil,US-20 & SR-56,North Oxford,MA,175,3.58233333,-71.8860000,42.1655000,city_centroid
2375,64069,301 BP,US-301/SR-5,Brandywine,MD,22,3.259,-76.8320000,38.6922000,city_centroid
2376,64072,EZ MART #110,US-127 & US-127 BUS/SR-46,Alma,MI,260,3.649,-84.6635000,43.3809000,city_centroid
2377,64082,SPEEDWAY #8797,SR-13,Lennon,MI,342,3.379,-83.9279000,42.9693000,city_centroid
2378,64083,BIG DADDYS TRUCKSTOP,US-223 & US-23,Ottawa Lake,MI,325,3.499,-83.6856000,41.7683000,city_centroid
2379,64084,RPF OIL #92 PARMA TRAVEL CENTER,"I-94, EXIT 128",Parma,MI,431,3.499,-84.5999000,42.2739000,city_centroid
2380,64085,MADCO TRUCK PLAZA,"I-94, EXIT 200",Romulus,MI,325,3.399,-83.3966000,42.2223000,city_centroid
2381,64085,MADCO TRUCK PLAZA,"I-94, EXIT 200",Romulus,MI,325,3.539,-83.3966000,42.2223000,city_centroid
2382,64085,MADCO TRUCK PLAZA,"I-94, EXIT 200",Romulus,MI,325,3.499,-83.3966000,42.2223000,city_centroid
2383,64087,SAHARA PETRO,"I-696, EXIT 22",Warren,MI,325,3.699,-83.0241286,42.4925714,city_centroid
2384,64087,SAHARA PETRO,"I-696, EXIT 22",Warren,MI,325,3.799,-83.0241286,42.4925714,city_centroid
2385,64091,Circle K 2746398,US-10 & SR-27,Little Falls,MN,448,3.399,-94.3604000,45.9811000,city_centroid
2386,64092,ONE9 #4555,"I-20/I-59, EXIT 77",Cottondale,AL,615,2.93233333,-87.3871000,33.1767000,city_centroid
2387,64097,KWIK TRIP #937,US-12,Willmar,MN,451,3.34066666,-95.0523000,45.1393000,city_centroid
2388,64098,BLUE LINE TRAVEL CENTER,"I-90, EXIT 45",Worthington,MN,432,3.16566666,-95.6059000,43.6286000,city_centroid
2389,64101,D DIAMOND TRAVEL PLAZA,"I-44, EXIT 82",Fair Grove,MO,535,3.13233333,-93.1428000,37.3721000,city_centroid
2390,64106,RAPID ROBERTS #122,SR-43,Joplin,MO,277,2.899,-94.5095667,37.0758667,city_centroid
2391,64112,RAPID ROBERTS #123,"I-44, EXIT 80",Springfield,MO,535,2.899,-93.2839273,37.1962455,city_centroid
2392,64116,GRAND LEDGE,"I-96, EXIT 86",Grand Ledge,MI,344,3.789,-84.7373000,42.7529000,city_centroid
2393,64120,HOLIDAY STATIONSTORE #2746185,US-2,Wakefield,MI,545,3.219,-89.9424000,46.4752000,city_centroid
2394,64120,HOLIDAY STATIONSTORE #2746185,US-2,Wakefield,MI,545,3.139,-89.9424000,46.4752000,city_centroid
2395,64120,HOLIDAY STATIONSTORE #2746185,US-2,Wakefield,MI,545,3.479,-89.9424000,46.4752000,city_centroid
2396,64122,FLYING J TRAVEL PLAZA #691,"I-40, EXIT 333",Tucumcari,NM,585,3.899,-103.7179000,35.1680000,city_centroid
2397,64124,Shell,"I-94 & I-75, EXIT 171",Saint Cloud,MN,448,3.36233333,-94.1691000,45.5563000,city_centroid
2398,64126,CASEYS #3471,US-2 & CR-87,Cohasset,MN,333,3.449,-93.6392000,47.2691000,city_centroid
2399,64132,45 TRUCKSTOP,US-45,Corinth,MS,435,3.089,-88.5567000,34.8982000,city_centroid
2400,64139,4 MILE TRUCKSTOP,US-98 & HOLT RD,Lucedale,MS,715,3.399,-88.5089855,30.9231335,census
2401,64153,SPEEDWAY #6972,US-70,Durham,NC,177,3.799,-78.9060364,36.0065364,city_centroid
2402,64155,SPEEDWAY #8228,"I-85, EXIT 191 & SR-56",Creedmoor,NC,205,3.999,-78.6861000,36.1224000,city_centroid
2403,64156,SPEEDWAY #6985,"I-40, EXIT 312 & SR-42",Garner,NC,177,3.499,-78.5975000,35.6813000,city_centroid
2404,64163,FILL GOOD BP #15,US-74,Monroe,NC,46,3.399,-80.5499667,34.9745333,city_centroid
2405,64167,NORTH LONDONDERRY SUNOCO,"I-93, EXIT 5",Londonderry,NH,125,3.939,-71.3772000,42.8656000,city_centroid
2406,64170,LUCKY 7,"I-95, EXIT 61",Wade,NC,205,2.999,-78.7249000,35.1606000,city_centroid
2407,64171,CIRCLE K #2723130,"I-40, EXIT 364",Warsaw,NC,245,2.87566666,-78.0310000,35.0180000,city_centroid
2408,64172,CUBBYS #108,"I-80, EXIT 420 & SR-63",Greenwood,NE,319,3.399,-96.4258000,40.9706000,city_centroid
2409,64173,SAPP BROS TRAVEL CENTER,"I-80, EXIT 405",Lincoln,NE,413,3.36566666,-96.6889462,40.8213692,city_centroid
2410,64181,SUNOCO- JOYCE KILMER PLAZA #7012,"NJTP,EXIT 8A",East Brunswick,NJ,115,3.899,-74.4064000,40.4284000,city_centroid
2411,64182,SUNOCO- VINCE LOMBARDI SERVICE AREA #7017,"NJ TURNPIKE, EXIT 18",Ridgefield,NJ,115,3.899,-74.0015000,40.8326000,city_centroid
2412,64183,SUNOCO- THOMAS EDISON PLAZA #7013,"NJTP, EXIT 11",Woodbridge,NJ,79,3.899,-74.2845000,40.5560000,city_centroid
2413,64187,SPEEDWAY #9117,"I-25, EXIT 339",Las Vegas,NM,580,3.18566666,-105.2272000,35.5949000,city_centroid
2414,64189,CIRCLE K #2708931,"I-10, EXIT 155",Tucumcari,NM,585,3.259,-103.7179000,35.1680000,city_centroid
2415,64195,DANDY MINI MART #14,"I-86, EXIT 62",Nichols,NY,32,3.439,-76.3540000,42.0301000,city_centroid
2416,64201,POCO SHOP #2,"I-95, EXIT 31",Saint Pauls,NC,205,3.799,-78.9731000,34.8010000,city_centroid
2417,64206,SUNOCO WOODROW WILSON PLAZA #7010,"NJTP, EXIT 7",Trenton,NJ,150,3.899,-74.7195846,40.2292538,city_centroid
2418,64210,FUEL 1,"I-287, EXIT 4",South Plainfield,NJ,79,4.799,-74.4147000,40.5839000,city_centroid
2419,64211,PILOT #490/WESTERN PETROLEUM,US-180,Carlsbad,NM,593,3.729,-104.2666000,32.3769500,city_centroid
2420,64215,STRIPES 7FLEET #42588,US-380 & SR-206,Tatum,NM,700,3.66233333,-103.3140000,33.2600000,city_centroid
2421,64216,DANDY MINI MART #31,SR-13 & SR-224,Cayuta,NY,190,4.399,-76.7152760,42.2937200,census
2422,64218,PILOT TRAVEL CENTERS #494,"I-88, EXIT 25",Schenectady,NY,12,3.999,-73.9490000,42.8132100,city_centroid
2423,64221,BELL STORES #49,"I-76E, EXIT 25B",Akron,OH,249,3.499,-81.5278833,41.0751917,city_centroid
2424,64223,7-ELEVEN #40295,"I-80, EXIT 170",Broadview Heights,OH,249,3.52733333,-81.6731000,41.3141000,city_centroid
2425,64224,7-ELEVEN #40296,SR-176,Broadview Heights,OH,249,3.53233333,-81.6731000,41.3141000,city_centroid
2426,64227,GO MART FOOD STORE #116,US-50 & SR-7,Coolville,OH,430,3.35733333,-81.8329000,39.2141000,city_centroid
2427,64229,SPEEDWAY #9385,"I-70, EXIT 129",Hebron,OH,315,3.369,-82.4919000,39.9535000,city_centroid
2428,64230,Certified Oil #400423,I-70 EXIT 126,Hebron,OH,315,3.39566666,-82.4919000,39.9535000,city_centroid
2429,64231,7-ELEVEN #40293,"OHIO TURNPIKE EB MILEPOST 139/I-80, EXIT 139",Amherst,OH,249,3.53233333,-82.2538000,41.3617000,city_centroid
2430,64233,74 FUEL STOP,"I-74, EXIT 3",Harrison,OH,300,3.859,-84.7837000,39.2592000,city_centroid
2431,64235,PENNZMART FUEL EXPRESS,ST 100,Tiffin,OH,411,3.4315,-83.1844000,41.1238000,city_centroid
2432,64236,KFC TRAVELMART,SR-199,Upper Sandusky,OH,411,3.249,-83.2977000,40.8249000,city_centroid
2433,64243,Caseys #4519,US-62,Altus,OK,483,3.00566666,-99.3272500,34.6432500,city_centroid
2434,64244,CHOCTAW NATION DURANT WEST #632,US-69/US-75,Calera,OK,253,3.089,-96.4308000,33.9322000,city_centroid
2435,64256,CHEROKEE TRAVEL PLAZA,"I-40, EXIT 325",Roland,OK,645,3.799,-94.5291000,35.4538000,city_centroid
2436,64261,Phillips 66,US-75/SR-56,Okmulgee,OK,560,2.989,-95.9697000,35.6288000,city_centroid
2437,64264,CASEYS #4594,US-81 & US-70,Waurika,OK,253,3.07733333,-97.9821060,34.1583600,census
2438,64265,ASAP GENERAL STORE #101,"I-40, EXIT 84 & US-54",Weatherford,OK,483,3.13233333,-98.6996000,35.5350000,city_centroid
2439,64270,PENN JERSEY DIESEL & TRAILER,"I-95, EXIT 37",Bensalem,PA,160,4.199,-74.9378000,40.1109000,city_centroid
2440,64274,RUTTERS #53,"I-83, EXIT 32 & SR-382",Etters,PA,70,3.999,-76.8019000,40.1545000,city_centroid
2441,64275,7-ELEVEN #40279,I-276 & US-202 (KING OF PRUSSIA SERVICE PLAZA WB),King Of Prussia,PA,160,3.884,-75.3737000,40.0956000,city_centroid
2442,64282,ONVO TRAVEL PLAZA - HICKORY RUN,"I-80, EXIT 274",White Haven,PA,200,3.58566666,-75.7715000,41.0790000,city_centroid
2443,64285,PILOT #4566,"I-85, EXIT 106",Blacksburg,SC,46,3.429,-81.4942000,35.1095000,city_centroid
2444,64287,CIRCLE K #2703099,"I-20, EXIT 33",Batesburg,SC,135,3.08566666,-81.5505000,33.8702000,city_centroid
2445,64288,PILOT #4581,"I-20, EXIT 116",Bishopville,SC,135,3.43233333,-80.2750000,34.2241000,city_centroid
2446,64294,HOT SPOT #6004,"I-26, EXIT 28",Enoree,SC,210,3.099,-81.9237000,34.6710000,city_centroid
2447,64298,CORNER MART #354,"I-26, EXIT 72",Newberry,SC,30,3.299,-81.6157000,34.2847000,city_centroid
2448,64299,CIRCLE K #2720881,US-17 & SR-165,Ravenel,SC,42,3.439,-80.2223000,32.7881000,city_centroid
2449,64300,CIRCLE K #2723416,"I-26, EXIT 28",Roebuck,SC,210,3.08233333,-81.9526000,34.8688000,city_centroid
2450,64301,HILLVIEW TRUCK STOP,"I-20, EXIT 39",Leesville,SC,135,3.059,-81.4598000,33.9132000,city_centroid
2451,64307,CIRCLE K #2723876,US-17 & SR-64,Round O,SC,42,3.37233333,-80.5739000,32.9405000,city_centroid
2452,64309,CIRCLE K #2723272,"I-26, EXIT 119",West Columbia,SC,135,3.54566666,-81.1421500,33.9442500,city_centroid
2453,64310,Palmetto Roads #308,"I-95, EXIT 77",Saint George,SC,42,3.009,-80.5732000,33.1845000,city_centroid
2454,64313,CUBBYS #403,"I-29, EXIT 79",Sioux Falls,SD,530,3.06566666,-96.7303600,43.5476800,city_centroid
2455,64314,JAKES CORNER,US-81 & SR-34,Winfred,SD,530,3.049,-97.3883310,44.0080090,census
2456,64336,LOVES TRAVEL STOPS #345,I-90/I-94 EXIT 48,Tomah,WI,450,3.289,-90.4733000,43.9838000,city_centroid
2457,64336,LOVES TRAVEL STOP #345,I-90/I-94 EXIT 48,Tomah,WI,450,3.309,-90.4733000,43.9838000,city_centroid
2458,64337,GRAVES TRUCK STOP,"I-20, EXIT 59",Carthage,TX,618,2.999,-94.3527000,32.1544000,city_centroid
2459,64343,Allsup's Marketplace #2411,US-67,Hawley,TX,575,2.889,-99.9239000,32.6423000,city_centroid
2460,64347,PILOT TRAVEL CENTERS #256,"US-58 & US-29, SE QUAD",Danville,VA,65,4.009,-79.4215000,36.5974667,city_centroid
2461,64350,STRIPES #40811,"I-37, EXIT 55",George West,TX,625,3.01566666,-98.1162000,28.3204000,city_centroid
2462,64352,CHEVRON #383461,"I-10, EXIT 259",Fort Stockton,TX,710,3.029,-102.8799000,30.8908000,city_centroid
2463,64355,CEFCO #34,US-281 & SR-38,Hamilton,TX,765,3.029,-98.1131000,31.6781000,city_centroid
2464,64360,CIRCLE K #2706983,"I-37, EXIT 36 & SR-359",Mathis,TX,625,3.019,-97.8097000,28.0802000,city_centroid
2465,64374,CEFCO #2001,US-287 & FM-369,Iowa Park,TX,770,2.864,-98.6745000,33.9423000,city_centroid
2466,64382,KOSSE COUNTRY STORE,SR-7 & SR-14,Kosse,TX,765,3.11566666,-96.6195000,31.3147000,city_centroid
2467,64390,TXB #71 DBA KWIK CHEK FOOD STORES,"I-20, EXIT 136",Midland,TX,710,3.079,-102.0802125,31.9653750,city_centroid
2468,64393,TEX-BEST #505,"I-35, EXIT 183",New Braunfels,TX,740,2.80566666,-98.1323333,29.7274667,city_centroid
2469,64399,LOVES TRAVEL STOPS #247,US-287 & SR-256,Memphis,TX,585,3.789,-100.5347000,34.7122000,city_centroid
2470,64399,LOVES TRAVEL STOP #247,US-287 & SR-256,Memphis,TX,585,3.789,-100.5347000,34.7122000,city_centroid
2471,64406,Main Street Market,SR-84 & FM-73,Prairie Hill,TX,765,2.899,-96.8094000,31.6591000,city_centroid
2472,64407,CIRCLE K #2741527,US-281,Premont,TX,625,2.999,-98.1330000,27.3544000,city_centroid
2475,64420,Valero,US-59 & AT ST-87,Timpson,TX,766,3.059,-94.3967000,31.8841000,city_centroid
2476,64421,TXB #17 DBA KWIK CHEK FOOD STORES,SR-121,Trenton,TX,630,3.299,-96.3398000,33.4235000,city_centroid
2477,64422,Chevron,"I-10, EXIT 858",Vidor,TX,610,2.749,-94.0081500,30.1409000,city_centroid
2478,64423,PILOT #568,"I-35, EXIT 140",Von Ormy,TX,740,3.21066666,-98.6677000,29.2750000,city_centroid
2479,64430,GOLDEN SPIKE TRAVEL PLAZA,"I-15, EXIT 382",Tremonton,UT,835,3.599,-112.1813000,41.7016000,city_centroid
2480,64431,RJS FUEL STOP,"I-15, EXIT 40",Tremonton,UT,835,3.459,-112.1813000,41.7016000,city_centroid
2481,64435,SPEEDWAY #4632,US-360/US-58 & SR-1224,Danville,VA,65,4.059,-79.4215000,36.5974667,city_centroid
2482,64436,MS 58 PLAZA,"I-95, EXIT 11",Emporia,VA,180,3.18233333,-77.5630000,36.6857000,city_centroid
2483,64438,PILOT TRAVEL CENTER #4622,US-58,South Boston,VA,65,4.009,-78.9188000,36.6963000,city_centroid
2485,64442,PILOT TRUCK STOP #583,"I-5, EXIT 262",Ferndale,WA,850,4.599,-122.5953000,48.8625000,city_centroid
2486,64442,PILOT TRUCK STOP #583,"I-5, EXIT 262",Ferndale,WA,850,4.559,-122.5953000,48.8625000,city_centroid
2487,64445,KWIK TRIP #413,SR-93 & SR-95,Arcadia,WI,295,3.31566666,-91.4805000,44.2539000,city_centroid
2488,64446,SPEEDWAY #4293,"I-90 & I-43, EXIT 185A",Beloit,WI,448,3.799,-89.0589000,42.5351500,city_centroid
2489,64447,KWIK TRIP #621,"SR-29/SR-55, EXIT 234 & SR-47/SR-117",Bonduel,WI,582,3.45733333,-88.4543000,44.6992000,city_centroid
2490,64451,ROYAL FARMS #79,ST 13,New Church,VA,194,3.339,-75.5112000,37.9525000,city_centroid
2491,64455,SPEEDWAY #4648,SR-254,Waynesboro,VA,180,3.959,-78.9035000,38.0774000,city_centroid
2492,64463,KWIK TRIP #202,"I-39/US-51, EXIT 151 & SR-54",Plover,WI,395,3.26566666,-89.5428000,44.4507000,city_centroid
2493,64474,SIGNAL FOOD STORE #108,US-60,Mountain View,MO,535,3.03233333,-91.7099000,36.9892000,city_centroid
2494,64477,PILOT #1063,"I-40, EXIT 81",Marion,NC,210,3.759,-82.0180000,35.6819000,city_centroid
2495,64478,PILOT TRAVEL CENTERS #141,"I-80, EXIT 6",Evanston,WY,835,3.699,-110.9415500,41.2614000,city_centroid
2496,64479,YESWAY #1148,"US-30, EXIT 186",Marshalltown,IA,320,3.24566666,-92.9127000,42.0405000,city_centroid
2497,64480,TA Garden City,US-83 & US-400,Garden City,KS,525,3.73066666,-100.8621000,37.9769000,city_centroid
2498,64481,LOVES TRAVEL STOP #282,"I-44, EXIT 4 & SR-43",Joplin,MO,277,3.39733333,-94.5095667,37.0758667,city_centroid
2499,64482,LOVES TRAVEL STOP #208,"I-55, EXIT 119 & SR-22",Canton,MS,655,3.489,-90.0061000,32.6205000,city_centroid
2500,64484,LOVES TRAVEL STOP #206,"I-10, EXIT 44 & SR-59",Loxley,AL,715,3.339,-87.7562000,30.6180000,city_centroid
2502,64486,GREENWAY STORE #614,"I-85/SR-403, EXIT 61 & SR-74",Fairburn,GA,18,3.199,-84.5809000,33.5648000,city_centroid
2503,64487,PILOT TRAVEL CENTERS #165,"I-57 & I-70, EXIT 162",Effingham,IL,510,3.299,-88.5611000,39.1217000,city_centroid
2504,64487,PILOT TRAVEL CENTER #165,"I-57 & I-70, EXIT 162",Effingham,IL,510,3.499,-88.5611000,39.1217000,city_centroid
2505,64487,PILOT TRAVEL CENTER #165,"I-57 & I-70, EXIT 162",Effingham,IL,510,3.349,-88.5611000,39.1217000,city_centroid
2506,64487,PILOT TRAVEL CENTER #165,"I-57 & I-70, EXIT 162",Effingham,IL,510,3.299,-88.5611000,39.1217000,city_centroid
2507,64487,PILOT TRAVEL CENTERS #165,"I-57 & I-70, EXIT 162",Effingham,IL,510,3.499,-88.5611000,39.1217000,city_centroid
2508,64488,PILOT TRAVEL CENTERS #274,"I-10, EXIT 109",Breaux Bridge,LA,600,3.14233333,-91.8296000,30.2948000,city_centroid
2510,64491,QUICK FUEL #1803,I-80/I-294 & SR-1,South Holland,IL,290,3.849,-87.5938000,41.5979000,city_centroid
2511,64491,QUICK FUEL #1803,I-80/I-294 & SR-1,South Holland,IL,290,3.829,-87.5938000,41.5979000,city_centroid
2512,64491,QUICK FUEL #1803,I-80/I-294 & SR-1,South Holland,IL,290,3.889,-87.5938000,41.5979000,city_centroid
2514,64493,QUICK FUEL #2801,"I-435, EXIT 1-A AT MILE 1",Lenexa,KS,400,3.369,-94.7336000,38.9536000,city_centroid
2515,64494,QUICK FUEL #1704,I-75 EXIT 42 AT MILE 42,Lincoln Park,MI,325,3.669,-83.1807000,42.2422000,city_centroid
2516,64494,QUICK FUEL #1704,I-75 EXIT 42 AT MILE 42,Lincoln Park,MI,325,3.619,-83.1807000,42.2422000,city_centroid
2517,64495,QUICK FUEL #1702,"I-96, EXIT 173",Livonia,MI,325,3.799,-83.3646000,42.3878750,city_centroid
2518,64496,QUICK FUEL #1703,"I-94, EXIT 199-A",Romulus,MI,325,3.519,-83.3966000,42.2223000,city_centroid
2519,64496,QUICK FUEL #1703,"I-94, EXIT 199-A",Romulus,MI,325,3.549,-83.3966000,42.2223000,city_centroid
2520,64496,QUICK FUEL #1703,"I-94, EXIT 199-A",Romulus,MI,325,3.569,-83.3966000,42.2223000,city_centroid
2521,64498,QUICK FUEL #1705,SR-53,Warren,MI,325,3.849,-83.0241286,42.4925714,city_centroid
2522,64498,QUICK FUEL #1705,SR-53,Warren,MI,325,3.749,-83.0241286,42.4925714,city_centroid
2523,64498,QUICK FUEL #1705,SR-53,Warren,MI,325,3.789,-83.0241286,42.4925714,city_centroid
2524,64499,QUICK FUEL #2401,"I-71, EXIT 234",Bridgeton,MO,540,3.094,-90.4161000,38.7506000,city_centroid
2528,64503,QUICK FUEL #2304,"I-75, EXIT 210",Toledo,OH,550,3.60066666,-83.5728952,41.6706238,city_centroid
2529,64508,QUICK FUEL #1150,US-51 & SR-30,Madison,WI,420,3.57566666,-89.3819500,43.0750444,city_centroid
2530,64509,QUICK FUEL #1002,"I-94, EXIT 319",Milwaukee,WI,444,3.74066666,-87.9579405,43.0509730,city_centroid
2531,64511,QUICK FUEL #1010,SR-100,Milwaukee,WI,444,3.779,-87.9579405,43.0509730,city_centroid
2532,64512,QUICK FUEL #1001,"I-94, EXIT 301",New Berlin,WI,444,3.499,-88.1249500,42.9781000,city_centroid
2533,64514,PILOT TRAVEL CENTERS #435,"I-10, EXIT 0",Anthony,TX,640,3.459,-106.5976000,31.9907000,city_centroid
2534,64517,KWIK TRIP #696,"I-94, EXIT 19 & US-63",Baldwin,WI,451,3.574,-92.3655000,44.9657000,city_centroid
2535,64519,BLUE RIDGE TRAVEL PLAZA,"I-81 SOUTHBOUND, EXIT 155",Mountain Top,PA,200,3.649,-75.9376000,41.1350000,city_centroid
2536,64520,LOVES TRAVEL STOP #222,"I-70/US-35, EXIT 149B & US/35/SR-38",Richmond,IN,375,3.949,-84.8919000,39.8306500,city_centroid
2537,64521,CHOCTAW TRAVEL PLAZA #635,US-259/SR-3,Broken Bow,OK,560,2.999,-94.7623000,34.0270000,city_centroid
2538,64523,SKY CITY TRAVEL CENTER,"I-40, EXIT 102 NORTH",Pueblo Of Acoma,NM,580,3.28066666,-107.5817000,34.8964000,city_centroid
2539,64525,PILOT TRAVEL CENTERS #3,"I-80, EXIT 223",Youngstown,OH,573,3.45233333,-80.6715571,41.0818929,city_centroid
2540,64526,PILOT TRAVEL CENTERS #53,"I-40, EXIT 143",Hurricane Mills,TN,460,3.17566666,-87.8105000,35.9240000,city_centroid
2541,64527,PILOT TRAVEL CENTERS #50,"I-71, EXIT 28",Pendleton,KY,415,3.759,-85.3170000,38.4809000,city_centroid
2542,64528,Raceway #7007,SR-74 & SR-180,Shelby,NC,46,3.249,-81.5420333,35.2911000,city_centroid
2544,64530,PILOT TRAVEL CENTERS #420,"I-20, EXIT 114",Madison,GA,16,3.859,-83.4618000,33.5947000,city_centroid
2545,64530,PILOT TRAVEL CENTER #420,"I-20, EXIT 114",Madison,GA,16,3.859,-83.4618000,33.5947000,city_centroid
2546,64532,PILOT #4560,"I-75, EXIT 201",Jackson,GA,67,3.37566666,-83.9784000,33.2820000,city_centroid
2547,64532,PILOT TRAVEL CENTER #4560,"I-75, EXIT 201",Jackson,GA,67,3.39566666,-83.9784000,33.2820000,city_centroid
2548,64533,SHELL,US-287/US-81 & CR-718,Haslet,TX,637,2.89066666,-97.3372000,32.9557000,city_centroid
2549,64534,CIRCLE K #4707045,"I-95, EXIT 32",Biddeford,ME,170,3.95733333,-70.4968000,43.4758000,city_centroid
2550,64535,FLYING J TRAVEL PLAZA #628,"I-85, EXIT 160",Carnesville,GA,16,3.20566666,-83.2547000,34.3631000,city_centroid
2551,64536,FLYING J TRAVEL PLAZA #640,"I-84, EXIT 173",Jerome,ID,785,3.90233333,-114.5012000,42.7178000,city_centroid
2552,64537,FLYING J TRAVEL PLAZA #739,"I-35, EXIT 330B",Waco,TX,765,3.22066666,-97.1492583,31.5548417,city_centroid
2553,64538,PILOT TRAVEL CENTER #445,"I-94, EXIT 22 & US-20",Chesterton,IN,365,3.829,-87.0470000,41.6143000,city_centroid
2554,64538,PILOT TRAVEL CENTERS #445,"I-94, EXIT 22 & US-20",Chesterton,IN,365,3.799,-87.0470000,41.6143000,city_centroid
2555,64545,HOBO PANTRY #24,US-231 & SR-10,Brundidge,AL,720,3.599,-85.8177000,31.7013000,city_centroid
2556,64546,GRUB MART #13,"I-59, EXIT 205 & US-411/SR-25/SR-68",Centre,AL,587,3.349,-85.6092000,34.1116000,city_centroid
2557,64554,FACKLER TEXACO TRUCK STOP,US-72 & CR-42,Fackler,AL,615,3.199,-85.9846000,34.8259000,city_centroid
2558,64558,MR FUEL #1203,"I-20, EXIT 129",Meridian,MS,705,2.81233333,-88.6704429,32.4154143,city_centroid
2561,64572,CIRCLE K #2723730,US-43/SR-13/SR-69,Northport,AL,615,3.399,-87.5789000,33.2996000,city_centroid
2562,64578,MARATHON,US-431/SR-1,Phenix City,AL,50,3.249,-85.0619000,32.4652250,city_centroid
2563,64581,SNEAD SHELL,US-278 & SR-75,Altoona,AL,587,3.109,-86.3952550,34.1197270,census
2564,64592,LOVES TRAVEL STOP #368,"I-65, EXIT 208 & CR-28",Clanton,AL,720,3.33733333,-86.5937500,32.8792000,city_centroid
2565,64595,PILOT TRAVEL CENTERS #425,"I-10, EXIT 192",Midway,FL,20,3.799,-84.4768000,30.4850000,city_centroid
2566,64595,PILOT TRAVEL CENTER #425,"I-10, EXIT 192",Midway,FL,20,3.799,-84.4768000,30.4850000,city_centroid
2567,64599,PONY EXPRESS TRAVEL PLAZA #6,"US-167/US-67, EXIT16 & SR-5",Cabot,AR,695,3.499,-92.0318000,34.9457000,city_centroid
2568,64600,Caseys #4552,"I-40, EXIT 57",Clarksville,AR,645,3.244,-93.4911000,35.4908000,city_centroid
2569,64610,KINGS RIVER COUNTRY STORE,US-412,Huntsville,AR,735,3.26566666,-93.7279000,36.1043000,city_centroid
2570,64617,SHELL,"I-55, EXIT 48",Osceola,AR,435,2.999,-89.9798000,35.7019000,city_centroid
2571,64647,HOOKS,I-16 EXIT 16,East Dublin,GA,85,3.399,-82.8718000,32.5482000,city_centroid
2574,64654,Fast Stop,"I-10, EXIT 177",Saint Gabriel,LA,600,3.699,-91.0857000,30.2528000,city_centroid
2575,64655,ONE9 #7937,"I-85/I-40, EXIT 132",Mc Leansville,NC,65,3.399,-79.6684000,36.1163000,city_centroid
2577,64660,QUICK FUEL #1005,SR-59 & SR-164,Waukesha,WI,444,3.623,-88.2003420,43.0139880,census
2578,64662,QUICK FUEL #1011,"I-94, EXIT 100",Milwaukee,WI,444,3.52066666,-87.9579405,43.0509730,city_centroid
2579,64664,CIRCLE K #4701424,"I-74, EXIT 102",Morton,IL,280,3.699,-89.4604000,40.6148000,city_centroid
2580,64664,CIRCLE K #4701424,"I-74, EXIT 102",Morton,IL,280,3.659,-89.4604000,40.6148000,city_centroid
2581,64664,CIRCLE K #4701424,"I-74, EXIT 102",Morton,IL,280,3.599,-89.4604000,40.6148000,city_centroid
2582,64671,FLYING J TRAVEL PLAZA #756,"I-94, EXIT 116 & CR-A",Black River Falls,WI,450,3.38233333,-90.8313000,44.2954000,city_centroid
2583,64672,FLYING J TRAVEL PLAZA #655,"I-70, EXIT 123 & SR-3",Spiceland,IN,375,3.959,-85.4450000,39.8271000,city_centroid
2584,64673,WESTVILLE TRUCKSTOP,US-6/US-421,Westville,IN,365,3.58566666,-86.9013000,41.5365000,city_centroid
2585,64674,ZANCO SHELL,"I-395, EXIT 87",Plainfield,CT,175,4.399,-71.9220000,41.6775000,city_centroid
2586,64675,Petro Mart #45,"I-70/US-40, EXIT 148 & US-54",Kingdom City,MO,392,2.939,-91.9520000,38.9551000,city_centroid
2588,64677,MOUNT VERNON FUEL CENTER,"I-75, EXIT 59 & US-25",Mount Vernon,KY,410,2.999,-84.3379000,37.3983000,city_centroid
2589,64678,AINSWORTH FOUR CORNERS,US-218/SR-27 & SR-92,Ainsworth,IA,380,3.109,-91.5472000,41.3202000,city_centroid
2590,64679,PILOT TRAVEL CENTER #118,I-30 EXIT 121,Benton,AR,695,3.259,-92.6155000,34.5742000,city_centroid
2591,64679,PILOT TRAVEL CENTERS #118,I-30 EXIT 121,Benton,AR,695,3.199,-92.6155000,34.5742000,city_centroid
2592,64681,PILOT TRAVEL CENTER #458,"I-10, EXIT 208",Eloy,AZ,930,3.439,-111.5833000,32.7509000,city_centroid
2593,64681,PILOT TRAVEL CENTERS #458,"I-10, EXIT 208",Eloy,AZ,930,3.479,-111.5833000,32.7509000,city_centroid
2594,64682,FLYING J TRAVEL PLAZA #705,"I-40, EXIT 20 & US-283",Sayre,OK,483,3.18233333,-99.6429000,35.3047000,city_centroid
2597,64687,PILOT TRAVEL CENTERS #421,"I-75, EXIT 326",Dalton,GA,285,3.30566666,-84.9607250,34.7680000,city_centroid
2598,64687,PILOT TRAVEL CENTER #421,"I-75, EXIT 326",Dalton,GA,285,3.28566666,-84.9607250,34.7680000,city_centroid
2599,64706,CIRCLE K #2721571,"I-65, EXIT 69",Brewton,AL,715,3.399,-87.0841500,31.1173000,city_centroid
2600,64712,SUNSTOP #650,US-431 & SR-210,Dothan,AL,20,3.41233333,-85.3996200,31.2027600,city_centroid
2601,64713,GOOD TO GO,"I-65, EXIT 200",Enterprise,AL,20,3.599,-85.8728500,31.3193000,city_centroid
2602,64715,CIRCLE K #2709067,US-31/SR-6,Prattville,AL,720,3.499,-86.4576000,32.4714000,city_centroid
2603,64718,CUZZS,US-43/SR-13,Thomasville,AL,720,3.53233333,-87.7598000,31.9067000,city_centroid
2604,64719,CIRCLE K #2706697,"I-85, EXIT 77",Valley,AL,720,3.399,-85.2619500,32.6947500,city_centroid
2605,64721,FLASH MARKET #17049,"I-40/US-63, EXIT 216 & US-49/SR-17",Brinkley,AR,695,3.179,-91.1886000,34.8781000,city_centroid
2606,64723,CASHS #4470,US-65,Dumas,AR,655,3.209,-91.4861000,33.8921000,city_centroid
2607,64724,TOBOS TRAVEL CENTER,"I-540, EXIT 58",Fayetteville,AR,735,3.349,-94.1979250,36.0753750,city_centroid
2608,64755,PILOT TRAVEL CENTERS #44,"I-70, EXIT 101",Boonville,MO,310,3.519,-92.7450000,38.9536000,city_centroid
2609,64764,CORNER MARKET #62,SR-13/SR-789 & SR-64,Meeker,CO,800,3.729,-107.8925000,40.0387000,city_centroid
2610,64765,CENEX,"I-76, EXIT 125",Sterling,CO,800,3.41566666,-103.2212000,40.6306000,city_centroid
2611,64773,Sun Gas,US-301,Middletown,DE,243,2.999,-75.6832000,39.4815000,city_centroid
2612,64775,SHORE STOP #287,US-13,New Castle,DE,243,3.289,-75.6049333,39.6065000,city_centroid
2613,64775,SHORE STOP #287,US-13,New Castle,DE,243,3.309,-75.6049333,39.6065000,city_centroid
2614,64777,4 POINTS MARKET,US-441/SR-7 & SR-804,Boynton Beach,FL,95,3.229,-80.1200286,26.5260000,city_centroid
2615,64778,SUNSTOP #347,US-27,Branford,FL,75,3.699,-82.8993000,29.9395000,city_centroid
2618,64793,CIRCLE K #2721297,US-301,Middleburg,FL,75,3.399,-81.8624500,30.0764500,city_centroid
2623,64811,SUNSTOP #819,US-19,Americus,GA,15,3.699,-84.2564000,32.0618500,city_centroid
2624,64815,BUENA VISTA GAS N GO,SR-26 & SR-41,Buena Vista,GA,10,3.299,-84.4898000,32.2542000,city_centroid
2625,64819,CIRCLE K #4174,"I-285/SR-407, EXIT 53 & US-23/SR-42",Conley,GA,18,3.999,-84.3371000,33.6369000,city_centroid
2626,64820,Mr Pips,US-84/SR-38,Donalsonville,GA,20,3.199,-84.8801000,31.0505000,city_centroid
2627,64825,EXIT 10 AUTO AND TRUCK STOP,"I-185/SR-411, EXIT 19 & SR-315",Fortson,GA,50,3.399,-85.0017000,32.6288000,city_centroid
2628,64831,CIRCLE K #2745072,US-341,Lumber City,GA,195,3.529,-82.7073000,31.9251000,city_centroid
2629,64833,QWICKSERV,US-319 BUS & SR-133/SR-35/SR-33,Moultrie,GA,20,3.599,-83.7462000,31.1458000,city_centroid
2630,64834,SUSIE Q #90,US-319 & SR-33,Moultrie,GA,10,3.799,-83.7462000,31.1458000,city_centroid
2631,64840,BP,US-278/SR-6 & SR-101,Rockmart,GA,18,3.599,-85.0594000,33.9979000,city_centroid
2632,64842,Circle K #2745128,US-301 & US-25,Statesboro,GA,195,3.199,-81.7624500,32.4389250,city_centroid
2633,64843,A TO Z TRUCKSTOP,US-301/US-25/SR-73,Statesboro,GA,195,3.599,-81.7624500,32.4389250,city_centroid
2634,64850,SHAKE RAG EXPRESS,US-1 & US-78,Wadley,GA,135,3.41566666,-82.4025000,32.8747000,city_centroid
2635,64856,KUM & GO #1056,"I-35, EXIT 56",Bevington,IA,320,3.099,-93.7928000,41.3630000,city_centroid
2636,64857,CHARITON FOOD SHOP,US-34,Chariton,IA,320,3.369,-93.3042000,41.0226000,city_centroid
2637,64859,QUICK FUEL #2901,"I-35/I-80, EXIT 136",Des Moines,IA,320,3.13733333,-93.6192375,41.5973500,city_centroid
2638,64860,BP TRUCK PLAZA,US-61/US-151,Dubuque,IA,335,3.489,-90.6919500,42.4981750,city_centroid
2639,64862,218 FUEL EXPRESS,US-218 & US-18,Floyd,IA,433,3.489,-92.7240000,43.1430000,city_centroid
2640,64863,FT MADISON FAST BREAK,US-61,Fort Madison,IA,345,3.399,-91.3398000,40.6330000,city_centroid
2641,64868,MEDIAPOLIS FAST BREAK,US-61,Mediapolis,IA,345,3.349,-91.1321000,41.0059000,city_centroid
2642,64871,STEWART ROAD FAST BREAK,CR-X61,Muscatine,IA,270,3.299,-91.0509000,41.4304000,city_centroid
2643,64873,CUBBYS #2301,"I-29, EXIT 112",Onawa,IA,319,3.149,-96.1072000,42.0370000,city_centroid
2644,64874,OSCEOLA TRAVEL PLAZA,"I-25, EXIT 33 & US-34",Osceola,IA,320,3.31233333,-93.7712000,41.0295000,city_centroid
2645,64875,CASEYS #2598,"SR-163, EXIT 42",Pella,IA,320,3.199,-92.9172000,41.4082000,city_centroid
2646,64876,PILOT #238,"I-29, EXIT 10",Percival,IA,319,3.799,-95.8093000,40.7401000,city_centroid
2647,64876,PILOT TRAVEL CENTER #238,"I-29, EXIT 10",Percival,IA,319,3.799,-95.8093000,40.7401000,city_centroid
2648,64877,CASEYS #3900,"US-218, EXIT 80 & SR-22",Riverside,IA,380,3.17066666,-91.5741000,41.4758000,city_centroid
2649,64880,CASEYS #2487,US-71/SR-9,Spirit Lake,IA,440,3.38233333,-95.1123000,43.4262000,city_centroid
2650,64881,SPARKYS ONE STOP #16,US-71 & SR-3,Storm Lake,IA,527,3.23233333,-95.1511970,42.7487950,census
2651,64883,KUM & GO #1046,"I-80, EXIT 46 & CR-M47",Walnut,IA,486,3.109,-95.2180000,41.4623000,city_centroid
2652,64884,SAPP BROS TRAVEL CENTER,US-61 & SR-78,Sioux City,IA,527,3.649,-96.3888778,42.4823556,city_centroid
2653,64886,WEVER JUNCTION,US-61 & CR-X50,Wever,IA,345,3.399,-91.2268000,40.7067000,city_centroid
2654,64887,COUNCIL FOOD AND FUEL,US-95,Council,ID,785,3.589,-116.4518000,44.7628000,city_centroid
2655,64888,NOMNOM #21,US-95 & SR-13,Grangeville,ID,970,3.90733333,-116.1076000,45.9272000,city_centroid
2656,64892,JACKSONS FOOD STORE #3,US-95,Wilder,ID,785,3.579,-116.9122000,43.6579000,city_centroid
2657,64894,CIRCLE K #4701251,"I-55, EXIT 160B & SR-9",Bloomington,IL,280,3.399,-88.9586714,40.4765143,city_centroid
2658,64894,CIRCLE K #4701251,"I-55, EXIT 160B & SR-9",Bloomington,IL,280,3.599,-88.9586714,40.4765143,city_centroid
2659,64894,CIRCLE K #4701251,"I-55, EXIT 160B & SR-9",Bloomington,IL,280,3.499,-88.9586714,40.4765143,city_centroid
2660,64902,DOWNS TRAVEL MART,"I-74, EXIT 142",Downs,IL,368,3.499,-88.8686000,40.3989000,city_centroid
2661,64907,FREEDOM OIL #77,"I-74, EXIT 112 & SR-117",Goodfield,IL,368,3.659,-89.2727000,40.6329000,city_centroid
2662,64913,Circle K #4701331,US-136 & US-67,Macomb,IL,345,3.499,-90.6787000,40.4617000,city_centroid
2663,64914,Martinsville Food and Fuel,"I-70, EXIT 136",Martinsville,IL,510,3.489,-87.8707000,39.3174000,city_centroid
2664,64920,KWIK STAR #1530,"I-88/SR-110, EXIT 76 & SR-251",Rochelle,IL,520,3.499,-89.0710000,41.9282000,city_centroid
2665,64928,SPEEDWAY #1432,"I-294, EXIT 22",Willow Springs,IL,293,3.859,-87.8786000,41.7364000,city_centroid
2666,64929,KARTAR TRUCK STOP,"I-74, EXIT 32 & SR-17",Woodhull,IL,270,3.599,-90.2833000,41.1849000,city_centroid
2667,64930,THORNDALE SHELL,"I-290, EXIT 5",Wood Dale,IL,290,3.459,-87.9593500,41.9573500,city_centroid
2668,64933,MCCLURE OIL #66,US-33/US-27,Decatur,IN,370,3.699,-84.9314000,40.8273000,city_centroid
2669,64938,FAMILY EXPRESS #41 (DISCOUNT AVAILABLE),US-52,Lafayette,IN,375,3.43233333,-86.8716000,40.3768833,city_centroid
2670,64939,FAMILY EXPRESS #27 (DISCOUNT AVAILABLE),US-421,Medaryville,IN,365,3.649,-86.8808000,41.0897000,city_centroid
2671,64946,MORNING STAR AUTO TRUCK PLAZA,"I-69, EXIT 334 & US-6",Waterloo,IN,370,3.699,-85.0221000,41.4402000,city_centroid
2672,64949,PETES #36,US- 54 & US-169,Iola,KS,400,3.20566666,-95.4000000,37.9245000,city_centroid
2673,64950,CASEYS #2957,US-73 & US-36,Hiawatha,KS,400,3.15066666,-95.6004000,39.7914000,city_centroid
2674,64952,AMPRIDE,US-160,Johnson,KS,525,3.399,-101.7194000,37.5694000,city_centroid
2675,64961,SAC AND FOX TRUCK STOP,US-75,Powhattan,KS,553,2.984,-95.6751000,39.7177000,city_centroid
2676,64963,FLINT HILLS ONE STOP,US-50,Strong City,KS,553,2.919,-96.5172000,38.4129000,city_centroid
2677,64964,U PUMP IT,US-83 & US-56,Sublette,KS,525,3.679,-100.8709290,37.4748140,census
2678,64969,ALLSTAR FOOD MART,SR-55,Campbellsville,KY,415,3.159,-85.3406000,37.3422500,city_centroid
2679,64980,DOUBLE KWIK MARKET #1044,SR-15/SR-7/SR-160,Isom,KY,255,3.749,-82.8754000,37.1932000,city_centroid
2680,64982,FAS MART #5260,SR-9 & US-68/US-62/SR-10,Maysville,KY,312,3.364,-83.8067000,38.6207000,city_centroid
2681,64984,DOUBLE KWIK MARKET #1062,"I-75, EXIT 104",Nicholasville,KY,410,3.499,-84.5720500,37.8735000,city_centroid
2682,64990,LAKE COUNTRY OUTDOORS,SR-127,Russell Springs,KY,410,3.199,-85.0375000,37.0551000,city_centroid
2683,64994,E Z STOP,SR-555 & SR-9002,Willisburg,KY,410,3.379,-85.1362000,37.8373000,city_centroid
2684,64996,AVONDALE TRUCK STOP,SR-90,Westwego,LA,725,3.449,-90.1728000,29.9016500,city_centroid
2685,64998,CM BAYOU VISTA,US-90,Morgan City,LA,725,3.399,-91.2623500,29.6961500,city_centroid
2686,64999,I 220 TRAVEL PLAZA,"I-270, EXIT 17A & US-80/US-79",Bossier City,LA,766,2.99233333,-93.6804000,32.5436250,city_centroid
2687,65000,SILVERS TRAVEL CENTER,"I-10, EXIT 109",Breaux Bridge,LA,690,3.369,-91.8296000,30.2948000,city_centroid
2688,65002,FOOD N FUN #11,US-90 & SR-92-1,Broussard,LA,600,3.30233333,-91.9502000,30.1219000,city_centroid
2689,65005,USA TRAVEL CENTER,"I-20, EXIT 103/US-80",Calhoun,LA,719,3.21566666,-92.3299000,32.5248000,city_centroid
2690,65006,GOLDMINE TRUCKSTOP,US-190,Eunice,LA,730,3.199,-92.3985000,30.5116000,city_centroid
2691,65007,GOLDEN GROVE TRUCK PLAZA,SR-641 & SR-3125,Gramercy,LA,725,3.419,-90.6902000,30.0527000,city_centroid
2692,65008,BIG WHEELS TRAVEL CENTER,"US-90, EXIT 204 & SR-316",Gray,LA,725,3.499,-90.7807000,29.6903000,city_centroid
2693,65011,PLANTATION TRUCK PLAZA,SR-311 & SR-664,Houma,LA,725,3.11566666,-90.7232000,29.5950250,city_centroid
2694,65017,Y NOT STOP MANSURA,SR-1,Mansura,LA,730,3.399,-92.0543000,31.0615000,city_centroid
2695,65019,Hwy 31 Truck Stop,SR 31,Saint Martinville,LA,730,3.329,-91.7794000,30.2237000,city_centroid
2696,65021,OPELOUSAS 190 TRUCK STOP,US-190,Opelousas,LA,600,2.87066666,-92.0856000,30.5239500,city_centroid
2697,65022,CM RACELAND,SR-1,Raceland,LA,725,3.299,-90.5999000,29.7178000,city_centroid
2698,65023,SHOP RITE #85,"I-10, EXIT 87 AT MILE 87",Rayne,LA,600,3.149,-92.2685000,30.2349000,city_centroid
2700,65026,TA ST Rose #06480,US-61,Saint Rose,LA,725,3.22566666,-90.3124000,29.9581000,city_centroid
2701,65027,STARKS TRUCK STOP,SR-12,Starks,LA,690,3.599,-93.6615000,30.3085000,city_centroid
2702,65030,CASH MAGIC THIBODAUX,SR-1,Thibodaux,LA,725,3.399,-90.8164667,29.7994333,city_centroid
2703,65033,PILOT TRAVEL CENTERS #457,"I-75, EXIT 135",Beaverdam,OH,411,3.33066666,-83.9758000,40.8314000,city_centroid
2704,65036,WAVERLY TRUCKSTOP,"I-20, EXIT 157 & SR-577",Delhi,LA,719,2.964,-91.4714000,32.3929000,city_centroid
2705,65037,CIRCLE K #2707783,"I-20, EXIT 114 & SR-617",West Monroe,LA,719,2.95733333,-92.1736000,32.4930333,city_centroid
2706,65048,Irving,SR-2,Westminster,MA,34,3.749,-71.9101000,42.5471000,city_centroid
2707,65059,ROYAL FARMS #111,"I-95, EXIT 57",Baltimore,MD,22,3.209,-76.6213000,39.3124154,city_centroid
2708,65062,AC & T BIG POOL,"I-70, EXIT 12 & SR-56",Big Pool,MD,70,3.659,-78.0104000,39.6457000,city_centroid
2709,65064,A C AND T SHARPSBURG PIKE,"I-70, EXIT 29A & SR-65",Hagerstown,MD,70,3.799,-77.7174750,39.6237250,city_centroid
2710,65066,HURLOCK CITGO,SR-392 & SR-331,Hurlock,MD,194,3.259,-75.8630000,38.6438000,city_centroid
2711,65067,SUNOCO,US-301,Newburg,MD,60,3.379,-76.9175000,38.3298000,city_centroid
2712,65069,CIRCLE K #4707056,"I-95, EXIT 75",Auburn,ME,170,3.899,-70.2392500,44.1459000,city_centroid
2713,65074,CIRCLE K #4707004,"I-95, EXIT 244 & SR-157",Medway,ME,170,3.50233333,-68.5227000,45.6070000,city_centroid
2714,65075,CIRCLE K #4707017,"I-95, EXIT 48",Portland,ME,170,3.74233333,-70.2580600,43.6696400,city_centroid
2715,65083,SUNOCO,"I-75, EXIT 34B",Riverview,MI,325,3.639,-83.2461000,42.1782000,city_centroid
2716,65084,BEACON & BRIDGE #19,US-131 & SR-115,Cadillac,MI,260,3.259,-85.4300000,44.2504000,city_centroid
2717,65084,BEACON & BRIDGE #19,US-131 & SR-115,Cadillac,MI,260,3.239,-85.4300000,44.2504000,city_centroid
2718,65084,BEACON & BRIDGE #19,US-131 & SR-115,Cadillac,MI,260,3.279,-85.4300000,44.2504000,city_centroid
2719,65086,FRED MOORE BP,"I-94, EXIT 257",Casco,MI,325,4.099,-82.6728000,42.7674000,city_centroid
2720,65088,Circle K #2746528,US-41/SR-28 & SR-95,Champion,MI,360,3.819,-87.8306000,46.4685000,city_centroid
2721,65091,WYOMING FUEL PLAZA,"I-94, EXIT 210A",Dearborn,MI,325,3.599,-83.2061800,42.3022400,city_centroid
2722,65092,BP,"I-94 & US-12, EXIT 210",Dearborn,MI,325,3.579,-83.2061800,42.3022400,city_centroid
2723,65092,BP,"I-94 & US-12, EXIT 210",Dearborn,MI,325,3.759,-83.2061800,42.3022400,city_centroid
2724,65092,BP,"I-94 & US-12, EXIT 210",Dearborn,MI,325,4.099,-83.2061800,42.3022400,city_centroid
2725,65092,BP,"I-94 & US-12, EXIT 210",Dearborn,MI,325,3.199,-83.2061800,42.3022400,city_centroid
2726,65094,MARATHON,"I-75 & SR-32, EXIT 282",Gaylord,MI,287,3.829,-84.6735500,45.0200000,city_centroid
2727,65094,MARATHON,"I-75 & SR-32, EXIT 282",Gaylord,MI,287,3.799,-84.6735500,45.0200000,city_centroid
2728,65108,PICKLEMANS ONE STOP-ZEPHYR,ST 28,Newberry,MI,360,3.699,-85.5150000,46.3438000,city_centroid
2729,65113,NORTHWIND TRAVEL CENTER,"US-131, EXIT 153 & US-10",Reed City,MI,456,3.599,-85.5278870,43.8874320,census
2730,65113,NORTHWIND TRAVEL CENTER,"US-131, EXIT 153 & US-10",Reed City,MI,456,3.499,-85.5278870,43.8874320,census
2731,65121,BP TRAVEL CENTER AND TRUCK PLAZA,"I-275, EXIT 20",Belleville,MI,325,4.199,-83.4853000,42.1998500,city_centroid
2732,65127,PITSTOP MOBIL MART,"I-196, EXIT 72",Wyoming,MI,456,3.799,-85.7119500,42.9055500,city_centroid
2733,65127,PITSTOP MOBIL MART,"I-196, EXIT 72",Wyoming,MI,456,3.549,-85.7119500,42.9055500,city_centroid
2734,65129,HOLIDAY STATIONSTORE #2746345,"I-94, EXIT 103/US-52 & SR-29",Alexandria,MN,250,3.499,-95.3820000,45.8817000,city_centroid
2735,65132,PETES PLACE SOUTH,US-71 & US-2,Bemidji,MN,355,3.41566666,-94.8408000,47.5228000,city_centroid
2736,65135,CIRCLE K #3819,SR-7,Clara City,MN,432,3.33233333,-95.3499000,44.9639000,city_centroid
2737,65136,HOLIDAY STATIONSTORE #2746422,"I-35, EXIT 253B",Duluth,MN,334,3.499,-92.1320000,46.7872455,city_centroid
2738,65141,KWIK TRIP #619,US-14 & ST-57,Kasson,MN,515,3.549,-92.7464000,44.0240000,city_centroid
2739,65142,HOLIDAY STATIONSTORE #2746376,"I-35W, EXIT 36 & CR-23",Circle Pines,MN,448,3.549,-93.1440000,45.1528000,city_centroid
2740,65153,7Fleet #46516,"I-75, EXIT 164",Waite Park,MN,250,3.459,-94.2243500,45.5534500,city_centroid
2742,65165,AMERIMART # 11,US-61,Jackson,MO,275,3.299,-89.6519000,37.3879000,city_centroid
2743,65171,SIGNAL FOOD STORE #110,US-60 & SR-5,Mansfield,MO,535,3.02566666,-92.5936000,37.1273000,city_centroid
2744,65177,KUM & GO #0497,US-60/SR-413 & CR-M,Republic,MO,535,3.079,-93.4800000,37.1230000,city_centroid
2745,65178,WILD BILLS TRAVEL CENTER,US-65 & SR-14,Ridgedale,MO,535,3.199,-93.2778000,36.5247000,city_centroid
2746,65180,TREX MART #11,"I-29, EXIT 65 & US-59",Savannah,MO,400,2.999,-94.8267000,39.9168000,city_centroid
2747,65188,GAS MART,"US-78, EXIT 14 & SR-309",Byhalia,MS,435,2.97233333,-89.6763000,34.8854000,city_centroid
2748,65192,CIRCLE K #2723396,US-49,Collins,MS,620,3.879,-89.5438000,31.6707000,city_centroid
2749,65194,CIRCLE K #2723401,US-98 BYP/SR-44 & SR-13,Columbia,MS,620,3.33233333,-89.7998000,31.2559000,city_centroid
2750,65197,SINGH PETRO,US-11,Ellisville,MS,620,3.059,-89.2231000,31.5797000,city_centroid
2751,65198,CIRCLE K #2723437,US-49,Florence,MS,760,2.89566666,-90.1312000,32.1535000,city_centroid
2752,65204,SHELL GAS MART,US-82,Mathiston,MS,576,3.36566666,-89.1275000,33.5415000,city_centroid
2753,65212,Taters #2,US-98 & SR-29,New Augusta,MS,620,3.31566666,-89.0367000,31.2026000,city_centroid
2754,65213,CIRCLE K #2723390,US-98,New Augusta,MS,620,3.199,-89.0367000,31.2026000,city_centroid
2755,65214,NEWTON CROSSING,"I-20, EXIT 109 & SR-15",Newton,MS,705,3.249,-89.1840000,32.3244000,city_centroid
2756,65216,STUCKEYS EXPRESS,US-43S,Pelahatchie,MS,760,3.199,-89.7913000,32.3180000,city_centroid
2757,65221,CEFCO #544,"I-55/US-51, EXIT 81",Terry,MS,760,2.899,-90.3241000,32.1147000,city_centroid
2758,65223,SHELL EXPRESS MART,SR-7 & SR-315,Water Valley,MS,435,3.06566666,-89.6380000,34.1525000,city_centroid
2759,65225,CIRCLE K #2723402,US-49,Wiggins,MS,620,3.509,-89.1324000,30.8609000,city_centroid
2760,65234,COUNTRY MART,US-13/SR-11,Bethel,NC,205,3.00733333,-77.3748000,35.7909000,city_centroid
2761,65241,CIRCLE K #2723474,US-70,Goldsboro,NC,205,3.54066666,-78.0079500,35.3624250,city_centroid
2762,65246,DOBBS PLACE,"I-95, EXIT 17",Lumberton,NC,245,3.159,-79.0437000,34.6355667,city_centroid
2763,65250,CIRCLE K #2723473,US-70,Morehead City,NC,245,3.649,-76.7531000,34.7253000,city_centroid
2764,65251,SPEEDWAY #8277,US-17 & SR-43,New Bern,NC,245,3.26566666,-77.0566000,35.1088500,city_centroid
2765,65252,SPEEDWAY #6964,SR-125 & SR-11/SR-42,Oak City,NC,205,3.19733333,-77.3045000,35.9652750,census
2766,65267,CIRCLE K #2720939,"I-795/US-264, EXIT 43A & US-301",Wilson,NC,205,3.049,-77.9316750,35.7335500,city_centroid
2767,65268,SPEEDWAY #6931,"I-40, EXIT 195 & SR-109",Winston Salem,NC,65,3.609,-80.2694100,36.0790800,city_centroid
2768,65270,INTERSTATE CENEX,"I-94, EXIT 1 & SR-16",Beach,ND,273,3.499,-104.0076710,46.9337900,census
2769,65273,SIMONSON TRAVEL CENTER,"I-29, EXIT 141 & US-2",Grand Forks,ND,341,3.539,-97.0545500,47.9187500,city_centroid
2770,65274,CENEX C STORE,US-2 & SR-3,Rugby,ND,452,3.399,-99.9899000,48.2545000,city_centroid
2771,65282,HEBRON SINCLAIR,US-81,Hebron,NE,413,3.284,-97.6052000,40.1728000,city_centroid
2772,65283,CUBBYS #2107,US-20/SR-15,Laurel,NE,470,3.139,-97.0874000,42.4270000,city_centroid
2773,65284,Caseys #4526,"I-80, EXIT 237",Lexington,NE,330,3.05733333,-99.7515000,40.7850000,city_centroid
2774,65287,AM ENERGY,"I-80, EXIT 248",Overton,NE,330,2.899,-99.5278000,40.7519000,city_centroid
2775,65289,SHOEMAKERS SOUTH,US-77,Roca,NE,413,3.349,-96.6391000,40.6702000,city_centroid
2776,65290,ESSENTIAL FUEL #3,ST 71,Scottsbluff,NE,475,3.599,-103.6645500,41.8693000,city_centroid
2777,65292,CUBBYS #117,SR-2 & SR-50,Syracuse,NE,319,3.319,-96.1824000,40.6614000,city_centroid
2778,65293,TRAILS WEST SINCLAIR,US-34 & SR-25,Trenton,NE,475,3.499,-101.0131160,40.1826395,census
2779,65294,PRIME STOP,ST 35,Wayne,NE,470,3.244,-97.0186000,42.2304000,city_centroid
2780,65296,CIRCLE K #4707214,"I-93, EXIT 12S & I-89 & SR-3A",Bow,NH,170,4.199,-71.5448000,43.1388000,city_centroid
2781,65299,EPPING FUELING CENTER,SR-27 & SR-125,Epping,NH,125,4.029,-71.0764000,43.0411000,city_centroid
2782,65308,SUNOCO,SR-17,East Rutherford,NJ,115,3.19233333,-74.1041000,40.8385000,city_centroid
2783,65310,Edison Fuel Stop,US-1,Edison,NJ,115,3.159,-74.3863000,40.5155800,city_centroid
2784,65314,Union 76,"I-55, EXIT 50A",Richwood,NJ,150,3.399,-75.1681000,39.7206000,city_centroid
2785,65315,SUNOCO- RICHARD STOCKTON PLAZA #7009,NJ TURNPIKE MILE POST 58.7,Trenton,NJ,115,3.899,-74.7195846,40.2292538,city_centroid
2786,65319,PHILLIPS 66,US-30,Clementon,NJ,150,3.199,-75.0058000,39.8036000,city_centroid
2787,65320,PILOT #891,"I-80, EXIT 27B",Ledgewood,NJ,105,4.099,-74.6554000,40.8780000,city_centroid
2788,65328,THIND TRAVEL PLAZA,SR-20,North Bergen,NJ,115,3.259,-74.0258000,40.7939000,city_centroid
2789,65329,UTE MOUNTAIN TRAVEL CENTER,US-160 & US-491,Towaoc,CO,810,3.45733333,-108.7200000,37.2084000,city_centroid
2790,65332,BETTY ROSS TRUCK STOP /BP,US-130 & SR-73,Pennsauken,NJ,150,3.329,-75.0607000,39.9723000,city_centroid
2791,65334,SUNOCO,US 22 WEST,Phillipsburg,NJ,115,3.329,-75.1507000,40.7079000,city_centroid
2792,65335,CONOCO,US-22,Phillipsburg,NJ,90,3.359,-75.1507000,40.7079000,city_centroid
2793,65338,SWIFT FUEL STOP,"I-78, EXIT 13",Newark,NJ,115,3.879,-74.1971917,40.7392333,city_centroid
2794,65339,US GAS & DIESEL,US-46,Ridgefield,NJ,115,3.229,-74.0015000,40.8326000,city_centroid
2795,65343,ENRITE,"I-287, EXIT 4",South Plainfield,NJ,115,3.999,-74.4147000,40.5839000,city_centroid
2796,65345,SOUTH BRUNSWICK VALERO,US-130,North Brunswick,NJ,115,3.16566666,-74.4823000,40.4538000,city_centroid
2797,65350,Phillips 66,"I-295, EXIT 1",Vineland,NJ,150,3.359,-75.0000333,39.4778333,city_centroid
2798,65351,RIGGINS TRUCK PLAZA,"I-55, EXIT 26",Vineland,NJ,150,3.269,-75.0000333,39.4778333,city_centroid
2799,65353,SUNOCO- GROVER CLEVELAND TRAVEL PLAZA #7014,"NORTH NJ TNPK, EXIT 11",Woodbridge,NJ,115,3.899,-74.2845000,40.5560000,city_centroid
2800,65359,ROAD RUNNER TRAVEL CENTER,"I-25, EXIT 156",Lemitar,NM,580,3.299,-106.9044000,34.1560000,city_centroid
2802,65361,BLACK MESA TRAVEL CENTER,"I-25, EXIT 252",Algodones,NM,580,3.269,-106.3517000,35.3890000,city_centroid
2803,65365,CHEVRON #381125,US-95,Hawthorne,NV,966,4.079,-118.6411000,38.5347000,city_centroid
2804,65373,CHAMPLAIN PETERBILT FUEL MART,"I-87, EXIT 43",Champlain,NY,39,3.799,-73.4466000,44.9773000,city_centroid
2805,65377,PETROL 9 W,US-9W,Glenmont,NY,12,3.699,-73.7959000,42.5971000,city_centroid
2806,65379,MIRABITO #74,"SR-79 N/I-88E, EXIT 6",Harpursville,NY,12,4.659,-75.6545000,42.1823000,city_centroid
2807,65381,NATIVE PRIDE,"I-90, EXIT 58 & US-20",Irving,NY,38,2.999,-79.0596000,42.5739000,city_centroid
2808,65381,NATIVE PRIDE,"I-90, EXIT 58 & US-20",Irving,NY,38,2.899,-79.0596000,42.5739000,city_centroid
2809,65383,M AND M ALLEGANY JUNCTION,"I-86/SR-17, EXIT 23 & US-219/US-219 BUS",Limestone,NY,38,3.129,-78.6320000,42.0639000,city_centroid
2810,65386,MIRABITO #73,"I-88, EXIT 12",Otego,NY,12,3.999,-75.2079000,42.4133000,city_centroid
2811,65387,MAPLEFIELDS,SR-22 & SR-442,Peru,NY,235,3.799,-73.5293000,44.5851000,city_centroid
2812,65392,CIRCLE K #4707622,"I-90, EXIT 41",Seneca Falls,NY,220,3.999,-76.7925000,42.9094000,city_centroid
2813,65395,BELLSTORES #132,US-30 & SR-60,Ashland,OH,249,3.499,-82.3189000,40.8559000,city_centroid
2814,65398,QUICK FUEL #2306,"I-480, EXIT 12",Brookpark,OH,305,3.669,-81.8118000,41.3979000,city_centroid
2815,65400,NORTHSIDE FUEL STOP,US-30 & SR-19,Bucyrus,OH,411,3.50733333,-82.9698000,40.8103000,city_centroid
2817,65411,CLARKS PUMP N SHOP #10,SR- 32,Jackson,OH,315,3.699,-82.6472000,39.0428000,city_centroid
2818,65415,SPEEDWAY #9314,US-20 & SR-21,Massillon,OH,249,3.48233333,-81.4729667,40.8064333,city_centroid
2819,65423,BARNEYS CONVENIENCE MART #15,"I-75, EXIT 195 & I-90, EXIT 64 & SR-795",Rossford,OH,550,3.599,-83.5638000,41.6049000,city_centroid
2820,65426,CIRCLE K #4705357,US-23 & SR-316,Ashville,OH,315,3.089,-82.9446000,39.7316000,city_centroid
2821,65431,QUICK MART AND MORE,US-22 & SR-43,Steubenville,OH,573,3.639,-80.6560500,40.3611000,city_centroid
2822,65441,HUTCH'S #103,SR-6 & SR-66,Elk City,OK,483,2.969,-99.4127000,35.4112000,city_centroid
2823,65444,TXB #24 dba Kwik Chek Food Stores,US-70,Hugo,OK,253,2.969,-95.5139000,34.0113000,city_centroid
2824,65445,QWIK CHEQUE,US-70 & SR-37,Idabel,OK,253,3.199,-94.8020000,33.8851000,city_centroid
2825,65451,Petes #15,US-169 & SR-88,Oologah,OK,560,3.159,-95.7089166,36.4378953,census
2826,65457,THACKERSVILLE TRAVEL PLAZA,"I-35, EXIT 1",Thackerville,OK,253,2.93233333,-97.1363000,33.7882000,city_centroid
2827,65490,PILOT TRAVEL CENTER #422,"I-85, EXIT 41 & US-29",Newnan,GA,18,3.699,-84.7754500,33.3694500,city_centroid
2828,65490,PILOT TRAVEL CENTERS #422,"I-85, EXIT 41 & US-29",Newnan,GA,18,3.699,-84.7754500,33.3694500,city_centroid
2829,65494,FLYING J TRAVEL PLAZA #633,"I-20, EXIT 138",Union Point,GA,135,3.859,-83.0879000,33.6345000,city_centroid
2830,65513,GETGO #3602,"I-76, EXIT 146 & I-99, EXIT 1 & US-220",Bedford,PA,14,4.09233333,-78.5261000,39.9908000,city_centroid
2831,65514,ONVO TRAVEL PLAZA,"I-78, EXIT 13 & SR- 501",Bethel,PA,70,3.34733333,-76.2742000,40.4808000,city_centroid
2832,65518,KWIK FILL #239,ST 51,Crescent,PA,165,3.799,-80.2286000,40.5563000,city_centroid
2833,65521,RUTTERS #17,US-15 & SR-234,East Berlin,PA,70,4.294,-77.0073000,39.9645000,city_centroid
2834,65522,TURKEY HILL #950324,US-322 & SR-23/SR-897,East Earl,PA,208,3.78566666,-76.0276000,40.1395000,city_centroid
2835,65523,SAC SHOP #512,US-30,Everett,PA,14,4.099,-78.3713000,40.0098000,city_centroid
2836,65524,SAC SHOP #514,I-76/I-70 & US-30,Everett,PA,14,4.099,-78.3713000,40.0098000,city_centroid
2837,65525,SHELL,"I-95, EXIT 46A & US-1",Fairless Hills,PA,160,3.899,-74.8519000,40.1748000,city_centroid
2838,65527,SUNOCO SERVICE STATION,"I-81, EXIT 5",Greencastle,PA,70,3.899,-77.7470000,39.7818000,city_centroid
2839,65530,7-ELEVEN #40284,"I-76, EXIT 19/247",Hershey,PA,70,3.96733333,-76.6545000,40.2638000,city_centroid
2840,65532,PILOT TRAVEL CENTERS #1,"I-80, EXIT 173",Mill Hall,PA,14,4.01566666,-77.4836000,41.0867000,city_centroid
2841,65533,LIBERTY EXXON,US-15 & SR-414,Liberty,PA,138,3.699,-77.1195000,41.5656000,city_centroid
2842,65537,SHEETZ #048,US-22,Nanty Glo,PA,14,3.51733333,-78.8375000,40.4704000,city_centroid
2843,65538,WELMART,"SR-28, EXIT 16",Natrona Heights,PA,165,4.19233333,-79.7273000,40.6421000,city_centroid
2844,65549,T&C MINI MART,SR-33 & SR-191,Stockertown,PA,90,3.699,-75.2621000,40.7540000,city_centroid
2845,65552,A PLUS MINI MARKET,US-1 & SR-132,Feasterville Trevose,PA,160,3.899,-74.9904000,40.1547000,city_centroid
2846,65556,RUTTERS #60,US-30 & SR-116,York,PA,70,4.249,-76.6970000,39.9649875,city_centroid
2847,65572,CIRCLE K #2705377,"I-20, EXIT 22 & US-1",Aiken,SC,135,3.129,-81.6761000,33.5712600,city_centroid
2848,65573,SPEEDWAY/7fleet #4587,US-501,Aynor,SC,205,3.124,-79.1777000,33.9823000,city_centroid
2849,65578,CIRCLE K #2723355,US-52,North Charleston,SC,42,3.399,-80.0286250,32.8835250,city_centroid
2850,65587,HOT SPOT #2022,US-25/US-76,Honea Path,SC,30,2.909,-82.4255000,34.4417000,city_centroid
2851,65588,SPEEDWAY #2836,US-17,Johns Island,SC,42,3.069,-80.1081000,32.7924000,city_centroid
2852,65593,CIRCLE K #2723441,"I-82, EXIT 73 & SR-773",Prosperity,SC,210,3.11566666,-81.5324000,34.1832000,city_centroid
2853,65594,PILOT #4567,I-77 EXIT 77,Rock Hill,SC,46,3.149,-81.0801667,34.9586000,city_centroid
2854,65598,LEES QUICK STOP,US-52 & SR-45,Saint Stephen,SC,42,3.41566666,-79.9236000,33.3362000,city_centroid
2855,65603,JET TRUCK PLAZA,"I-29, EXIT 47",Beresford,SD,530,3.159,-96.7813000,43.0874000,city_centroid
2856,65604,SHELL,"I-29, EXIT 132",Huron,SD,455,3.359,-98.2153000,44.3611500,city_centroid
2857,65608,ZIP TRIP #81,"I-29, EXIT 62 & US-18",Lennox,SD,530,3.204,-96.8821000,43.3451000,city_centroid
2858,65614,281 TRAVEL CENTER,US-281,Wolsey,SD,571,3.089,-98.4743000,44.3991000,city_centroid
2859,65622,QUICK STOP #34,US-11/SR-1,Bristol,TN,405,3.299,-82.2117000,36.5559667,city_centroid
2860,65624,Sudden Service #61,SR-149 & SR-46,Cumberland City,TN,460,3.564,-87.6310060,36.3866810,census
2861,65625,Chevron,US-64,Fayetteville,TN,460,3.754,-86.5664000,35.1527000,city_centroid
2862,65629,CASEYS GOODSTOP #4036,"I-40, EXIT 355",Kingston,TN,405,3.164,-84.4971000,35.8528000,city_centroid
2863,65639,SPEEDWAY #7138,"I-24, EXIT 70 & SR-102",Smyrna,TN,460,3.049,-86.5048000,35.9656000,city_centroid
2864,65641,ALLSUPS CONVENIENCE STORE #2331,I-20 & FM 600,Abilene,TX,575,2.87566666,-99.7410125,32.4460250,city_centroid
2866,65659,ALLSUPS CONVENIENCE STORE #2169,US-287,Chillicothe,TX,770,2.89566666,-99.5157000,34.2439000,city_centroid
2868,65667,ALLSUPS CONVENIENCE STORE #2103,US-287/US-81,Decatur,TX,630,2.899,-97.5740000,33.2351000,city_centroid
2869,65671,SUPER STOP #22,SR-87 & SR-12,Orange,TX,610,3.439,-93.8144667,30.1138000,city_centroid
2870,65673,PILOT #894,US-57 & US-277,Eagle Pass,TX,693,3.899,-100.4801000,28.6909000,city_centroid
2871,65674,VALLEY MART #09,US-277,Eagle Pass,TX,740,3.199,-100.4801000,28.6909000,city_centroid
2872,65678,ONE9 #1300,US-287 & SR-34,Ennis,TX,630,2.869,-96.6279500,32.3334000,city_centroid
2873,65683,ALLSUPS CONVENIENCE STORE #2225,US-60,Friona,TX,585,2.999,-102.7241000,34.6417000,city_centroid
2874,65686,CEFCO #2004,"I-35 , EXIT 499",Vernon,TX,770,2.86066666,-99.2846500,34.1522500,city_centroid
2875,65690,CIRCLE G TRUCK STOP,US-183 & SR-97,Gonzales,TX,595,2.799,-97.4495000,29.5086000,city_centroid
2876,65691,CIRCLE K #2704037,US-90/SR-97 & US-183,Gonzales,TX,595,2.904,-97.4495000,29.5086000,city_centroid
2877,65721,Paradise RV & Truck Park,US-287/US-81,Alvord,TX,770,2.81566666,-97.6885000,33.3698000,city_centroid
2878,65724,STRIPES 7FLEET #42427,US-385 & SR-191,Odessa,TX,710,3.289,-102.3777500,31.8486000,city_centroid
2879,65728,RIVER MART,US-281/SR-241,Pharr,TX,639,3.349,-98.1870000,26.1771000,city_centroid
2880,65738,CIRCLE K #2741499,SR-35 & FM-1069,Rockport,TX,625,2.80566666,-97.0812000,28.0219500,city_centroid
2881,65755,CIRCLE K #2723373,US-11 & SR-622,Atkins,VA,185,3.349,-81.4048000,36.8665000,city_centroid
2882,65759,XPRESS STOP,US-522 & SR-694,Cross Junction,VA,60,3.33233333,-78.3081000,39.3744000,city_centroid
2883,65761,NEW DIXIE MART #15,US-58 & SR-671,Franklin,VA,180,3.099,-76.9391000,36.6786000,city_centroid
2884,65762,7-ELEVEN #34516,"I-66, EXIT 6",Front Royal,VA,60,3.52566666,-78.1796000,38.9268000,city_centroid
2885,65764,LEESBURG CITGO,US-15,Leesburg,VA,60,3.499,-77.5683000,39.1132667,city_centroid
2886,65765,FOSTERS CONVENIENCE STORE,US-29 & SR-685,Rustburg,VA,185,3.599,-79.1215000,37.2545000,city_centroid
2887,65767,STATELINE FOOD MART #69,US-23,Pound,VA,44,3.599,-82.6016000,37.0927000,city_centroid
2888,65770,JOLLEY #136,"I-89, EXIT 21",Alburgh,VT,39,3.539,-72.9527000,44.6031000,city_centroid
2889,65771,CITGO,"I-91, EXIT 3 & US-5",Brattleboro,VT,12,3.67233333,-72.5756000,42.8541500,city_centroid
2890,65789,BEAR CREEK CITGO,US-45 & SR-76/SR-22,Bear Creek,WI,360,3.439,-88.7471560,44.5314580,census
2891,65791,EDGAR TRAVEL CENTER,SR-29 & CR-H,Edgar,WI,395,3.559,-90.0125000,44.9046000,city_centroid
2892,65793,KWIK TRIP #921,SR-13 & SR-21,Friendship,WI,420,3.274,-89.8105090,44.0248470,census
2893,65794,BP,"I-43, EXIT 180",Green Bay,WI,360,3.349,-88.0306778,44.4973556,city_centroid
2894,65796,ADDISON STATION,"I-41/US-41, EXIT 68 & CR-K",Hartford,WI,444,3.149,-88.3707000,43.3157000,city_centroid
2895,65800,BP,US-45,Kewaskum,WI,444,3.219,-88.1925000,43.5214000,city_centroid
2896,65804,KWIK TRIP #628,US-45,Larsen,WI,582,3.43233333,-88.6963000,44.1984000,city_centroid
2897,65805,HI WAY HOP BP,"I-42/US-41, EXIT 85 & SR-67",Lomira,WI,444,3.099,-88.4513000,43.5795000,city_centroid
2898,65806,SHELL,US-41 & SR-67,Lomira,WI,444,3.389,-88.4513000,43.5795000,city_centroid
2899,65809,KWIK TRIP #399,SR-21 & SR-80,Necedah,WI,395,3.249,-90.0600000,44.0345000,city_centroid
2900,65810,HIGHWAY HARRY'S,I-90/I-94 EXIT 61 & SR-80,New Lisbon,WI,420,3.17233333,-90.1524000,43.8877000,city_centroid
2901,65812,PLAINFIELD PLAZA,SR-73 & I-39,Plainfield,WI,395,3.29066666,-89.4559000,44.2091000,city_centroid
2902,65813,KWIK TRIP #683,"I-39, EXIT 92 & US-51",Portage,WI,420,3.249,-89.4714000,43.5501000,city_centroid
2903,65814,Kracheys BP Truck Stop,US-18 & SR-35,Prairie Du Chien,WI,420,3.574,-91.1193000,43.0426000,city_centroid
2904,65817,TREGO TRAVEL CENTER,US-53 & CR-E,Trego,WI,545,3.58233333,-91.8581000,45.9516000,city_centroid
2905,65818,KWIK TRIP #1048,"I-90, EXIT 12",West Salem,WI,515,3.31733333,-91.0893000,43.9063000,city_centroid
2906,65820,KWIK TRIP #673,"I-90 & SR-19, EXIT 131",Windsor,WI,420,3.254,-89.3418000,43.2078000,city_centroid
2907,65822,RSTORE #4499,US-45 & SR-29,Wittenberg,WI,395,3.15566666,-89.1665000,44.8232000,city_centroid
2908,65824,CHANEYS SERVICE STATION,US-30 & SR-2,Chester,WV,165,3.799,-80.5584000,40.5981000,city_centroid
2909,65828,PAR MAR FOOD STORE #52,US-50 & CR-50/16,West Union,WV,430,4.099,-80.7911000,39.2762000,city_centroid
2910,65831,Hat Six Travel Center,"I-25/US-87, EXIT 182 & SR-253/SR-256",Evansville,WY,790,3.999,-106.1754000,42.8992000,city_centroid
2911,65835,SOUTHSIDE TRAVEL CENTER,US-20/SR-789,Thermopolis,WY,790,3.799,-108.3839000,43.7758000,city_centroid
2913,65837,PILOT TRAVEL CENTERS #455,"I-71, EXIT 140",Marengo,OH,315,3.719,-82.8121000,40.3895000,city_centroid
2914,65842,AM PM TRAVEL CENTER,US-1/SR-4,Blythe,GA,135,3.599,-82.2030000,33.2941000,city_centroid
2915,65847,ROAD RANGER #132,"I-57, EXIT 240",Champaign,IL,280,3.509,-88.2819200,40.1159000,city_centroid
2916,65847,ROAD RANGER #132,"I-57, EXIT 240",Champaign,IL,280,3.409,-88.2819200,40.1159000,city_centroid
2917,65847,ROAD RANGER #132,"I-57, EXIT 240",Champaign,IL,280,3.549,-88.2819200,40.1159000,city_centroid
2918,65847,ROAD RANGER #132,"I-57, EXIT 240",Champaign,IL,280,3.449,-88.2819200,40.1159000,city_centroid
2919,65848,Mobil,I-475,Flint,MI,342,3.199,-83.7204706,43.0139529,city_centroid
2920,65849,PS FOOD MART #1034,"I-94, EXIT 110 & US-27",Marshall,MI,431,3.459,-84.9583000,42.2720000,city_centroid
2921,65849,PS FOOD MART #1034,"I-94, EXIT 110 & US-27",Marshall,MI,431,3.499,-84.9583000,42.2720000,city_centroid
2922,65849,PS FOOD MART #1034,"I-94, EXIT 110 & US-27",Marshall,MI,431,3.429,-84.9583000,42.2720000,city_centroid
2923,65849,PS FOOD MART #1034,"I-94, EXIT 110 & US-27",Marshall,MI,431,3.549,-84.9583000,42.2720000,city_centroid
2924,65857,PILOT TRAVEL CENTERS #199,"I-20, EXIT 33",Haughton,LA,745,3.14566666,-93.5657000,32.5507000,city_centroid
2925,65858,SPEEDWAY #6661,"I-94, EXIT 40 & US-20 & US-35",La Porte,IN,465,3.599,-86.7088000,41.5492000,city_centroid
2926,65859,SPEEDWAY #6662,US-20 & SR-15,Bristol,IN,465,3.549,-85.8262000,41.7169000,city_centroid
2927,65860,LOVES TRAVEL STOPS #283,"E I-30 & FM 549, EXIT 70",Rockwall,TX,630,3.049,-96.4256500,32.9176000,city_centroid
2928,65860,LOVES TRAVEL STOP #283,"E I-30 & FM 549, EXIT 70",Rockwall,TX,630,3.109,-96.4256500,32.9176000,city_centroid
2929,65862,PILOT TRAVEL CENTERS #396,"I-81, EXIT 213",Staunton,VA,185,3.659,-79.0640000,38.1583500,city_centroid
2930,65863,VALERO,SR-31,Clinton,NJ,115,3.359,-74.9088000,40.6412000,city_centroid
2931,65866,FLYING J TRAVEL PLAZA #710,"I-81, EXIT 219",New Milford,PA,200,4.17566666,-75.7171000,41.8664000,city_centroid
2932,65868,7-ELEVEN #36073,"I-77, EXIT 54 & US-21",Statesville,NC,46,2.879,-80.8890333,35.8155667,city_centroid
2933,65873,PILOT TRAVEL CENTER #4619,"I-81 & I-77, EXIT 77",Wytheville,VA,185,3.55066666,-81.0941000,36.9407000,city_centroid
2934,65880,MR FUEL DBA ONE9 #1245,"I-55, EXIT 52 & SR-16",Litchfield,IL,574,3.199,-89.6499000,39.1793000,city_centroid
2935,65880,ONE9 MR FUEL #1245,"I-55, EXIT 52 & SR-16",Litchfield,IL,574,3.239,-89.6499000,39.1793000,city_centroid
2936,65880,ONE9 MR FUEL #1245,"I-55, EXIT 52 & SR-16",Litchfield,IL,574,3.299,-89.6499000,39.1793000,city_centroid
2937,65880,ONE9 MR FUEL #1245,"I-55, EXIT 52 & SR-16",Litchfield,IL,574,3.199,-89.6499000,39.1793000,city_centroid
2938,65880,MR FUEL DBA ONE9 #1245,"I-55, EXIT 52 & SR-16",Litchfield,IL,574,3.299,-89.6499000,39.1793000,city_centroid
2939,65883,FLYING J TRAVEL PLAZA #647,"I-64, EXIT 25 & US-41",Haubstadt,IN,340,3.959,-87.5798000,38.1895000,city_centroid
2940,65885,LOVES TRAVEL STOP #299,"US-75, EXIT 48 & SR-455",Anna,TX,630,3.19733333,-96.5639000,33.3445000,city_centroid
2941,65909,7-Eleven/7FLEET #40496,"I-81, EXIT 47 & SR-12",Watertown,NY,220,4.149,-75.9044500,43.9415000,city_centroid
2942,65912,ATOKA FUEL,US-75/US-69/SR-3,Atoka,OK,569,3.179,-96.1418000,34.3445000,city_centroid
2943,65914,CASEYS #2732,US-30 & US-284/SR-2,Grand Island,NE,330,3.149,-98.4101667,40.9076667,city_centroid
2944,65915,Marathon,"I-94/US-52, EXIT 346 & CR-17",West Fargo,ND,341,3.029,-96.9258000,46.8907000,city_centroid
2945,65917,CUMBERLAND CORNER MART,SR-90 & US-127,Albany,KY,410,3.574,-85.1483750,36.7551570,census
2947,65935,MAIN ST JUNCTION,SR-14 & SR-15,Louisville,MS,705,3.099,-89.0287000,33.1058000,city_centroid
2948,65962,CIRCLE K #2705937,US-301/SR-35 & SR-50,Dade City,FL,225,3.33233333,-82.2369667,28.3555333,city_centroid
2949,65969,PILOT #1105,SR-29 & SR-182,Bunkie,LA,730,3.21233333,-92.1799712,30.7885114,census
2950,65974,BEACON & BRIDGE #13,"US-127, EXIT 117",Ithaca,MI,342,3.649,-84.6088000,43.2828000,city_centroid
2951,65978,KWIK TRIP #623,US-61,Minnesota City,MN,515,3.399,-91.7418000,44.0832000,city_centroid
2952,65983,SPEEDWAY #6967,"US-17, EXIT 227 & SR-32",Edenton,NC,130,3.287,-76.6224000,36.0908000,city_centroid
2953,65989,DANCING EAGLE,"I-40, EXIT 108",Casa Blanca,NM,580,3.359,-107.4714000,35.0456000,city_centroid
2955,66015,LOVES TRAVEL STOP #298,"I-35, EXIT 39 & SR-44",Encinal,TX,693,3.589,-99.3563000,28.0405000,city_centroid
2956,66016,FLYING J TRAVEL PLAZA #660,"I-64, EXIT 185 & SR-180",Catlettsburg,KY,255,3.76566666,-82.6321000,38.3799000,city_centroid
2958,66020,LOVES TRAVEL STOP #221,I-70 EXIT 160,Zanesville,OH,315,3.48233333,-82.0086500,39.9338500,city_centroid
2959,66021,LOVES TRAVEL STOP #238,"I-65, EXIT 116 & SR-480",Shepherdsville,KY,415,3.599,-85.7023500,37.9965000,city_centroid
2960,66022,PILOT TRAVEL CENTERS #459,"I-10, EXIT 133",Avondale,AZ,930,3.599,-112.3265500,33.4549000,city_centroid
2961,66022,PILOT TRAVEL CENTER #459,"I-10, EXIT 133",Avondale,AZ,930,3.587,-112.3265500,33.4549000,city_centroid
2962,66023,SAPP BROS TRAVEL CENTER,"I-29, EXIT 10 & SR-2",Percival,IA,486,3.789,-95.8093000,40.7401000,city_centroid
2963,66024,LOVES TRAVEL STOPS #239,"I-81/US-11, EXIT 84 & SR-619",Max Meadows,VA,185,3.589,-80.9244000,36.9056000,city_centroid
2964,66024,LOVES TRAVEL STOP #239,"I-81/US-11, EXIT 84 & SR-619",Max Meadows,VA,185,3.545,-80.9244000,36.9056000,city_centroid
2965,66025,SPACE AGE TRAVEL CENTER,"I-84, EXIT 183 & SR-207",Hermiston,OR,935,3.33233333,-119.2849000,45.8450000,city_centroid
2966,66026,FLYING J TRAVEL PLAZA #643,"I-70 & I-57, EXIT 160",Effingham,IL,510,3.349,-88.5611000,39.1217000,city_centroid
2967,66026,FLYING J TRAVEL PLAZA #643,"I-70 & I-57, EXIT 160",Effingham,IL,510,3.299,-88.5611000,39.1217000,city_centroid
2968,66026,FLYING J TRAVEL PLAZA #643,"I-70 & I-57, EXIT 160",Effingham,IL,510,3.499,-88.5611000,39.1217000,city_centroid
2969,66029,Roady's Lucky Deuces,"I-10, EXIT 92 & SR-95",Duson,LA,600,3.03566666,-92.1525000,30.1912000,city_centroid
2970,66030,Colfax Travel Center,"I-80, EXIT 159 & SR-117",Colfax,IA,320,3.149,-93.2588000,41.6788000,city_centroid
2971,66031,WILCO FAST BREAK,US-61/US-24,Palmyra,MO,494,3.119,-91.5368000,39.7913000,city_centroid
2972,66034,FAS MART #5134,"I-72, EXIT 144 S",Decatur,IL,280,3.459,-88.9611400,39.8473400,city_centroid
2973,66034,FAS MART #5134,"I-72, EXIT 144 S",Decatur,IL,280,3.499,-88.9611400,39.8473400,city_centroid
2974,66035,ROAD RANGER #136,"I-90, EXIT 147",Cottage Grove,WI,420,3.544,-89.2017000,43.0784000,city_centroid
2976,66037,TA PRESCOTT TRAVEL CENTER,"I-30, EXIT 44",Prescott,AR,635,3.50233333,-93.3725000,33.8040000,city_centroid
2977,66038,FLYING J TRAVEL PLAZA #1043,"I-15, EXIT 113",Idaho Falls,ID,825,3.799,-111.9924600,43.4920000,city_centroid
2978,66038,FLYING J #1043,"I-15, EXIT 113",Idaho Falls,ID,825,3.699,-111.9924600,43.4920000,city_centroid
2979,66039,LOVES TRAVEL STOP #237,"I-20, EXIT 171 & US-65",Tallulah,LA,760,3.259,-91.1256500,32.4205500,city_centroid
2981,66041,PILOT TRAVEL CENTERS #195,"I-84, EXIT 104 & US-97",Wasco,OR,935,3.86566666,-120.7304000,45.5974000,city_centroid
2982,66042,FLYING J TRAVEL PLAZA #707,"I-80, EXIT 78",Brookville,PA,14,4.034,-79.0816000,41.1627000,city_centroid
2983,66043,LOVES TRAVEL STOP #216,US-67 & US-287,Midlothian,TX,630,3.231,-96.9936000,32.4757000,city_centroid
2984,66043,LOVES TRAVEL STOPS #216,US-67 & US-287,Midlothian,TX,630,3.199,-96.9936000,32.4757000,city_centroid
2985,66044,TA TAMPA TRAVEL CENTER,"I-4, EXIT 10",Seffner,FL,225,3.39566666,-82.3625500,27.9321000,city_centroid
2986,66045,FLYING J TRAVEL PLAZA #698,"I-71, EXIT 69",Jeffersonville,OH,315,3.399,-83.5687000,39.6590000,city_centroid
2987,66046,PETRO STOPPING CENTER #345,I-69 EXIT357,Fremont,IN,550,3.899,-84.9452000,41.7331000,city_centroid
2988,66050,PILOT TRAVEL CENTERS #130,"I-77, EXIT 145",Richfield,OH,305,3.799,-81.6467000,41.2371000,city_centroid
2989,66051,Caseys #4419,I-165 EXIT 5,Bowling Green,KY,460,3.02566666,-86.4200500,36.9608750,city_centroid
2990,66054,LOVES TRAVEL STOP #220,"I-25/US-87, EXIT 7 & SR-212",Cheyenne,WY,795,3.709,-104.7781200,41.1589600,city_centroid
2991,66055,WINDMILL BP,"US-20, EXIT 208 & SR-14",Holland,IA,320,3.599,-92.7999000,42.4011000,city_centroid
2993,66057,ROAD RANGER #205,"I-90, EXIT 1",South Beloit,IL,290,3.469,-89.0298000,42.4837000,city_centroid
2994,66059,TIME OUT TRAVEL CENTER,"I-40, EXIT 432-B",Newport,TN,405,2.96566666,-83.1952000,35.9607000,city_centroid
2995,66061,FLYING J TRAVEL PLAZA #709,"I-80, EXIT 173",Mill Hall,PA,14,4.01566666,-77.4836000,41.0867000,city_centroid
2996,66062,FLYING J TRAVEL PLAZA #716,"I-29, EXIT 83",Sioux Falls,SD,530,3.899,-96.7303600,43.5476800,city_centroid
2997,66065,LOVES TRAVEL STOP #321,"SR 770 & I-75 , EXIT 29",Corbin,KY,410,3.599,-84.1026000,36.9359000,city_centroid
2998,66068,HOLIDAY STATIONSTORE #2746262,I-175 EXIT 394,Sault Sainte Marie,MI,287,3.799,-84.2854000,46.4151000,city_centroid
2999,66069,128 NEWTON GAS,"I-95, EXIT 20A/SR-128 & SR-9",Newton Lower Falls,MA,34,4.299,-71.2562000,42.3299000,city_centroid
3000,66070,TAURO,"SR-78, EXIT 3",Phillipsburg,NJ,90,3.34233333,-75.1507000,40.7079000,city_centroid
3001,66072,GENES GO TRUCK STOP,"I-10/US-83, EXIT 456 & US-377",Junction,TX,740,3.289,-99.7473000,30.4754000,city_centroid
3002,66073,EXXON,"I-24 & HUSBAND ROAD, EXIT 11",Paducah,KY,460,3.15733333,-88.6563667,37.0619000,city_centroid
3003,66074,HEARTLAND XPRESS,US-67 & SR-M,Poplar Bluff,MO,275,3.199,-90.4560770,36.7298090,census
3004,66075,CORNER MART #349,"I-26, EXIT 54 & SR-72",Clinton,SC,210,3.099,-81.8772000,34.4707000,city_centroid
3005,66078,Amoco,I-40 EXIT 447,Hartford,TN,405,3.099,-83.0996000,35.8256000,city_centroid
3006,66083,KANGAROO CROSSING,SR-35,Kosciusko,MS,705,3.199,-89.5724000,33.0446000,city_centroid
3007,66090,ROAD RANGER #267,US-281,Pharr,TX,639,3.564,-98.1870000,26.1771000,city_centroid
3008,66091,KEYSVILLE SAV U TIME,US-360,Keysville,VA,180,3.399,-78.4699000,37.0411000,city_centroid
3009,66093,KWIK TRIP #414,"I-90, EXIT 209A & US-63/SR-30",Stewartville,MN,515,3.55733333,-92.4885000,43.8555000,city_centroid
3010,66099,NEW JERSEY TRUCK STOP DIESEL ONLY,"I-95, EXIT 15E & US-9/US-1",Kearny,NJ,79,3.759,-74.1113000,40.7487500,city_centroid
3011,66100,CIRCLE K #2723692,"I-26, EXIT 213",North Charleston,SC,42,3.399,-80.0286250,32.8835250,city_centroid
3012,66103,TERRIBLE HERBST #243,I-95 & SR-164,Searchlight,NV,910,3.83233333,-114.8866000,35.5132000,city_centroid
3013,66106,FLYING J TRAVEL PLAZA #509,"I-15, EXIT 112",Beaver,UT,910,3.689,-112.6299000,38.2807000,city_centroid
3014,66109,QUARTERS TRAVEL PLAZA,"I-49, EXIT 23 & US-167 /SR-744",Opelousas,LA,730,3.184,-92.0856000,30.5239500,city_centroid
3015,66110,LOVES TRAVEL STOP #479,"I-29, EXIT143",Sioux City,IA,527,3.64233333,-96.3888778,42.4823556,city_centroid
3016,66111,CROSSROADS EXPRESS,US-36 & US-83,Oberlin,KS,475,3.089,-100.5314000,39.8275000,city_centroid
3017,66113,7-ELEVEN #39467,"I-95, EXIT 16E",Jersey City,NJ,115,3.259,-74.0665667,40.7275333,city_centroid
3018,66114,LOVES TRAVEL STOP #235,"I-29 & US-169, EXIT 44",Saint Joseph,MO,400,3.33233333,-94.8366500,39.7495250,city_centroid
3019,66115,FLYING J TRAVEL PLAZA #697,"I-80, EXIT 234B",Hubbard,OH,573,3.459,-80.5762000,41.1624000,city_centroid
3020,66116,ONVO TRAVEL PLAZA - HARFORD,"I-81, EXIT 217 & SR-547",Harford,PA,200,3.589,-75.6935000,41.7761000,city_centroid
3021,66117,ONVO TRAVEL PLAZA PINE GROVE,"I-81, EXIT 32",Pine Grove,PA,70,3.539,-76.3269000,40.5671000,city_centroid
3022,66119,FLYING J TRAVEL PLAZA #645,"I-270 & SR-11, EXIT 6",Granite City,IL,540,3.699,-90.1106000,38.7261000,city_centroid
3023,66119,FLYING J TRAVEL PLAZA #645,"I-270 & SR-11, EXIT 6",Granite City,IL,540,3.659,-90.1106000,38.7261000,city_centroid
3024,66119,FLYING J TRAVEL PLAZA #645,"I-270 & SR-11, EXIT 6",Granite City,IL,540,3.559,-90.1106000,38.7261000,city_centroid
3025,66119,FLYING J TRAVEL PLAZA #645,"I-270 & SR-11, EXIT 6",Granite City,IL,540,3.579,-90.1106000,38.7261000,city_centroid
3026,66119,FLYING J TRAVEL PLAZA #645,"I-270 & SR-11, EXIT 6",Granite City,IL,540,3.599,-90.1106000,38.7261000,city_centroid
3027,66120,LOVES TRAVEL STOP #306,"I-40/SR-66, EXIT 412",Dandridge,TN,405,3.689,-83.4233000,36.0008000,city_centroid
3028,66121,ROAD RANGER #226,"I-65, EXIT 99",Greenwood,IN,375,3.60066666,-86.1399500,39.6092000,city_centroid
3029,66122,ROAD RANGER #139,"I-57, EXIT 212",Tuscola,IL,280,3.229,-88.2816000,39.7995000,city_centroid
3030,66123,ROAD RANGER #225,"I-80, EXIT 56",Princeton,IL,290,3.289,-89.4270000,41.3629000,city_centroid
3031,66123,ROAD RANGER #225,"I-80, EXIT 56",Princeton,IL,290,3.389,-89.4270000,41.3629000,city_centroid
3032,66123,ROAD RANGER #225,"I-80, EXIT 56",Princeton,IL,290,3.449,-89.4270000,41.3629000,city_centroid
3033,66125,LOVES TRAVEL STOP #249,"I-55, EXIT 109",Williamsville,IL,318,3.489,-89.5487000,39.9542000,city_centroid
3034,66125,LOVES TRAVEL STOP #249,"I-55, EXIT 109",Williamsville,IL,318,3.389,-89.5487000,39.9542000,city_centroid
3035,66125,LOVES TRAVEL STOP #249,"I-55, EXIT 109",Williamsville,IL,318,3.399,-89.5487000,39.9542000,city_centroid
3036,66126,LOVES TRAVEL STOP #209,"I-20, EXIT 3 & US-80 & SR-169",Greenwood,LA,745,3.134,-93.9730000,32.4429000,city_centroid
3037,66131,SPEEDWAY #3446,"I-95, EXIT 10 & SR-440",Edison,NJ,115,3.58566666,-74.3863000,40.5155800,city_centroid
3038,66133,LOVES TRAVEL STOPS #228,"I-4, EXIT 44",Polk City,FL,225,3.389,-81.8083000,28.1987000,city_centroid
3039,66133,LOVES TRAVEL STOP #228,"I-4, EXIT 44",Polk City,FL,225,3.461,-81.8083000,28.1987000,city_centroid
3040,66134,CIRCLE K #2721591,"I-10, EXIT 10 & US-29/SR-95",Pensacola,FL,155,3.22233333,-87.2612889,30.4390500,city_centroid
3041,66135,CIRCLE K #2721592,"I-10, EXIT 5 & US-90 ALT",Pensacola,FL,155,3.22233333,-87.2612889,30.4390500,city_centroid
3042,66136,CHOCTAW TRAVEL PLAZA #638,US-270 & US-59 & US-112,Poteau,OK,645,3.299,-94.6096000,35.0606000,city_centroid
3043,66137,CIRCLE K #2721594,"I-10, EXIT 263",Slidell,LA,725,3.17066666,-89.7951200,30.3086600,city_centroid
3044,66138,LOVES TRAVEL STOP #307,"I-75, EXIT 201",Jackson,GA,18,3.38566666,-83.9784000,33.2820000,city_centroid
3045,66139,LOVES TRAVEL STOPS #305,"I-81, EXIT 291 & SR-651",Toms Brook,VA,60,3.649,-78.4331000,38.9476000,city_centroid
3046,66139,LOVES TRAVEL STOP #305,"I-81, EXIT 291 & SR-651",Toms Brook,VA,60,3.649,-78.4331000,38.9476000,city_centroid
3050,66152,Flying J Travel Plaza #656,"I-65, EXIT 95 & CR-500",Whiteland,IN,375,3.959,-86.0723000,39.5611000,city_centroid
3051,66155,7-ELEVEN #36575,"I-35, EXIT 248",Pflugerville,TX,595,2.899,-97.6249500,30.4407500,city_centroid
3052,66156,7-ELEVEN #36567,SR-6 & SR-21,Bryan,TX,670,3.144,-96.3598180,30.6959390,census
3054,66173,TIMEWISE FOOD STORE #160,"I-10, EXIT 661",Flatonia,TX,740,3.199,-97.0987000,29.7095000,city_centroid
3055,66174,TIMEWISE FOOD STORE #162,"I-10, EXIT 456",Junction,TX,740,3.099,-99.7473000,30.4754000,city_centroid
3056,66176,PILOT #6996,"I-40, EXIT 364",Warsaw,NC,245,3.47233333,-78.0310000,35.0180000,city_centroid
3057,66177,PILOT #6978,"I-74/I-73/US-220, EXIT 44 & SR-211",Candor,NC,65,3.999,-79.7876000,35.2234000,city_centroid
3058,66178,LOVES TRAVEL STOP #284,I-69C/US-281 & FM-2812,Edinburg,TX,639,3.11066666,-98.1750500,26.3737750,city_centroid
3059,66179,LOVES TRAVEL STOP #246,I-80 EXIT 46,Fernley,NV,966,3.91566666,-119.2350000,39.6019000,city_centroid
3060,66182,CIRCLE K #2706708,"I-185, EXIT 10",Midland,GA,50,3.339,-84.8559000,32.5616000,city_centroid
3061,66183,CHEVRON CURB STORE,SR-35 & SR-21,Forest,MS,705,3.569,-89.4795320,32.3819190,census
3062,66184,HENRIETTA TRUCK STOP,"I-390, EXIT 12 & I-90, EXIT 46",Henrietta,NY,190,3.899,-77.6122000,43.0483000,city_centroid
3063,66185,TIGERMART OF BUFFALO,"I-45, EXIT 178 & US-79",Buffalo,TX,670,3.599,-95.9904000,31.4121000,city_centroid
3064,66186,STRIPES #40813,US-281 & SR-285,Falfurrias,TX,625,3.08733333,-98.1408000,27.2242000,city_centroid
3065,66195,MOBIL,"I-495, EXIT 26 & SR-62",Berlin,MA,34,3.699,-71.6356000,42.3844000,city_centroid
3066,66196,EXXON TIGER MART,"I-35, EXIT 386",Italy,TX,630,3.12233333,-96.8823000,32.1785000,city_centroid
3067,66198,CIRCLE K #2703117,"I-20, EXIT 11",Graniteville,SC,135,3.159,-81.8147000,33.5630000,city_centroid
3068,66221,ROAD RANGER #236,"I-43, EXIT 38",East Troy,WI,420,3.08233333,-88.4092000,42.8035000,city_centroid
3070,66224,ROAD RANGER #235,"I-90, EXIT 36",Hampshire,IL,290,3.369,-88.5170000,42.0807000,city_centroid
3071,66225,ROAD RANGER #140,"I-39, EXIT 72",Mendota,IL,520,3.439,-89.1083000,41.5443000,city_centroid
3072,66225,ROAD RANGER #140,"I-39, EXIT 72",Mendota,IL,520,3.299,-89.1083000,41.5443000,city_centroid
3073,66225,ROAD RANGER #140,"I-39, EXIT 72",Mendota,IL,520,3.269,-89.1083000,41.5443000,city_centroid
3074,66225,ROAD RANGER #140,"I-39, EXIT 72",Mendota,IL,520,3.339,-89.1083000,41.5443000,city_centroid
3075,66227,Pilot Travel Centers #482,"I-57, EXIT 95",Mount Vernon,IL,574,3.399,-88.9105000,38.3170000,city_centroid
3076,66227,Pilot Travel Center #482,"I-57, EXIT 95",Mount Vernon,IL,574,3.599,-88.9105000,38.3170000,city_centroid
3077,66227,Pilot Travel Center #482,"I-57, EXIT 95",Mount Vernon,IL,574,3.459,-88.9105000,38.3170000,city_centroid
3078,66227,Pilot Travel Center #482,"I-57, EXIT 95",Mount Vernon,IL,574,3.359,-88.9105000,38.3170000,city_centroid
3079,66229,LOVES TRAVEL STOP #308,"I-40, EXIT 86 & SR-226",Marion,NC,210,3.739,-82.0180000,35.6819000,city_centroid
3080,66230,PETRO COLBY TRUCKSTOP,"I-70, EXIT 53 & SR-25",Colby,KS,525,3.599,-101.0442000,39.3830000,city_centroid
3081,66235,LOVES TRAVEL STOP #291,"I-75, EXIT 95 & SR-627",Richmond,KY,410,3.599,-84.2951000,37.7512500,city_centroid
3082,66236,LOVES TRAVEL STOP #309,"I-80, EXIT 332 & SR-14",Aurora,NE,330,3.289,-98.0201000,40.8528000,city_centroid
3084,66238,BETTY BEAVERS TRUCKSTOP,"I- 90, EXIT 29",Canajoharie,NY,12,3.599,-74.5956000,42.8671000,city_centroid
3085,66239,Hola,US-27/SR-80/SR-25,South Bay,FL,95,3.419,-80.7312000,26.6701000,city_centroid
3086,66241,PUMP & PANTRY #29,US-30,Central City,NE,330,3.33733333,-98.0017000,41.1213000,city_centroid
3087,66242,PUMP & PANTRY #23,"US-34, EXIT 4TH AVE",Holdrege,NE,330,3.449,-99.3672000,40.4475000,city_centroid
3088,66243,CIRCLE K #4707000,SR-9,Baileyville,ME,170,3.899,-67.4722000,45.1035000,city_centroid
3089,66244,STRIPES #40809,"I-37, EXIT 56",George West,TX,625,3.044,-98.1162000,28.3204000,city_centroid
3090,66247,GULF OIL #5045,I-90 EXIT 83,Charlton,MA,34,3.909,-71.9664000,42.1379000,city_centroid
3091,66248,CIRCLE K #4707046,"I-95, EXIT 6",Scarborough,ME,170,3.909,-70.3096500,43.5802500,city_centroid
3092,66249,CIRCLE K #4707206,SR-125,Epping,NH,170,3.76733333,-71.0764000,43.0411000,city_centroid
3093,66250,SPEEDWAY #6973,US-1,Wake Forest,NC,177,2.949,-78.4950000,35.9773000,city_centroid
3094,66252,CIRCLE K #4707023,US-1A,Holden,ME,170,3.73233333,-68.6165000,44.7208000,city_centroid
3095,66255,CIRCLE K #4707217,US-2 & SR-16,Gorham,NH,170,3.75066666,-71.1548000,44.4048000,city_centroid
3096,66257,LOVES TRAVEL STOP #310,"I-80/US-30, EXIT 173",Wamsutter,WY,795,3.723,-108.1517000,41.6583000,city_centroid
3097,66257,LOVES TRAVEL STOPS #310,"I-80/US-30, EXIT 173",Wamsutter,WY,795,3.759,-108.1517000,41.6583000,city_centroid
3098,66258,CIRCLE K #4707208,"I-93, EXIT 23",New Hampton,NH,170,3.659,-71.6435000,43.6184000,city_centroid
3099,66259,CEFCO #48,"I-35, EXIT 304",Temple,TX,765,2.96566666,-97.3802400,31.0685000,city_centroid
3100,66261,CIRCLE K #2723123,"I-95, EXIT 71",Dunn,NC,205,3.14233333,-78.6120000,35.3114000,city_centroid
3101,66263,One9 SPEEDWAY #6753,"I-78, EXIT 1",Fleetwood,PA,208,3.83233333,-75.8185000,40.4473000,city_centroid
3102,66266,7-ELEVEN #40508,"I-80, EXIT 90",Elkhart,IN,465,3.999,-85.9711250,41.6788250,city_centroid
3103,66267,TA DEMOTTE TRAVEL CENTER,"I-65, EXIT 230",Demotte,IN,365,3.44733333,-87.2491000,41.1713000,city_centroid
3104,66272,MOOSETRACKS #752,"I-85, EXIT 113",High Point,NC,63,3.114,-79.9933667,35.9862333,city_centroid
3105,66273,PETRO STOPPING CENTER,"I-59, EXIT 181 & US-77",Gadsden,AL,615,3.999,-85.9784167,33.9836000,city_centroid
3106,66274,FLYING J TRAVEL PLAZA #692,"I-80, EXIT 352 & US-93",Wells,NV,835,3.709,-114.9645000,41.1116000,city_centroid
3107,66278,PILOT TRAVEL CENTERS #394,"I-84, EXIT 6",Newburgh,NY,32,4.359,-74.0315000,41.5203000,city_centroid
3108,66284,JOLLEY #150,"I-89, EXIT 19",Saint Albans,VT,39,3.539,-73.0861000,44.8110000,city_centroid
3109,66285,QUIKTRIP #787,"I-675, EXIT 5",Ellenwood,GA,18,3.109,-84.2939000,33.6166000,city_centroid
3111,66290,ABBYLAND TRUCK STOP,"SR-29, EXIT 127",Curtiss,WI,395,3.46233333,-90.4592000,44.9602000,city_centroid
3112,66292,LOVES TRAVEL STOP #311,"I-20, EXIT 9",Waco,GA,18,3.39066666,-85.2197000,33.6840000,city_centroid
3113,66293,One9 #254,"I-24, EXIT 169",Wildwood,GA,285,3.099,-85.4305000,34.9779000,city_centroid
3114,66294,FLYING J TRAVEL PLAZA #667,"I-69, EXIT 81SB / I-96, EXIT 9",Grand Ledge,MI,406,3.959,-84.7373000,42.7529000,city_centroid
3115,66295,LOVES TRAVEL STOP #432,"I-94/I-41, EXIT 322 & SR-100",Oak Creek,WI,444,3.867,-87.9027000,42.8892000,city_centroid
3116,66295,LOVES TRAVEL STOPS #432,"I-94/I-41, EXIT 322 & SR-100",Oak Creek,WI,444,3.879,-87.9027000,42.8892000,city_centroid
3117,66299,XTRA MART #10093,SR-146,Millbury,MA,175,3.649,-71.7644000,42.1968000,city_centroid
3118,66300,PILOT TRAVEL CENTERS #149,"I-40, EXIT 42 & SR-222",Stanton,TN,435,3.509,-89.3326000,35.4482000,city_centroid
3119,66301,KWIK TRIP #743,US-10 & SR-114,Menasha,WI,582,3.50733333,-88.4175000,44.2112000,city_centroid
3120,66303,KWIK TRIP #787,US-51 & CR-JJ,Schofield,WI,395,3.41566666,-89.5818000,44.9064000,city_centroid
3121,66307,CM ST HELENA,SR-16,Amite,LA,600,3.399,-90.5090000,30.7266000,city_centroid
3122,66310,FLYING J #620,"I-70, EXIT 49",Smithton,PA,165,4.109,-79.7381000,40.1553000,city_centroid
3123,66313,LOVES TRAVEL STOP #313,"I-55, EXIT 58 & SR-80",Matthews,MO,275,3.27733333,-89.6287000,36.7154000,city_centroid
3124,66314,PS FOOD MART #1042,"US-23, EXIT 17",Dundee,MI,325,3.429,-83.6522000,41.9514000,city_centroid
3125,66314,PS FOOD MART #1042,"US-23, EXIT 17",Dundee,MI,325,3.499,-83.6522000,41.9514000,city_centroid
3126,66314,PS FOOD MART #1042,"US-23, EXIT 17",Dundee,MI,325,3.459,-83.6522000,41.9514000,city_centroid
3127,66314,PS FOOD MART #1042,"US-23, EXIT 17",Dundee,MI,325,3.599,-83.6522000,41.9514000,city_centroid
3128,66315,SPEEDWAY #6748,"I-94, EXIT 34 & US-421",Michigan City,IN,465,3.68233333,-86.8925000,41.7007500,city_centroid
3130,66317,LOVES TRAVEL STOP #314,I-24 EXIT 89,Christiana,TN,460,3.46233333,-86.3680000,35.6960000,city_centroid
3131,66318,ROAD RANGER #242,"I-44, EXIT 163",Saint Robert,MO,540,3.264,-92.1310000,37.8283000,city_centroid
3132,66319,ROAD RANGER #211,I-90 & RIVERSIDE BLVD,Loves Park,IL,520,3.469,-89.1020000,42.3274500,city_centroid
3133,66320,SPEEDWAY #8772,"I-69, EXIT 168 & SR-53",Imlay City,MI,342,3.779,-83.0708000,43.0425000,city_centroid
3134,66322,LOVES TRAVEL STOP #318,"I-57, EXIT 83 & CR-42",Ina,IL,574,3.489,-88.8894000,38.1527000,city_centroid
3135,66322,LOVES TRAVEL STOP #318,"I-57, EXIT 83 & CR-42",Ina,IL,574,3.589,-88.8894000,38.1527000,city_centroid
3136,66322,LOVES TRAVEL STOP #318,"I-57, EXIT 83 & CR-42",Ina,IL,574,3.389,-88.8894000,38.1527000,city_centroid
3137,66323,PILOT TRAVEL CENTERS #905- TOWN PUMP,"I-90, EXIT 109",Milltown,MT,820,3.609,-113.8783000,46.8737000,city_centroid
3138,66328,LOVES TRAVEL STOP #320,"I-16/SR-404, EXIT 49 & SR-257",Dublin,GA,85,3.33233333,-82.9265500,32.4997000,city_centroid
3139,66329,CIRCLE K #2723438,"I-85, EXIT 96",Gaffney,SC,210,3.199,-81.6690333,35.0525667,city_centroid
3140,66332,PWI #172,"I-45, EXIT 258",Palmer,TX,630,2.77566666,-96.6794000,32.4387000,city_centroid
3141,66334,Hucks Travel Center #052,"I-24/I-69, EXIT 40 & US-641/US-62/SR-93",Kuttawa,KY,490,3.699,-88.1498000,37.0619000,city_centroid
3142,66337,ZIP TRIP #60,"I-25, EXIT 299 & US-16/SR-196",Buffalo,WY,836,3.58066666,-106.7073000,44.3485000,city_centroid
3143,66338,SHELL,"I-30, EXIT 160 & US-271/SR-49 & US-67",Mount Pleasant,TX,723,3.899,-94.9689000,33.1650500,city_centroid
3146,66341,7-ELEVEN #218,"I-44, EXIT 4",Harrold,TX,770,2.68733333,-99.0323000,34.0806000,city_centroid
3147,66342,ONE9 #398,"I-75, EXIT 109",Vienna,GA,10,3.109,-83.7922000,32.0913000,city_centroid
3148,66346,PILOT TRAVEL CENTERS #247,"I-74, EXIT 39 & SR-32",Crawfordsville,IN,375,3.899,-86.9074000,40.0325000,city_centroid
3149,66346,PILOT TRAVEL CENTER #247,"I-74, EXIT 39 & SR-32",Crawfordsville,IN,375,3.899,-86.9074000,40.0325000,city_centroid
3150,66348,PIT STOP,I-40 EXIT 221,Wheatley,AR,695,2.999,-91.1086000,34.9207000,city_centroid
3152,66352,KWIK TRIP #871,"US-41, EXIT 124 & SR-76",Oshkosh,WI,582,3.29066666,-88.5803750,44.0289000,city_centroid
3153,66353,MOTOMART #3361,"I-55, EXIT 129",Perryville,MO,540,2.989,-89.8737000,37.7174000,city_centroid
3154,66355,CIRCLE K #2723439,"I-26, EXIT 5",Campobello,SC,30,3.13233333,-82.1403000,35.1080000,city_centroid
3155,66357,LOVES TRAVEL STOP #351,"I-80 & E 8TH RD, EXIT 81",Utica,IL,290,3.289,-89.0008000,41.3630000,city_centroid
3156,66357,LOVES TRAVEL STOP #351,"I-80 & E 8TH RD, EXIT 81",Utica,IL,290,3.449,-89.0008000,41.3630000,city_centroid
3157,66357,LOVES TRAVEL STOP #351,"I-80 & E 8TH RD, EXIT 81",Utica,IL,290,3.589,-89.0008000,41.3630000,city_centroid
3158,66357,LOVES TRAVEL STOP #351,"I-80 & E 8TH RD, EXIT 81",Utica,IL,290,3.389,-89.0008000,41.3630000,city_centroid
3159,66361,SHADY NOOK,US-61/US-49,Lyon,MS,655,3.999,-90.4981000,34.2474000,city_centroid
3160,66362,TA FLORENCE TRAVEL CENTER,"I-95, EXIT 164 & US-52",Florence,SC,46,3.32566666,-79.7062500,34.1379667,city_centroid
3161,66363,LOVES TRAVEL STOP #178,"US-35/KS TPKE, MM 26",Belle Plaine,KS,570,3.329,-97.2852000,37.4052000,city_centroid
3162,66364,SHELL,"I-4, EXIT 64",Plant City,FL,225,3.44733333,-82.1323200,28.0087800,city_centroid
3163,66365,LIBERTY,US-202,Ringoes,NJ,230,3.399,-74.8288000,40.4459000,city_centroid
3164,66368,PETRO STOPPING CENTER #371,"I-90, EXIT 41",Waterloo,NY,190,4.19566666,-76.8755000,42.9045000,city_centroid
3165,66369,LOVES TRAVEL STOP #319,"I-74, EXIT 61",Pittsboro,IN,375,3.889,-86.4645000,39.8615000,city_centroid
3166,66370,SPEEDWAY #6979,US-301,Wilson,NC,177,3.129,-77.9316750,35.7335500,city_centroid
3167,66371,RAPIDES STATION TRUCK STOP,"I-49, EXIT 94",Boyce,LA,730,3.099,-92.6867000,31.3216000,city_centroid
3168,66372,CEFCO #54,"I-35, EXIT 292",Belton,TX,765,2.95233333,-97.4720000,31.0723000,city_centroid
3169,66374,BROOKSHIRE BROS #6111,US-259,Nacogdoches,TX,618,3.369,-94.6163000,31.6516800,city_centroid
3170,66376,SUBS AND GRUBS,"I-63, EXIT 39",Jonesboro,AR,435,3.389,-90.7048250,35.8128750,city_centroid
3172,66382,STATELINE CONOCO,"I-35, EXIT 114",Eagleville,MO,320,3.549,-93.9951000,40.4912000,city_centroid
3173,66383,TENAHA EXPRESS MART,US-96 & US-84,Tenaha,TX,618,3.299,-94.2488000,31.9408000,city_centroid
3174,66385,TA EXPRESS MINDEN,"I-20, EXIT 52",Minden,LA,745,3.114,-93.2877000,32.6238500,city_centroid
3175,66386,SPEEDWAY #4631,US-220,Bassett,VA,185,3.41566666,-80.0055000,36.7534000,city_centroid
3176,66388,Gas n Go,"I-75, EXIT 117 AT MILE 117",Pinehurst,GA,85,3.099,-83.7209000,32.1967000,city_centroid
3177,66392,MISSILE MART #10,"I-40, EXIT 161",El Dorado,AR,635,3.499,-92.6646000,33.2074500,city_centroid
3178,66393,VILLAGE PANTRY #5210,"I-74, EXIT 206",Oakwood,IL,280,3.199,-87.7825000,40.1167000,city_centroid
3179,66393,VILLAGE PANTRY #5210,"I-74, EXIT 206",Oakwood,IL,280,3.299,-87.7825000,40.1167000,city_centroid
3180,66393,VILLAGE PANTRY #5210,"I-74, EXIT 206",Oakwood,IL,280,3.179,-87.7825000,40.1167000,city_centroid
3181,66396,CIRCLE K #2723988,"I-55, EXIT 61 & SR-38",Kentwood,LA,600,3.299,-90.4728000,30.8892000,city_centroid
3183,66400,PWI #640,"I-10/US-95, EXIT 5",Ehrenberg,AZ,900,3.359,-114.5077000,33.6177000,city_centroid
3184,66404,QUICK FUEL #5302,"I-635, EXIT 14",Garland,TX,637,3.08733333,-96.6392429,32.9079429,city_centroid
3185,66405,FLYING J FUEL STOP #668,"I-75, EXIT 151",Saginaw,MI,260,3.289,-83.9940000,43.4243900,city_centroid
3186,66405,FLYING J FUEL STOP #668,"I-75, EXIT 151",Saginaw,MI,260,3.399,-83.9940000,43.4243900,city_centroid
3187,66405,FLYING J FUEL STOP #668,"I-75, EXIT 151",Saginaw,MI,260,3.599,-83.9940000,43.4243900,city_centroid
3188,66405,FLYING J FUEL STOP #668,"I-75, EXIT 151",Saginaw,MI,260,3.489,-83.9940000,43.4243900,city_centroid
3189,66406,LOVES TRAVEL STOP #317,"I-95, EXIT 4 & SR-629",Skippers,VA,180,3.801,-77.5921000,36.5958000,city_centroid
3190,66406,LOVES TRAVEL STOPS #317,"I-95, EXIT 4 & SR-629",Skippers,VA,180,3.789,-77.5921000,36.5958000,city_centroid
3191,66407,CIRCLE K #2723668,SR-35,Fort Payne,AL,615,3.649,-85.7390500,34.4633000,city_centroid
3192,66410,SIBLEY FOOD FUEL,US-72/SR-20 & CR-150,Courtland,AL,615,3.399,-87.3143000,34.6719000,city_centroid
3193,66416,DUCK THRU FOOD STORE #18,US-13,Winton,NC,130,3.56233333,-76.9360000,36.3826000,city_centroid
3194,66420,PILOT TRAVEL CENTER #911,I-90 EXIT 47,Superior,MT,820,3.559,-114.8885000,47.1721000,city_centroid
3195,66422,PLAQUEMINE TRUCK STOP,ST 1,Plaquemine,LA,600,3.999,-91.2433500,30.2787500,city_centroid
3197,66425,CLARK OIL #31,"I-10, EXIT 44",Biloxi,MS,620,2.849,-88.9500833,30.4227167,city_centroid
3198,66428,SHELL,US-167,Hensley,AR,695,3.589,-92.2758000,34.5208000,city_centroid
3199,66437,PILOT #4596,"I-81, EXIT 4",White Pine,TN,405,3.699,-83.2998000,36.0776000,city_centroid
3200,66439,JACK FLASH,I-55,Farmersville,IL,574,3.259,-89.6170000,39.4401000,city_centroid
3201,66439,JACK FLASH,I-55,Farmersville,IL,574,3.199,-89.6170000,39.4401000,city_centroid
3203,66447,CIRCLE K #4701207,"U-55, EXIT 220",Dwight,IL,399,3.349,-88.4159000,41.0887000,city_centroid
3204,66448,HAMMOND TRAVEL CENTER,"I-55, EXIT 31B & US-190/SR-3260",Hammond,LA,600,3.099,-90.4752250,30.5072000,city_centroid
3205,66449,CITGO,"I-55, EXIT 67",Blytheville,AR,435,3.389,-89.9190000,35.9273000,city_centroid
3206,66451,EZ MART #304,M-57,Middleton,MI,406,3.699,-84.7552000,43.1689000,city_centroid
3207,66454,Fast Stop Shell,I-10,Reserve,LA,600,3.799,-90.5518000,30.0603000,city_centroid
3208,66456,TEXACO #383124,SR-70,Saint James,LA,623,2.969,-90.8605000,30.0276000,city_centroid
3209,66460,CASH MAGIC BROUSSARD NORTH,"I-49, EXIT 103",Broussard,LA,600,3.399,-91.9502000,30.1219000,city_centroid
3210,66461,YESWAY #1167,US-62 & CR-41/CR-168,Ropesville,TX,700,3.04066666,-102.1584000,33.4575000,city_centroid
3211,66465,Knapp Truck Stop,"I-64, EXIT 50 & SR-127",Nashville,IL,574,3.299,-89.3841000,38.3352000,city_centroid
3212,66470,CIRCLE K #9068,"I-65, EXIT 181",Millbrook,AL,720,3.21566666,-86.3641000,32.4995000,city_centroid
3213,66472,DIAMOND #21,"I-65, EXIT 54",Atmore,AL,715,3.259,-87.4928000,31.0322667,city_centroid
3214,66474,FAMCO EXPRESS,"I-690, EXIT 8",Syracuse,NY,235,3.299,-76.1532455,43.0529500,city_centroid
3215,66475,SPEEDWAY #4346,SR-7,Calexico,CA,900,4.799,-115.5008500,32.6810500,city_centroid
3216,66478,LOVES TRAVEL STOP #175,"I-70, EXIT 187",Tecumseh,KS,553,3.289,-95.5379000,39.0217000,city_centroid
3217,66480,LOVES TRAVEL STOP #360,"I-65, EXIT 58 & SR-218 & SR-335",Horse Cave,KY,415,3.429,-85.8785000,37.1849000,city_centroid
3218,66487,COMPASS,"I-55, EXIT 282",La Grange,IL,290,3.549,-87.8689000,41.7842000,city_centroid
3219,66487,COMPASS,"I-55, EXIT 282",La Grange,IL,290,3.749,-87.8689000,41.7842000,city_centroid
3220,66488,HUCKS FOOD & FUEL #54,I-74,Farmer City,IL,280,3.339,-88.6634000,40.2447000,city_centroid
3221,66488,HUCKS FOOD & FUEL #54,I-74,Farmer City,IL,280,3.269,-88.6634000,40.2447000,city_centroid
3222,66495,SUPER SAVER EXPRESS,"I-10, EXIT 21",Sulphur,LA,690,2.999,-93.3780333,30.2280333,city_centroid
3223,66496,EXXON FUEL EXPRESS,"I-10/SR-8, EXIT 31 & SR-87",Milton,FL,155,3.999,-87.0856750,30.6413750,city_centroid
3224,66502,SHOP RITE #82,"I-10, EXIT 64",Jennings,LA,690,3.589,-92.6574000,30.2201000,city_centroid
3225,66504,COUNTRY BOYS COUNTRY STORE,"I-10, EXIT 813",Hankamer,TX,610,2.86566666,-94.5938000,29.8752000,city_centroid
3226,66507,ST IGNACE TRUCKSTOP,I-75,Saint Ignace,MI,287,3.799,-84.6978000,45.9985000,city_centroid
3227,66508,SAMS SUNOCO,I-75,Toledo,OH,550,3.399,-83.5728952,41.6706238,city_centroid
3228,66509,FOUR STAR FOOD MART,"I-75, EXIT 122",Lima,OH,411,3.144,-84.1222500,40.7473333,city_centroid
3229,66512,MARATHON #1554,"I-75, EXIT 21",Newport,MI,325,3.299,-83.2804000,41.9766000,city_centroid
3230,66512,MARATHON #1554,"I-75, EXIT 21",Newport,MI,325,3.399,-83.2804000,41.9766000,city_centroid
3231,66513,SUNRISE STORE,"I-75, EXIT 212",West Branch,MI,260,3.399,-84.2286000,44.2790000,city_centroid
3232,66513,SUNRISE STORE,"I-75, EXIT 212",West Branch,MI,260,3.199,-84.2286000,44.2790000,city_centroid
3233,66514,BIGFOOT TRAVEL CENTER,"I-75, EXIT 29",Hahira,GA,10,3.099,-83.3727000,30.9913000,city_centroid
3234,66516,ADEL TRUCK PLAZA,"I-75, EXIT 39",Adel,GA,10,2.999,-83.4213000,31.1251000,city_centroid
3235,66517,ADMIRAL PETROLEUM #5796,"I-75, EXIT 392",Sault Sainte Marie,MI,287,3.799,-84.2854000,46.4151000,city_centroid
3236,66518,Racetrac #2622,"I-75, EXIT 60",Valdosta,GA,75,3.03233333,-83.2727333,30.8447333,city_centroid
3237,66523,LOVES TRAVEL STOP #325,"I-75, EXIT 59 & SOUTHWELL BLVD",Tifton,GA,10,3.609,-83.5436000,31.4629000,city_centroid
3238,66525,BP,"I-76, EXIT 6",Luna Pier,MI,550,3.399,-83.4382000,41.8146000,city_centroid
3239,66525,BP,"I-76, EXIT 6",Luna Pier,MI,550,3.499,-83.4382000,41.8146000,city_centroid
3240,66527,TA EXPRESS #648,"I-76, EXIT 90A",Brush,CO,800,4.099,-103.6279000,40.2603000,city_centroid
3241,66528,GO MART FOOD STORE #99,US-50 & SR-14,Parkersburg,WV,430,3.489,-81.5168500,39.2498750,city_centroid
3242,66529,7-ELEVEN #36076,"I-77, EXIT 73 & US-421",Hamptonville,NC,65,2.899,-80.8137000,36.1242000,city_centroid
3243,66531,MIDWAY EXXON TRAVEL CENTER,"I-78, EXIT 16",Bethel,PA,70,3.359,-76.2742000,40.4808000,city_centroid
3244,66532,PETRO PLAZA,"I-78, EXIT 17",Hampton,NJ,115,3.26566666,-74.9622000,40.6774000,city_centroid
3245,66534,LOVES TRAVEL STOP #347,"I-70, EXIT 101 & SR-5",Boonville,MO,310,3.509,-92.7450000,38.9536000,city_centroid
3246,66537,BECKS EXPRESS MART #26,"I-80, EXIT 19",Geneseo,IL,270,3.269,-90.1711000,41.4688000,city_centroid
3247,66538,KUM & GO #0023,"I-80, EXIT 23",Neola,IA,486,3.15733333,-95.6794000,41.4564000,city_centroid
3248,66539,SOUTH RIDGE FARM MARKET,"I-80, EXIT 6",Clyde,OH,550,3.399,-82.9918000,41.3024000,city_centroid
3249,66547,OLD STONE JIFFY MART,"I-81, EXIT 321",Clear Brook,VA,60,3.599,-78.0988000,39.2655000,city_centroid
3250,66548,YESWAY #1156,US-84 & SR-289,Lubbock,TX,700,2.95066666,-101.8859000,33.5644895,city_centroid
3251,66550,CIRCLE K #2709663,"I-82, EXIT 730",Umatilla,OR,982,3.639,-119.3553000,45.8998000,city_centroid
3252,66552,GEM STOP,I-84,Marsing,ID,785,3.58566666,-116.8240000,43.5399000,city_centroid
3253,66553,JACKSONS FOOD STORE #83,"I-84, EXIT 304",Baker City,OR,982,3.599,-117.8344000,44.7749000,city_centroid
3254,66556,PILOT TRAVEL CENTER #899- SLIP IN,I-85,South Hill,VA,180,3.959,-78.1534000,36.7124000,city_centroid
3255,66560,Sunoco,"I-85, EXIT 11",Townville,SC,30,3.199,-82.8963000,34.5226000,city_centroid
3256,66562,TA EXPRESS FAIR PLAY,"I-85, EXIT 4",Fair Play,SC,16,3.209,-82.9854000,34.5112000,city_centroid
3257,66564,SPEEDWAY #6954,US-70,High Point,NC,65,3.049,-79.9933667,35.9862333,city_centroid
3258,66565,KWIK FILL #395,"I-86, EXIT 12",Jamestown,NY,240,4.499,-79.2396500,42.0949000,city_centroid
3259,66565,KWIK FILL #395,"I-86, EXIT 12",Jamestown,NY,240,4.469,-79.2396500,42.0949000,city_centroid
3260,66571,LEXINGTON GULF,"I-128, NORTH MASS PIKE",Lexington,MA,34,4.299,-71.2216000,42.4494500,city_centroid
3262,66579,GULF OIL LP #5010,"I-90, EXIT 2",Lee,MA,215,3.914,-73.2317000,42.2990000,city_centroid
3263,66582,PWI #807,"I-15, EXIT 163 & SR-99",Fillmore,UT,835,3.374,-112.3313000,38.9805000,city_centroid
3264,66584,MOAPA PAIUTE TRAVEL CENTER,"I-15, EXIT 75",Moapa,NV,910,3.33233333,-114.6585000,36.6753500,city_centroid
3265,66586,CIRCLE K #4707609,US-20 & SR-12,Sangerfield,NY,235,4.099,-75.3545000,42.9162000,city_centroid
3266,66588,CUBBYS #402,"I-90, EXIT 330",Mitchell,SD,530,3.149,-98.0298000,43.7094000,city_centroid
3267,66594,FRIENDLY GUS STORE #23,I-16/SR-19,Dublin,GA,85,3.399,-82.9265500,32.4997000,city_centroid
3268,66595,GULF OIL LP #5040,"I-90, EXIT 9",Charlton,MA,34,3.909,-71.9664000,42.1379000,city_centroid
3269,66597,BP,"I-16, EXIT 90 & US-1",Twin City,GA,195,3.78233333,-82.1979000,32.6129000,city_centroid
3270,66598,WOODSHED LL,I-166 & I-169,S Coffeyville,OK,307,3.099,-95.6065000,36.9837000,city_centroid
3271,66601,LOVES TRAVEL STOP #323,"I-69, EXIT 264 & SR-18",Marion,IN,457,3.57566666,-85.6678500,40.5551000,city_centroid
3272,66603,COFFEE CUP FUEL STOP #7,"I-90, EXIT 406 & SR-11",Brandon,SD,530,2.97733333,-96.5860000,43.5926000,city_centroid
3273,66604,GALLOPS,"I-90, I-80, EXIT 40",La Porte,IN,370,3.549,-86.7088000,41.5492000,city_centroid
3274,66606,BART INDUSTRIES,"I-91, EXIT 6",Bellows Falls,VT,215,3.709,-72.4664000,43.1482000,city_centroid
3275,66607,7-ELEVEN #37392,"I-93, EXIT 5",Londonderry,NH,34,3.799,-71.3772000,42.8656000,city_centroid
3276,66608,CASEYS #2650,I-94/US-52 EXIT 135 & CR-173,Melrose,MN,522,3.179,-94.8198000,45.6582000,city_centroid
3277,66612,STOP N GO #1709,"I-94, EXIT 105",Hixton,WI,295,3.23733333,-91.0442000,44.4038000,city_centroid
3278,66613,LOVES TRAVEL STOP #362,"I-10, EXIT 7 & SR-3063",Vinton,LA,690,3.30566666,-93.5728000,30.2015000,city_centroid
3281,66615,KWIK TRIP #396,"I-94, EXIT 295",Waukesha,WI,444,3.399,-88.2544750,42.9938500,city_centroid
3282,66618,CIRCLE K #2723378,I-95,Sumter,SC,42,3.159,-80.3629750,33.9100750,city_centroid
3283,66620,Shell,"I-95, EXIT 130",Ashland,VA,180,3.264,-77.4784000,37.7395000,city_centroid
3284,66622,DUNCAN TRUCK STOP,"I-95, EXIT 15",Jersey City,NJ,115,3.409,-74.0665667,40.7275333,city_centroid
3285,66624,Sunoco,"I-95, EXIT 25",Croydon,PA,160,3.659,-74.8991000,40.0933000,city_centroid
3286,66625,EXIT 43 QUICK STOP,"I-95, EXIT 43",Richmond,ME,170,3.76566666,-69.8211000,44.1042000,city_centroid
3287,66628,Chevron,"I-95, EXIT 5 & US-17",Hardeeville,SC,42,3.00733333,-81.0669000,32.2635000,city_centroid
3288,66631,SPEEDWAY #3589,I-96,Lake Odessa,MI,342,3.599,-85.1357000,42.7863000,city_centroid
3289,66632,SHELL FOOD MART AND TRUCKSTOP,I-985,Gainesville,GA,16,3.399,-83.8630400,34.3080600,city_centroid
3290,66635,C BARN,US-67,Park Hills,MO,540,3.049,-90.4885000,37.8498000,city_centroid
3291,66637,BERKLYS TRAVEL CENTER,US-281,Round Mountain,TX,595,3.31566666,-98.4365000,30.4429000,city_centroid
3292,66640,Kent Kwik #928,US-82/SR-6 & SR-5/SR-25,Brent,AL,615,3.099,-87.2114000,32.9357000,city_centroid
3293,66643,DEERFIELD TRAVEL CENTER,"I-55, EXIT 8",Steele,MO,275,2.97566666,-89.8346000,36.0915000,city_centroid
3294,66645,ALLSUPS #2390,"I-20/US-84, EXIT 270",Merkel,TX,575,2.87566666,-99.9924000,32.4444000,city_centroid
3295,66648,CHEVRON,"I-20, EXIT 113",Bessemer,AL,615,3.099,-86.9837000,33.4360000,city_centroid
3296,66649,CHOCTAW TRAVEL PLAZA #637,US-59 & CR-E1452,Heavener,OK,645,3.299,-94.6185000,34.8353000,city_centroid
3297,66659,MARATHON,SR-37,Mitchell,IN,415,3.599,-86.4761000,38.7426000,city_centroid
3298,66664,CASEYS #3294,"I-380/SR-27, EXIT 43 & SR-150",Urbana,IA,380,3.449,-91.8881000,42.2365000,city_centroid
3299,66667,CIRCLE K #4701408,"I-36, EXIT 99",Rochelle,IL,520,3.499,-89.0710000,41.9282000,city_centroid
3302,66670,SPEEDWAY #7930,"I-40, 1126 N MAIN ST",Lillington,NC,63,3.759,-78.9212000,35.3320000,city_centroid
3303,66671,CIRCLE K #2723686,US-72,Scottsboro,AL,285,3.26566666,-86.0992000,34.6843500,city_centroid
3304,66673,MARATHON,SR-72,Huntsville,AL,615,2.979,-86.6080733,34.7190667,city_centroid
3305,66676,HUTCH'S #118,"I-40, EXIT 108",Watonga,OK,483,3.099,-98.4175000,35.8538000,city_centroid
3306,66678,NKS ROYAL TRUCKSTOP,"I-40, EXIT 16",Gallup,NM,580,3.119,-108.7515000,35.4948333,city_centroid
3307,66680,BIG TOP TRAVEL CENTER,"I-20, EXIT 157",Delhi,LA,760,2.969,-91.4714000,32.3929000,city_centroid
3308,66683,SUPERSTOP Shell,"I-40, EXIT 192",Stuttgart,AR,695,3.41566666,-91.5487000,34.4854000,city_centroid
3309,66689,ROSCOE TRAVEL PLAZA,"I-20, EXIT 235",Roscoe,TX,575,2.759,-100.5391000,32.4276000,city_centroid
3310,66693,Allsup Marketplace #2400,"I-40, EXIT 356",San Jon,NM,585,3.059,-103.2846000,35.1198000,city_centroid
3311,66705,7-ELEVEN,"I-44, EXIT 1/US-287",Wichita Falls,TX,770,2.76066666,-98.5046375,33.9061500,city_centroid
3312,66709,CIRCLE K #2709343,"I-24, EXIT 169",Wildwood,GA,285,3.14566666,-85.4305000,34.9779000,city_centroid
3313,66715,7-Eleven #34210,"I-25/US-87, EXIT 240 & SR-119",Longmont,CO,800,3.189,-105.0789000,40.1579000,city_centroid
3314,66717,Fast Stop Travel Centers #1131,"I-25/US-87, EXIT 80",Wheatland,WY,795,3.499,-104.9679000,42.0495000,city_centroid
3316,66720,MOUNTAIN ENERGY #126,"I-26, EXIT 13",Hendersonville,NC,210,2.84566666,-82.4887500,35.3299000,city_centroid
3317,66721,USA SPEEDTRAC,"I-49US-167, EXIT 11",Grand Coteau,LA,730,3.399,-92.0462000,30.4201000,city_centroid
3319,66728,CIRCLE K #2723706,"I-81/US-52, EXIT 72 & I-77, EXIT 41",Wytheville,VA,185,3.349,-81.0941000,36.9407000,city_centroid
3320,66734,Marathon,"I-675, Exit 7",Ellenwood,GA,18,3.009,-84.2939000,33.6166000,city_centroid
3321,66737,THE JUNCTION,US-59 & US-73,Atchison,KS,400,3.279,-95.1304000,39.5594000,city_centroid
3322,66738,TREX MART #9,I-29,Dearborn,MO,400,2.999,-94.7664000,39.5172000,city_centroid
3323,66739,ZIP TRIP #64,I-29,Brookings,SD,530,3.399,-96.7910500,44.3376500,city_centroid
3324,66741,DEANS LANE VALERO,I-295,Monmouth Junction,NJ,230,3.14566666,-74.5558000,40.3869000,city_centroid
3325,66742,DEEP WATER TRUCK STOP,"I-295, EXIT 2C",Penns Grove,NJ,230,3.279,-75.4495000,39.6994000,city_centroid
3326,66746,CASEYS #4246,"I-30, EXIT 123",Bryant,AR,695,3.03233333,-92.4905000,34.6013500,city_centroid
3327,66747,LOVES TRAVEL STOP #322,"I-90, EXIT 3",Roscoe,IL,290,3.789,-88.9943000,42.4217000,city_centroid
3328,66749,BIG RIVER #18,"I-310 EXIT 2, & US-61",Saint Rose,LA,725,3.099,-90.3124000,29.9581000,city_centroid
3329,66750,LOVES TRAVEL STOP #177,I-35,El Dorado,KS,336,3.25566666,-96.8543000,37.8226000,city_centroid
3330,66751,FAST N FRIENDLY,"I-35, EXIT 132",Emporia,KS,336,3.65733333,-96.1871000,38.4184000,city_centroid
3331,66756,CASEYS #2550,"I-35, EXIT 33 & US-34",Osceola,IA,320,3.339,-93.7712000,41.0295000,city_centroid
3332,66760,LOVES TRAVEL STOP #326,I-26 EXIT 154A,Orangeburg,SC,135,3.389,-80.8660750,33.5144250,city_centroid
3333,66761,SPEEDWAY #4589,US-501 & SR-90,Conway,SC,205,3.064,-79.0248295,33.8195625,census
3334,66762,EXXON TIGER MART #44,"US-45, EXIT 249",Ennis,TX,637,3.099,-96.6279500,32.3334000,city_centroid
3335,66763,SPEEDWAY #7998,US-52 & US-74,Wadesboro,NC,46,3.64566666,-80.0913250,34.9780440,census
3336,66765,STRIPES #40736,US-77/US-83,Olmito,TX,598,2.999,-97.5496000,26.0353000,city_centroid
3337,66767,SPRINT MART #49,"I-22/US-78, EXIT 87 & SR-811",Tupelo,MS,742,2.99233333,-88.7345000,34.2395500,city_centroid
3338,66769,PETRO STOPPING CENTER #344,"I-95, EXIT 3",Kingsland,GA,75,3.649,-81.7075000,30.7977000,city_centroid
3339,66771,FLYING J TRAVEL PLAZA #727,"I-69C/US-281, EXIT 8 & FM-1925",Edinburg,TX,639,3.084,-98.1750500,26.3737750,city_centroid
3340,66773,STRIPES 7FLEET #42475,US-62,Hobbs,NM,700,3.459,-103.1621000,32.7457000,city_centroid
3341,66774,Clark #4667,"I-80/I-90, EXIT 39 & SR-109",Delta,OH,550,3.699,-83.9866000,41.5577000,city_centroid
3342,66775,GO MART,US-33 & CR-116,Rockbridge,OH,315,3.499,-82.5626000,39.5509000,city_centroid
3343,66776,S&G #77,US-224 & US-23,Alvada,OH,411,3.259,-83.4011790,41.0819940,census
3344,66778,LOVES TRAVEL STOP #169,"I-44, EXIT 179 & US-377/SR-99",Stroud,OK,560,3.144,-96.6719000,35.7398000,city_centroid
3345,66780,DIAMOND #20,"I-65, EXIT 93 & SR-84",Evergreen,AL,720,3.399,-86.9258000,31.4580000,city_centroid
3346,66784,Texaco #384529,US-80/SR-8 & SR-14,Selma,AL,720,3.299,-87.0197000,32.4142333,city_centroid
3347,66785,WINFIELD TRUCK STOP,SR-129,Winfield,AL,615,3.659,-87.7972000,33.9303000,city_centroid
3348,66786,Circle K #2741791,"I-40, EXIT 175 & SR-31",Lonoke,AR,695,3.139,-91.9214000,34.7832000,city_centroid
3349,66787,TEXACO,"I-59, EXIT 67B",Hattiesburg,MS,620,3.06566666,-89.3403000,31.2882750,city_centroid
3350,66788,CIRCLE K #4703626,"I-75, EXIT 60 & SR-68",Sweetwater,TN,285,3.289,-84.4610000,35.6015000,city_centroid
3352,66795,FUEL MART #645,"I-90, EXIT 353",Spencer,SD,530,3.499,-97.5936000,43.7557000,city_centroid
3353,66796,ROYAL FARMS #109,US-13 & SR-404,Bridgeville,DE,243,3.259,-75.6088000,38.7366000,city_centroid
3354,66799,ONE9 #1403,"I-75/SR-93, EXIT 451 & US-129",Jasper,FL,10,3.259,-82.9322000,30.5029000,city_centroid
3355,66799,SHELL DBA ONE9 #1403,"I-75/SR-93, EXIT 451 & US-129",Jasper,FL,10,3.244,-82.9322000,30.5029000,city_centroid
3357,66801,SUNSTOP #330,"I-75, EXIT 460 & SR-6",Jennings,FL,75,3.299,-83.1350000,30.5482000,city_centroid
3358,66802,MOBIL,US-27 & SR-66,Sebring,FL,140,3.459,-81.4281600,27.4689600,city_centroid
3359,66803,Stripes,FM-2061 & FM-3072,Pharr,TX,639,3.16566666,-98.1870000,26.1771000,city_centroid
3360,66804,PWI #586,"I-80, EXIT 104 & US-191",Rock Springs,WY,835,3.199,-109.2164500,41.5967500,city_centroid
3361,66805,CIRCLE K #2723553,US-27,Ringgold,GA,285,3.07566666,-85.1549000,34.9205000,city_centroid
3363,66809,CASEYS #3449,SR-78,Wapello,IA,380,3.349,-91.1719000,41.2070000,city_centroid
3364,66810,QUICK FUEL #3145,SR-83,Bensenville,IL,290,3.509,-87.9425500,41.9525500,city_centroid
3365,66810,QUICK FUEL #3145,SR-83,Bensenville,IL,290,3.449,-87.9425500,41.9525500,city_centroid
3366,66810,QUICK FUEL #3145,SR-83,Bensenville,IL,290,3.539,-87.9425500,41.9525500,city_centroid
3367,66812,FAMILY EXPRESS #47 (DISCOUNT AVAILABLE),"I-65, EXIT 201 & US-24/US-231",Remington,IN,375,3.55233333,-87.1599000,40.7667000,city_centroid
3368,66813,MCCLURE OIL #59,I-69 EXIT 259,Gas City,IN,457,3.639,-85.6055000,40.4879000,city_centroid
3369,66815,MAXS #132,US-641 N,Murray,KY,490,3.399,-88.3032000,36.6099000,city_centroid
3370,66816,CIRCLE K #4707082,"I-95, EXIT 132 & SR-139",Fairfield,ME,170,3.899,-69.6802000,44.6463000,city_centroid
3371,66817,JOLLY TRUCK STOP,US-82/US-287,Wichita Falls,TX,770,2.899,-98.5046375,33.9061500,city_centroid
3372,66819,ROAD RANGER #265,"I-88, EXIT 54",Dixon,IL,520,3.499,-89.4893000,41.8478000,city_centroid
3373,66819,ROAD RANGER #265,"I-88, EXIT 54",Dixon,IL,520,3.479,-89.4893000,41.8478000,city_centroid
3374,66820,CM BREAUX BRIDGE,"I-10, EXIT 109",Breaux Bridge,LA,600,3.299,-91.8296000,30.2948000,city_centroid
3375,66821,DENTON GOOSE CREEK,SR-404/SR-619,Denton,MD,194,3.259,-75.8357000,38.8595000,city_centroid
3376,66822,WILD BILL'S,I-78,Sherman,MS,435,2.919,-88.8351000,34.3575000,city_centroid
3377,66824,STRIPES #42435,US-87/US-277,San Angelo,TX,740,2.799,-100.4454800,31.4593600,city_centroid
3378,66833,STRIPES #5148,US-281,Pharr,TX,639,3.399,-98.1870000,26.1771000,city_centroid
3379,66834,ROAD RANGER #186,"I-39/US-51, EXIT 27 & SR-2/CR-2200",Minonk,IL,280,3.339,-89.0349000,40.8985000,city_centroid
3380,66834,ROAD RANGER #186,"I-39/US-51, EXIT 27 & SR-2/CR-2200",Minonk,IL,280,3.439,-89.0349000,40.8985000,city_centroid
3381,66834,ROAD RANGER #186,"I-39/US-51, EXIT 27 & SR-2/CR-2200",Minonk,IL,280,3.449,-89.0349000,40.8985000,city_centroid
3382,66838,RUTTERS #96,US-322 & SR-655,Milroy,PA,14,4.05066666,-77.5567000,40.7203000,city_centroid
3384,66844,CIRCLE K #2706984,US-77 & CR-1356,Kingsville,TX,625,2.82233333,-97.8484000,27.4694000,city_centroid
3385,66845,CIRCLE K #2723643,SR-431,Dothan,AL,20,3.58233333,-85.3996200,31.2027600,city_centroid
3386,66846,CIRCLE K #2723664,US-280,Childersburg,AL,615,3.899,-86.3641000,33.2459000,city_centroid
3387,66847,CIRCLE K #2723667,"I-20, EXIT 185 & SR-21",Oxford,AL,615,2.999,-85.8328000,33.5815000,city_centroid
3388,66848,CIRCLE K #2723695,"I-55, EXIT 265",Senatobia,MS,435,3.199,-89.8855000,34.6323000,city_centroid
3389,66850,Stripes,ST 77,Riviera,TX,625,3.12566666,-97.7787000,27.3217000,city_centroid
3390,66853,LOVES TRAVEL STOP #327,US-77 & FM-1898,Kingsville,TX,625,3.15566666,-97.8484000,27.4694000,city_centroid
3391,66854,TA WAPAKONETA TRAVEL CENTER,"I-75, EXIT 111",Wapakoneta,OH,411,3.28233333,-84.1774000,40.5690000,city_centroid
3392,66856,Speedway #4800,"I-94, EXIT 183",Clearwater,MN,453,3.199,-94.0452000,45.3877000,city_centroid
3393,66858,LOVES TRAVEL STOP #328,"I-10, EXIT 162",Chandler,AZ,930,3.469,-111.8502375,33.2925875,city_centroid
3394,66862,LOVES TRAVEL STOP #330,I-40 EXIT 280 & SR-56,Baxter,TN,460,3.234,-85.6378000,36.1249000,city_centroid
3395,66863,101 TRAVEL PLAZA,"I-40, EXIT 101 & SR-104",Cedar Grove,TN,435,2.999,-88.5517000,35.8613000,city_centroid
3396,66865,FLYING J FUEL STOP #741,US-287/US-281/US-82 & SR-473,Wichita Falls,TX,770,3.12566666,-98.5046375,33.9061500,city_centroid
3397,66867,KWIK STAR #212,"US-61, EXIT 156",Maquoketa,IA,335,3.624,-90.6771000,42.0778000,city_centroid
3398,66868,STRIPES #40604,US-83,Mission,TX,639,2.88233333,-98.3320667,26.2761667,city_centroid
3399,66869,SPEEDWAY #4630,US-220 BUS & CR-782,Ridgeway,VA,185,3.409,-79.8686000,36.5874000,city_centroid
3400,66870,PETRO STOPPING CENTER NAPOLEON,"US-24/US-6/CR-3, EXIT 41",Napoleon,OH,550,3.70566666,-84.1433000,41.3910000,city_centroid
3401,66874,FLYING J TRAVEL PLAZA #733,"I-27, EXIT 4 & US-82",Lubbock,TX,700,3.33233333,-101.8859000,33.5644895,city_centroid
3402,66876,PILOT TRAVEL CENTERS #156,SR-1633 & SR-813 & SR-9004,Mortons Gap,KY,490,3.629,-87.4615000,37.2490000,city_centroid
3403,66877,PILOT TRAVEL CENTER #916- TOWN PUMP,US-93 & US-12,Lolo,MT,820,3.609,-114.1097000,46.7585000,city_centroid
3404,66878,PILOT TRAVEL CENTER #915- TOWN PUMP,"I-90, EXIT 455",Billings,MT,780,3.58066666,-108.5363667,45.8148833,city_centroid
3405,66879,TA EXPRESS,"I-40, EXIT 101",Atkins,AR,695,3.34066666,-92.9507000,35.2449000,city_centroid
3406,66880,LOVES TRAVEL STOP #324,I-80 EXIT 242 & SR 339,Mifflinville,PA,138,3.96566666,-76.3080000,41.0323000,city_centroid
3407,66881,PLAZAGO TRUCKSTOP,US-50/SR-61 & SR-96/SR-14,South Hutchinson,KS,570,3.269,-97.9431000,38.0282000,city_centroid
3408,66888,LOVES TRAVEL STOP #334,"I-84, EXIT 211 & US-30/SR-24",Heyburn,ID,785,3.89233333,-113.7709000,42.5599000,city_centroid
3409,66890,CASEYS #4223,US-25E,Middlesboro,KY,405,3.489,-83.7231000,36.6172000,city_centroid
3410,66892,LOVES TRAVEL STOP #336,"I-94, EXIT 112",Marshall,MI,385,3.489,-84.9583000,42.2720000,city_centroid
3411,66892,LOVES TRAVEL STOP #336,"I-94, EXIT 112",Marshall,MI,385,3.569,-84.9583000,42.2720000,city_centroid
3412,66892,LOVES TRAVEL STOP #336,"I-94, EXIT 112",Marshall,MI,385,3.589,-84.9583000,42.2720000,city_centroid
3413,66892,LOVES TRAVEL STOP #336,"I-94, EXIT 112",Marshall,MI,385,3.649,-84.9583000,42.2720000,city_centroid
3414,66893,ONE9 #1291,US-287 & CR-174,Bowie,TX,770,2.91233333,-97.8373000,33.5568000,city_centroid
3415,66894,PILOT TRAVEL CENTERS #259,US-69,Muskogee,OK,560,3.32233333,-95.3840000,35.7370333,city_centroid
3416,66895,TA Express Tonkawa,"I-35, EXIT 40 & US-60",Tonkawa,OK,500,3.294,-97.3063000,36.6806000,city_centroid
3417,66897,FLYING J TRAVEL PLAZA #604,"I-65, EXIT 158",Hope Hull,AL,720,3.309,-86.3932000,32.2243000,city_centroid
3418,66898,PILOT TRAVEL CENTERS #384,"I-95, EXIT 58",Colonial Heights,VA,180,3.799,-77.4038000,37.2700000,city_centroid
3419,66899,LOVES TRAVEL STOP #333,"I-77, EXIT 83",Fort Mill,SC,46,3.38066666,-80.9302250,35.0114250,city_centroid
3420,66900,DODGE CITY PETRO #397,"I-65, EXIT 299 & SR-69",Hanceville,AL,615,3.919,-86.7848000,34.0516000,city_centroid
3421,66902,CIRCLE K #4707239,SR-103,Warner,NH,170,3.93233333,-71.8353000,43.3035000,city_centroid
3422,66905,CIRCLE K #4707212,SR-27,Raymond,NH,170,3.759,-71.1912000,43.0325000,city_centroid
3423,66906,LOVES TRAVEL STOP #331,"I-45, EXIT 272",Hutchins,TX,630,3.10233333,-96.7070000,32.6396000,city_centroid
3424,66908,CIRCLE K #2723708,"I-81, EXIT 77",Wytheville,VA,65,3.36566666,-81.0941000,36.9407000,city_centroid
3425,66911,LOVES TRAVEL STOP #343,"I-20 & I-59, EXIT 165",Toomsuba,MS,705,3.009,-88.4892000,32.4296000,city_centroid
3426,66912,LOVES TRAVEL STOP #335,"I-15, EXIT 62 & SR-130",Cedar City,UT,910,3.677,-113.0619000,37.6775000,city_centroid
3427,66912,LOVES TRAVEL STOPS #335,"I-15, EXIT 62 & SR-130",Cedar City,UT,910,3.649,-113.0619000,37.6775000,city_centroid
3428,66914,FLYING J TRAVEL PLAZA #683,"I-95, EXIT 106",Kenly,NC,205,3.709,-78.1382000,35.6077000,city_centroid
3429,66915,CIRCLE K #2723716,"I-81, EXIT 84",Max Meadows,VA,185,3.46233333,-80.9244000,36.9056000,city_centroid
3430,66918,MINIT MART #647,"I-39, EXIT 35 & SR-17",Wenona,IL,280,3.549,-89.0416000,41.0548000,city_centroid
3431,66918,MINIT MART #647,"I-39, EXIT 35 & SR-17",Wenona,IL,280,3.499,-89.0416000,41.0548000,city_centroid
3433,66921,LOVES TRAVEL STOP #338,"I-95/SR-405, EXIT 90 & SR-144",Richmond Hill,GA,195,3.364,-81.2940000,31.8962000,city_centroid
3434,66922,LOVES TRAVEL STOPS #339,"I-20, EXIT 115 & FM-1882",Odessa,TX,710,3.549,-102.3777500,31.8486000,city_centroid
3435,66922,LOVES TRAVEL STOP #339,"I-20, EXIT 115 & FM-1882",Odessa,TX,710,3.549,-102.3777500,31.8486000,city_centroid
3436,66923,LOVES TRAVEL STOP #765,"I-85, EXIT 147",Commerce,GA,16,3.21066666,-83.4357667,34.1952333,city_centroid
3437,66925,FLYING J TRAVEL PLAZA #714,"I-77, EXIT 73",Rock Hill,SC,46,3.399,-81.0801667,34.9586000,city_centroid
3438,66927,PILOT TRAVEL CENTER #41,I-64 EXIT 113 SE QUAD,Mount Sterling,KY,410,3.759,-83.9388000,38.0548000,city_centroid
3439,66927,PILOT TRAVEL CENTERS #41,I-64 EXIT 113 SE QUAD,Mount Sterling,KY,410,3.769,-83.9388000,38.0548000,city_centroid
3441,66929,FLYING J TRAVEL PLAZA #642,"I-255, EXIT 17",East Saint Louis,IL,540,3.599,-90.1252714,38.6060429,city_centroid
3442,66929,FLYING J TRAVEL PLAZA #642,"I-255, EXIT 17",East Saint Louis,IL,540,3.499,-90.1252714,38.6060429,city_centroid
3443,66929,FLYING J TRAVEL PLAZA #642,"I-255, EXIT 17",East Saint Louis,IL,540,3.389,-90.1252714,38.6060429,city_centroid
3444,66929,FLYING J TRAVEL PLAZA #642,"I-255, EXIT 17",East Saint Louis,IL,540,3.699,-90.1252714,38.6060429,city_centroid
3445,66931,CASEYS #3896,"I-380, EXIT 35",Center Point,IA,380,3.449,-91.7758000,42.1898000,city_centroid
3446,66932,CIRCLE K #4701444,US-34 & SR-164,Monmouth,IL,345,3.449,-90.6448000,40.9107000,city_centroid
3447,66932,CIRCLE K #4701444,US-34 & SR-164,Monmouth,IL,345,3.399,-90.6448000,40.9107000,city_centroid
3448,66935,FRANCIS CREEK TRAVEL PLAZA,SR-41,Francis Creek,WI,444,3.384,-87.7200000,44.2000000,city_centroid
3449,66937,LOVES TRAVEL STOP #341,"I-44, EXIT 189",Rolla,MO,540,3.30066666,-91.7658000,37.9499500,city_centroid
3450,66939,KWIK TRIP #416,SR-172 & CR-GV,De Pere,WI,582,3.39066666,-88.0806000,44.4388000,city_centroid
3451,66941,PILOT TRAVEL CENTERS #367,"I-30, EXIT 87 & 88",Caddo Mills,TX,630,3.169,-96.2391000,33.0683000,city_centroid
3452,66942,MAVERIK COUNTRY STORE #612,"I-15, EXIT 362",Brigham City,UT,835,3.449,-112.0152000,41.5079000,city_centroid
3453,66944,LOVES TRAVEL STOPS #316,"I-95, EXIT 273 & US-1",Ormond Beach,FL,75,3.489,-81.0675000,29.2971000,city_centroid
3454,66944,LOVES TRAVEL STOP #316,"I-95, EXIT 273 & US-1",Ormond Beach,FL,75,3.477,-81.0675000,29.2971000,city_centroid
3455,66945,PILOT TRAVEL CENTERS #159,"I-64, EXIT 211",Providence Forge,VA,180,3.899,-77.0436000,37.4418000,city_centroid
3456,66948,CIRCLE K #4707618,"I-481, EXIT 8 & CR-82",East Syracuse,NY,220,3.799,-76.0558000,43.0734000,city_centroid
3457,66951,BERKLYS TRAVEL CENTER #3,US-377/US-87,Brady,TX,575,3.61566666,-99.3372000,31.1509000,city_centroid
3458,66953,LOVES TRAVEL STOP #355,"I-65, EXIT 16",Memphis,IN,415,3.949,-85.7775000,38.4642000,city_centroid
3460,66955,LOVES TRAVEL STOP #349,"I-8, EXIT 3",Yuma,AZ,900,3.50233333,-114.5585400,32.6805400,city_centroid
3461,66956,LOVES TRAVEL STOP #348,"I-69/I-24, EXIT 27 & US-62",Calvert City,KY,490,3.689,-88.3811000,37.0147000,city_centroid
3462,66957,LOVES TRAVEL STOP #346,I-65 EXIT 46 & SR-99,Columbia,TN,460,3.789,-87.0366500,35.6153500,city_centroid
3463,66959,PILOT TRAVEL CENTERS #388,"I-20 & I-59, EXIT 151",Meridian,MS,705,2.979,-88.6704429,32.4154143,city_centroid
3464,66961,CIRCLE K #2707020,"I-4, EXIT 32 & US-98/SR-700/SR-35",Lakeland,FL,225,3.414,-81.9670364,28.0435273,city_centroid
3465,66962,PILOT TRAVEL CENTERS #242,"I-74, EXIT 109",Shelbyville,IN,375,3.999,-85.7875000,39.5043000,city_centroid
3466,66962,PILOT TRAVEL CENTER #242,"I-74, EXIT 109",Shelbyville,IN,375,3.999,-85.7875000,39.5043000,city_centroid
3467,66963,SPARTA TRAVEL CENTER,"I-90, EXIT 28",Sparta,WI,420,3.179,-90.8146000,43.9540000,city_centroid
3468,66964,PILOT TRAVEL CENTERS #239,US-30/US-23,Upper Sandusky,OH,411,3.899,-83.2977000,40.8249000,city_centroid
3469,66965,EATONTON TRAVEL CENTER,US-441/US/129/SR-24,Eatonton,GA,67,3.249,-83.3699000,33.3215500,city_centroid
3470,66966,LOVES TRAVEL STOP #352,I-71 EXIT 65,Jeffersonville,OH,315,3.42233333,-83.5687000,39.6590000,city_centroid
3471,66968,FLYING J TRAVEL PLAZA #675,US-136 & SR-27,Wayland,MO,345,3.30566666,-91.5842000,40.4001000,city_centroid
3472,66972,PETRO STOPPING CENTER #339,"I-90, EXIT 272",Spokane,WA,970,3.999,-117.3770882,47.6718765,city_centroid
3473,66972,PETRO STOPPING CENTER #339,"I-90, EXIT 272",Spokane,WA,970,3.959,-117.3770882,47.6718765,city_centroid
3474,66987,LOVES TRAVEL STOP #354,"US-78 & I-20, EXIT 172",Thomson,GA,135,3.849,-82.4942000,33.4774000,city_centroid
3475,66993,PILOT TRAVEL CENTERS #198,US-30 & US-31,Plymouth,IN,465,3.869,-86.3015000,41.3530000,city_centroid
3476,66993,PILOT TRAVEL CENTER #198,US-30 & US-31,Plymouth,IN,465,3.859,-86.3015000,41.3530000,city_centroid
3477,66994,PILOT TRAVEL CENTERS #303,US-24/US-6 & SR-108,Napoleon,OH,550,3.71066666,-84.1433000,41.3910000,city_centroid
3478,66995,PILOT TRAVEL CENTERS #322,"I-86, EXIT 37",Bath,NY,190,4.499,-77.3028000,42.3575000,city_centroid
3479,66997,LOVES TRAVEL STOP #289,"I-20, EXIT 49 & SR-531",Minden,LA,745,3.149,-93.2877000,32.6238500,city_centroid
3480,67008,TA ST LOUIS EAST TRAVEL CENTER,"I-55, EXIT 18",Troy,IL,574,3.439,-89.8708000,38.7243000,city_centroid
3481,67008,TA ST LOUIS EAST TRAVEL CENTER,"I-55, EXIT 18",Troy,IL,574,3.619,-89.8708000,38.7243000,city_centroid
3482,67008,TA ST LOUIS EAST TRAVEL CENTER,"I-55, EXIT 18",Troy,IL,574,3.629,-89.8708000,38.7243000,city_centroid
3483,67008,TA ST LOUIS EAST TRAVEL CENTER,"I-55, EXIT 18",Troy,IL,574,3.489,-89.8708000,38.7243000,city_centroid
3484,67008,TA ST LOUIS EAST TRAVEL CENTER,"I-55, EXIT 18",Troy,IL,574,3.379,-89.8708000,38.7243000,city_centroid
3485,67009,PILOT TRAVEL CENTERS #407,"I-35, EXIT 194",Clear Lake,IA,433,3.659,-93.3850000,43.1406000,city_centroid
3486,67009,PILOT TRAVEL CENTER #407,"I-35, EXIT 194",Clear Lake,IA,433,3.659,-93.3850000,43.1406000,city_centroid
3487,67030,LOVES TRAVEL STOP #337,"I-90 & I-35, EXIT 11",Albert Lea,MN,515,4.089,-93.3707000,43.6537000,city_centroid
3488,67034,LOVES TRAVEL STOP #356,"I-75, EXIT 167",North Baltimore,OH,550,3.34733333,-83.6806000,41.1867000,city_centroid
3489,67037,LOVES TRAVEL STOP #332,I-71 EXIT 204,Burbank,OH,305,3.689,-81.9958000,40.9637000,city_centroid
3490,67038,PILOT TRAVEL CENTERS #260,US-82/SR-520 & SR-300,Albany,GA,10,3.799,-84.1645889,31.5641444,city_centroid
3491,67038,PILOT TRAVEL CENTER #260,US-82/SR-520 & SR-300,Albany,GA,10,3.799,-84.1645889,31.5641444,city_centroid
3492,67039,ROAD RANGER #145,"I-44, EXIT 275",Fenton,MO,540,3.359,-90.4477000,38.5699000,city_centroid
3493,67040,FLYING J TRAVEL PLAZA #603,US-431/SR-210 & US-231/SR-1,Dothan,AL,20,3.999,-85.3996200,31.2027600,city_centroid
3494,67041,CIRCLE K #4707040,"I-95, EXIT 133 & US-201",Skowhegan,ME,170,3.72566666,-69.6976000,44.7772000,city_centroid
3495,67044,PILOT TRAVEL CENTER #1212,"I-10, EXIT 45",Salome,AZ,930,3.959,-113.5715000,33.7481000,city_centroid
3496,67044,PILOT #1212,"I-10, EXIT 45",Salome,AZ,930,3.959,-113.5715000,33.7481000,city_centroid
3497,67047,Circle K #2746490,"I-90, EXIT 332",Mitchell,SD,455,3.064,-98.0298000,43.7094000,city_centroid
3498,67051,PILOT TRAVEL CENTERS #208,"I-44, EXIT 257",Pacific,MO,540,3.324,-90.7480000,38.4922000,city_centroid
3500,67054,LOVES TRAVEL STOPS #436,"I-80, EXIT 118",Salt Lake City,UT,835,3.649,-111.8778419,40.7262129,city_centroid
3501,67054,LOVES TRAVEL STOP #436,"I-80, EXIT 118",Salt Lake City,UT,835,3.777,-111.8778419,40.7262129,city_centroid
3502,67055,FLYING J TRAVEL PLAZA #641,I-15,Mccammon,ID,825,3.749,-112.1758000,42.6336000,city_centroid
3503,67056,Arco,US-2 & US-59,Erskine,MN,355,3.399,-96.0122000,47.6618000,city_centroid
3504,67057,PILOT TRAVEL CENTERS #146,"I-90, EXIT 12",Castleton On Hudson,NY,12,3.999,-73.7071000,42.5376000,city_centroid
3505,67058,PILOT TRAVEL CENTERS #368,"I-72, EXIT 144",Decatur,IL,280,3.599,-88.9611400,39.8473400,city_centroid
3506,67058,PILOT TRAVEL CENTER #368,"I-72, EXIT 144",Decatur,IL,280,3.559,-88.9611400,39.8473400,city_centroid
3507,67058,PILOT TRAVEL CENTER #368,"I-72, EXIT 144",Decatur,IL,280,3.459,-88.9611400,39.8473400,city_centroid
3508,67058,PILOT TRAVEL CENTERS #368,"I-72, EXIT 144",Decatur,IL,280,3.499,-88.9611400,39.8473400,city_centroid
3509,67060,PILOT TRAVEL CENTERS #151,"I-5, EXIT 99NE",Olympia,WA,977,4.599,-122.9027500,47.0476250,city_centroid
3510,67063,PILOT TRAVEL CENTERS #330,"I-35, EXIT 184 SW",New Braunfels,TX,740,3.399,-98.1323333,29.7274667,city_centroid
3511,67064,LOVES TRAVEL STOP #385,"I-40, EXIT 101 & US-281",Hinton,OK,483,3.38566666,-98.3313000,35.4675000,city_centroid
3512,67065,TA GREENWOOD TRAVEL CENTER,"I-20, EXIT 5 & US-79",Greenwood,LA,745,3.16566666,-93.9730000,32.4429000,city_centroid
3513,67066,LOVES TRAVEL STOP #361,"I-80, EXIT 168",Newton,IA,320,3.76233333,-93.0455000,41.6992000,city_centroid
3514,67067,LOVES TRAVEL STOP #377,"I-76/US-6, EXIT 31 & SR-52",Hudson,CO,800,3.459,-104.6532000,40.0606000,city_centroid
3515,67069,FLYING J FUEL STOP #621,"I-70, EXIT 359 & US-24",Limon,CO,800,3.899,-103.6889000,39.2676000,city_centroid
3516,67069,FLYING J TRAVEL PLAZA #621,"I-70, EXIT 359 & US-24",Limon,CO,800,3.874,-103.6889000,39.2676000,city_centroid
3518,67071,FAS MART #5154,"I-270, EXIT 3 & SR-3",Hartford,IL,574,3.299,-90.0926000,38.8278000,city_centroid
3519,67071,FAS MART #5154,"I-270, EXIT 3 & SR-3",Hartford,IL,574,3.279,-90.0926000,38.8278000,city_centroid
3520,67073,PILOT TRAVEL CENTERS #81,"I-79, EXIT 99",Portersville,PA,165,4.259,-80.1390000,40.9468000,city_centroid
3521,67075,CM FOREST GOLD,SR-16,Amite,LA,600,3.399,-90.5090000,30.7266000,city_centroid
3522,67076,CASH MAGIC LUCKY MAGNOLIA,SR-63/SR-16,Denham Springs,LA,600,3.399,-90.8833000,30.4683333,city_centroid
3523,67077,CASH MAGIC BROUSSARD SOUTH,US-90,Broussard,LA,600,3.399,-91.9502000,30.1219000,city_centroid
3524,67078,CASH MAGIC SILVER FOX,SR-63/SR-16,Denham Springs,LA,600,3.399,-90.8833000,30.4683333,city_centroid
3525,67081,LOVES TRAVEL STOP #376,"I-85/SR-403, EXIT 28 & SR-54/SR-100",Hogansville,GA,18,3.689,-84.9309000,33.1644000,city_centroid
3526,67082,PILOT TRAVEL CENTERS #179,"I-81, EXIT 5-B",Hagerstown,MD,22,3.959,-77.7174750,39.6237250,city_centroid
3527,67085,PILOT TRAVEL CENTERS #210,"I-287, EXIT 66 & SR-17",Mahwah,NJ,105,3.899,-74.1752500,41.0928000,city_centroid
3528,67086,SPEEDWAY #7945,SR-24,Swansboro,NC,205,3.699,-77.1350000,34.6991000,city_centroid
3529,67087,SPEEDWAY #8189,"I-40, EXIT 408 & SR-210 & US-117",Rocky Point,NC,245,3.60566666,-77.9234000,34.4344000,city_centroid
3530,67088,PILOT #4580,"I-26, EXIT 82",Prosperity,SC,30,3.42566666,-81.5324000,34.1832000,city_centroid
3531,67090,LOVES TRAVEL STOP #373,US-69 & PLATTER RD,Calera,OK,253,3.229,-96.4308000,33.9322000,city_centroid
3532,67091,SPEEDWAY #7903,SR-211,Raeford,NC,63,3.699,-79.2228000,34.9890000,city_centroid
3533,67092,SPEEDWAY #8288,US-64 & SR-149,Plymouth,NC,177,3.20733333,-76.7658780,35.8353360,census
3534,67094,SPEEDWAY #7943,US-64/SR-49 & US-220,Asheboro,NC,65,3.54233333,-79.7869333,35.7200667,city_centroid
3535,67095,SPEEDWAY #8297,US-17 & US-17 BYP,Chocowinity,NC,205,3.13233333,-77.0868000,35.4814000,city_centroid
3537,67097,SPEEDWAY #8298,SR-11/SR-55,Kinston,NC,205,3.353,-77.6050500,35.2665250,city_centroid
3538,67101,SPEEDWAY #7974,US-601 & SR-24/SR-27,Midland,NC,46,3.429,-80.5010300,35.2516090,census
3539,67103,SPEEDWAY #8225,US-13/US-17 & US-64,Williamston,NC,205,3.849,-77.1022000,35.8212000,city_centroid
3540,67106,PILOT TRAVEL CENTER #4656,"I-295, EXIT 3-A & US-460",Disputanta,VA,180,3.57233333,-77.2732000,37.1483000,city_centroid
3541,67107,SPEEDWAY/7fleet #4595,US-501 & SR-544,Conway,SC,205,3.089,-79.0184980,33.8074420,census
3542,67108,SPEEDWAY/7fleet #4594,SR-90,Longs,SC,205,3.309,-78.7934000,33.9064000,city_centroid
3544,67113,COLUMBUS WEST TRAVEL CENTER,"US-151, EXIT 118",Columbus,WI,420,3.119,-89.0271000,43.3315000,city_centroid
3545,67114,SPEEDWAY #1415,"I-57, EXIT 306 & US-45/US-52",Kankakee,IL,280,3.379,-87.8696000,41.1166000,city_centroid
3546,67114,SPEEDWAY #1415,"I-57, EXIT 306 & US-45/US-52",Kankakee,IL,280,3.339,-87.8696000,41.1166000,city_centroid
3547,67115,CIRCLE K #3912,"I-24/SR-27, EXIT 155 & SR-28",Jasper,TN,285,2.889,-85.5897000,35.0970000,city_centroid
3548,67117,MCCLURE OIL #65,US-31 & SR-38,Cicero,IN,375,3.889,-86.0381000,40.1298000,city_centroid
3549,67118,ABELS QUIK SHOP #20,US-36 & CR-437,Hannibal,MO,540,3.06566666,-91.3839000,39.7064000,city_centroid
3550,67119,EASTWAY TRUCKSTOP,SR-80,Somerset,KY,410,3.599,-84.5577333,37.1171667,city_centroid
3551,67120,LOVES TRAVEL STOP #379,"I-10 & CR 255, EXIT 262 SW",Lee,FL,20,3.789,-83.2844000,30.3979000,city_centroid
3552,67121,BETTY BEAVERS TRUCKSTOP,"I-88, EXIT 12 & CR-48",Otego,NY,12,3.819,-75.2079000,42.4133000,city_centroid
3553,67122,WORKMANS TRAVEL CENTER,"I-540, EXIT 24 & SR-282",Alma,AR,735,3.37233333,-94.2073000,35.5000000,city_centroid
3554,67125,LOVES TRAVEL STOP #370,I-80 EXIT 234,Hubbard,OH,573,3.46566666,-80.5762000,41.1624000,city_centroid
3555,67126,PILOT TRAVEL CENTERS #366,"I-40, EXIT 85 CHRISTMASVILLE RD",Jackson,TN,435,3.509,-88.8277667,35.6351667,city_centroid
3556,67127,LOVES TRAVEL STOP #381,"I-65, EXIT 322 & CR-55",Falkville,AL,615,3.849,-86.9131000,34.3477000,city_centroid
3557,67129,PILOT TRAVEL CENTER #920,"I-70, EXIT 54",Colby,KS,525,3.634,-101.0442000,39.3830000,city_centroid
3558,67129,PILOT TRAVEL CENTERS #920,"I-70, EXIT 54",Colby,KS,525,3.649,-101.0442000,39.3830000,city_centroid
3559,67130,Pilot Travel Centers #473,"I-55, EXIT 248 & US-6",Channahon,IL,290,3.499,-88.2138000,41.4347000,city_centroid
3560,67130,Pilot Travel Centers #473,"I-55, EXIT 248 & US-6",Channahon,IL,290,3.359,-88.2138000,41.4347000,city_centroid
3561,67130,Pilot Travel Center #473,"I-55, EXIT 248 & US-6",Channahon,IL,290,3.459,-88.2138000,41.4347000,city_centroid
3562,67130,Pilot Travel Center #473,"I-55, EXIT 248 & US-6",Channahon,IL,290,3.599,-88.2138000,41.4347000,city_centroid
3563,67130,Pilot Travel Centers #473,"I-55, EXIT 248 & US-6",Channahon,IL,290,3.399,-88.2138000,41.4347000,city_centroid
3564,67130,Pilot Travel Center #473,"I-55, EXIT 248 & US-6",Channahon,IL,290,3.399,-88.2138000,41.4347000,city_centroid
3565,67133,LOVES TRAVEL STOP #365,I-80 EXIT 352,Wells,NV,835,3.71566666,-114.9645000,41.1116000,city_centroid
3566,67137,PILOT TRAVEL CENTERS #485,"I-80, EXIT 173",Winnemucca,NV,966,3.77066666,-117.7534500,41.0214000,city_centroid
3567,67138,Kum N Go #0561,US-65 & SR-744,Springfield,MO,535,2.899,-93.2839273,37.1962455,city_centroid
3568,67139,LOVES TRAVEL STOP #383,I-71 EXIT 55 & SR-1039,Sparta,KY,415,3.749,-84.8813000,38.7256000,city_centroid
3569,67140,Maverik Country Store #5069,I-35 EXIT 133,Ellsworth,IA,320,3.09566666,-93.5490000,42.3009000,city_centroid
3570,67141,KUM & GO #0022,"I-80, EXIT 182 & SR-146",Grinnell,IA,320,3.19733333,-92.7344000,41.7421000,city_centroid
3571,67143,ALL AMERICAN STORES #7,US-30,Fort Wayne,IN,370,3.559,-85.1410667,41.0846667,city_centroid
3572,67149,HOOPS TRAVEL CENTER,I-39 & SR-21,Coloma,WI,395,3.18233333,-89.4943000,44.0275000,city_centroid
3573,67150,Maverik Country Store #5119,"US-30, EXIT 150",Ames,IA,320,3.08233333,-93.6098600,42.0339200,city_centroid
3574,67151,CASEYS #2523,"SR-163, EXIT 29 & SR-14",Monroe,IA,320,3.199,-93.1019000,41.5222000,city_centroid
3575,67155,PILOT TRAVEL CENTER #1219,"I-70, EXIT 61",Vandalia,IL,540,3.699,-89.1041000,38.9439000,city_centroid
3576,67155,PILOT TRAVEL CENTER #1219,"I-70, EXIT 61",Vandalia,IL,540,3.759,-89.1041000,38.9439000,city_centroid
3577,67155,PILOT #1219,"I-70, EXIT 61",Vandalia,IL,540,3.699,-89.1041000,38.9439000,city_centroid
3578,67158,GOLDEN GATE AUTO TRUCK PLAZA,"I-80 , EXIT 32",Sparks,NV,966,3.539,-119.7259200,39.5835000,city_centroid
3579,67160,LOVES TRAVEL STOPS #378,"I-77, EXIT 132",Ripley,WV,44,3.589,-81.7020000,38.8090000,city_centroid
3580,67160,LOVES TRAVEL STOP #378,"I-77, EXIT 132",Ripley,WV,44,3.621,-81.7020000,38.8090000,city_centroid
3581,67162,PILOT TRAVEL CENTERS #495,"I-80 , EXIT 201",Brooklyn,IA,380,3.78566666,-92.4285000,41.7321000,city_centroid
3582,67162,PILOT TRAVEL CENTER #495,"I-80 , EXIT 201",Brooklyn,IA,380,3.699,-92.4285000,41.7321000,city_centroid
3583,67163,LOVES TRAVEL STOP #358,"I-78, EXIT 23",Hamburg,PA,208,3.85733333,-75.9874000,40.5488000,city_centroid
3584,67164,FLYING J TRAVEL PLAZA #510,"I-15 , EXIT 188",Scipio,UT,835,3.689,-112.1064000,39.2495000,city_centroid
3585,67165,SOMERSET TRAVEL CENTER,"I-76 , EXIT 110",Somerset,PA,14,4.219,-79.0608500,39.9940500,city_centroid
3586,67166,Circle K #4705726,US-33,Carroll,OH,315,3.24566666,-82.7084000,39.7957000,city_centroid
3587,67167,LOVES TRAVEL STOP #372,"I-84, EXIT 374",Ontario,OR,982,3.689,-116.9783000,44.0416000,city_centroid
3588,67168,LOVES TRAVEL STOP #455,"I-70, EXIT 145",Ellis,KS,525,3.623,-99.5285000,38.9471000,city_centroid
3589,67168,LOVES TRAVEL STOPS #455,"I-70, EXIT 145",Ellis,KS,525,3.689,-99.5285000,38.9471000,city_centroid
3590,67169,JD ORANGEBURG,US-301/US-601/SR-4,Orangeburg,SC,135,3.34233333,-80.8660750,33.5144250,city_centroid
3591,67170,FAST TRACK #410,"I-10, EXIT 258",Madison,FL,20,3.749,-83.3990500,30.4789000,city_centroid
3592,67174,KWIK STAR #419,"US-218, EXIT 218",Charles City,IA,433,3.539,-92.6761000,43.0683000,city_centroid
3593,67175,KWIK STAR #428,SR-9,Cresco,IA,515,3.524,-92.1260000,43.3630000,city_centroid
3594,67178,KWIK STAR #701,US-63,Denver,IA,565,3.499,-92.3417000,42.6731000,city_centroid
3595,67182,KWIK STAR #817,US-52 & SR-24,Calmar,IA,565,3.579,-91.9126000,43.1974000,city_centroid
3596,67185,KWIK TRIP #385,SR-19/SR-3,Northfield,MN,451,3.499,-93.1668000,44.4587000,city_centroid
3597,67186,KWIK TRIP #424,SR-15 & CR-26,Fairmont,MN,425,3.399,-94.4510000,43.6376000,city_centroid
3598,67192,KWIK TRIP #464,US-63,Rochester,MN,515,3.54066666,-92.4639000,44.0317000,city_centroid
3599,67193,KWIK TRIP #609,SR-16 & SR-43,Rushford,MN,515,3.499,-91.7536000,43.8216000,city_centroid
3600,67195,KWIK TRIP #646,US-169 & CR-53,Blue Earth,MN,425,3.324,-94.0924000,43.6394000,city_centroid
3601,67196,KWIK TRIP #753,US-14 & SR-42,Eyota,MN,515,3.61566666,-92.2648000,44.0099000,city_centroid
3602,67200,KWIK TRIP #319,SR-13,Spencer,WI,395,3.47566666,-90.3114000,44.7391000,city_centroid
3603,67202,KWIK TRIP #328,US-53 & SR-95,Blair,WI,295,3.23733333,-91.2235000,44.2968000,city_centroid
3604,67204,KWIK TRIP #337,SR-65,New Richmond,WI,451,3.499,-92.5366000,45.1230000,city_centroid
3605,67206,KWIK TRIP #352,US-53,Chippewa Falls,WI,295,3.40733333,-91.3929000,44.9369000,city_centroid
3606,67207,KWIK TRIP #354,SR-26,Watertown,WI,420,3.37233333,-88.7169500,43.2347000,city_centroid
3607,67208,KWIK TRIP #363,US-14 & CR-O,Richland Center,WI,420,3.389,-90.3504980,43.3151530,census
3608,67209,KWIK TRIP #386,SR-64,Merrill,WI,395,3.499,-89.6907000,45.1809000,city_centroid
3609,67211,KWIK TRIP #392,SR-49/SR-23,Ripon,WI,582,3.39066666,-88.8424000,43.8454000,city_centroid
3610,67219,KWIK TRIP #455,US-8 & SR-27,Ladysmith,WI,295,3.27233333,-91.1088000,45.4719000,city_centroid
3611,67220,KWIK TRIP #456,"US-18/151, EXIT 79 & CR-PB",Verona,WI,420,3.579,-89.5522000,42.9999000,city_centroid
3612,67221,KWIK TRIP #457,"I-41/US-41, EXIT 116 & SR-44/SR-91",Oshkosh,WI,582,3.29066666,-88.5803750,44.0289000,city_centroid
3613,67223,KWIK TRIP #476,"US-53, EXIT 140",Rice Lake,WI,295,3.43233333,-91.7382000,45.5061000,city_centroid
3614,67226,KWIK TRIP #494,US-53 & SR-35,Onalaska,WI,515,3.33566666,-91.2314000,43.8974000,city_centroid
3615,67229,KWIK TRIP #740,SR-15,Hortonville,WI,582,3.509,-88.6281000,44.3273000,city_centroid
3616,67230,KWIK TRIP #750,US-14/US-61/SR-35,La Crosse,WI,515,3.299,-91.2111667,43.8517667,city_centroid
3617,67233,KWIK TRIP #807,US-10,Brillion,WI,582,3.36566666,-88.0833000,44.1779000,city_centroid
3618,67234,KWIK TRIP #847,SR-33 & SR-82/SR-80,Wonewoc,WI,395,3.499,-90.2394000,43.6285000,city_centroid
3619,67235,FLYING J TRAVEL PLAZA #507,I-35,Jarrell,TX,765,3.22066666,-97.5942000,30.8119000,city_centroid
3620,67237,OUTPOST TRAVEL CENTER,US-79 & CR-111,Minden,LA,745,3.13233333,-93.2877000,32.6238500,city_centroid
3622,67241,RELAY STATION 3,SR-175,Frierson,LA,745,3.259,-93.6915000,32.2450000,city_centroid
3623,67242,SPEEDWAY #6940,"I-77, EXIT 85 & SR-268",Elkin,NC,65,2.859,-80.8554000,36.2872000,city_centroid
3624,67243,LOVES TRAVEL STOP #386,"I-40, EXIT 9 & SR-95",Lake Havasu City,AZ,910,3.92233333,-114.2816250,34.4864000,city_centroid
3625,67245,SPEEDWAY #4582,US-378,Conway,SC,205,3.089,-79.0407333,33.8638667,city_centroid
3626,67246,SPEEDWAY #7941,US-17 & SR-24,Jacksonville,NC,245,3.32566666,-77.4107000,34.7345333,city_centroid
3627,67247,CIRCLE K #4707512,"I-93, EXIT 47",Methuen,MA,170,3.799,-71.1810000,42.7280000,city_centroid
3628,67248,SPEEDWAY #6962,"I-40, EXIT 303",Garner,NC,177,2.92066666,-78.5975000,35.6813000,city_centroid
3629,67255,LOVES TRAVEL STOP #393,"I-55, EXIT 13",Mccomb,MS,620,3.239,-90.4274000,31.2103500,city_centroid
3630,67262,PILOT TRAVEL CENTERS #497,"I-20, EXIT 165",Lincoln,AL,615,3.199,-86.1112000,33.6059000,city_centroid
3631,67262,PILOT TRAVEL CENTER #497,"I-20, EXIT 165",Lincoln,AL,615,3.109,-86.1112000,33.6059000,city_centroid
3632,67264,CIRCLE K #4707016,US-1,Princeton,ME,170,3.88233333,-67.6008000,45.2131000,city_centroid
3633,67265,CIRCLE K #4707048,US-2,Lincoln,ME,170,3.73233333,-68.5077000,45.3508000,city_centroid
3634,67269,ONVO TRAVEL PLAZA - GOULDSBORO,"I-380, EXIT 13 & SR-507",Gouldsboro,PA,200,3.58566666,-75.5037000,41.2448000,city_centroid
3635,67271,KWIK TRIP #330,US-169 & SR-25,Belle Plaine,MN,451,3.379,-93.7604000,44.6139000,city_centroid
3636,67272,PILOT TRAVEL CENTER #922- TOWN PUMP,US-2 & SR-40,Columbia Falls,MT,820,3.649,-114.1784000,48.3534000,city_centroid
3637,67273,LOVES TRAVEL STOP #396,I-26 EXIT 76,Newberry,SC,30,3.41566666,-81.6157000,34.2847000,city_centroid
3638,67274,KWIK STAR #790,"US-20, EXIT 275 & SR-13",Manchester,IA,335,3.56233333,-91.4490000,42.4834000,city_centroid
3639,67275,KWIK TRIP #481,US-61,Red Wing,MN,451,3.324,-92.5486000,44.5528000,city_centroid
3640,67279,LOVES TRAVEL STOP #391,"I-74, EXIT 123",Saint Paul,IN,375,3.989,-85.5994000,39.4277000,city_centroid
3641,67281,PARKERS SURRENCY #208,US-341/SR-27 & SR-121,Surrency,GA,195,3.58566666,-82.1982000,31.6489000,city_centroid
3642,67282,RUTTERS #65,"I-81, EXIT 14 & US-11",Chambersburg,PA,70,4.399,-77.6469500,39.9192500,city_centroid
3643,67283,PILOT #4597,"I-40, EXIT 258/SR-53",Gordonsville,TN,460,3.24566666,-86.0008000,36.1843000,city_centroid
3644,67284,LOVES TRAVEL STOP #390,"I-80, EXIT 179",North Platte,NE,475,3.45566666,-100.7607500,41.0895000,city_centroid
3645,67285,CASEY'S #4504,"I-35, EXIT 159 & CR-C47",Dows,IA,433,3.299,-93.5058000,42.6610000,city_centroid
3646,67292,LOVES TRAVEL STOP #304,"I-59, EXIT 174",Steele,AL,615,3.989,-86.2289000,33.9417000,city_centroid
3647,67293,KWIK TRIP #367,SR-33/CR-A,Fox Lake,WI,582,3.24566666,-88.9041000,43.5815000,city_centroid
3648,67294,MAPLEFIELDS,"I-87, EXIT 42/SR-11",Champlain,NY,300,3.799,-73.4466000,44.9773000,city_centroid
3650,67297,BAR-B,I-20 EXIT 370 & FM-919,Gordon,TX,637,2.93233333,-98.3632000,32.5478000,city_centroid
3651,67298,SPEEDWAY #5360,US-42,London,OH,315,3.099,-83.4439000,39.9001000,city_centroid
3652,67302,KUM & GO #0187,"I-90, EXIT 87",Sherburn,MN,440,3.18733333,-94.7269000,43.6611000,city_centroid
3653,67303,KUM & GO #0615,"I-29, EXIT 15",Elk Point,SD,527,3.07233333,-96.6870000,42.7382000,city_centroid
3654,67304,JACKRABBIT JUNCTION,"SR-60, EXIT 51 & CR-A22",Sibley,IA,521,3.26566666,-95.7424000,43.4069000,city_centroid
3655,67305,RELAY STATION,"I-20, EXIT 3",Bethany,LA,745,3.12233333,-94.0034000,32.3662000,city_centroid
3656,67306,150 QUICK STOP,US-150/SR-605,Bardstown,KY,415,3.17233333,-85.4613000,37.8083000,city_centroid
3657,67307,CMS FUELING CENTER,I-69 EXIT 153 AT MILE 153,Lapeer,MI,342,3.899,-83.3332000,43.0579000,city_centroid
3659,67311,HOLIDAY STATIONSTORE #2746409,US-53 & CR-13,Duluth,MN,334,3.499,-92.2804030,46.8528900,census
3660,67312,RHODES 101 STOP #790,"I-55, EXIT 91",Scott City,MO,275,3.424,-89.5181000,37.2077000,city_centroid
3661,67313,Majors 660 Diboll Truck Plaza,US-59,Diboll,TX,610,2.83233333,-94.7729000,31.1950000,city_centroid
3662,67316,LOVES TRAVEL STOP #302,US-287 & US-412,Boise City,OK,585,3.40233333,-102.5355000,36.7283000,city_centroid
3663,67321,LOVES TRAVEL STOP #388,"I-55, EXIT 246 & SR-35",Batesville,MS,655,3.46066666,-89.9443000,34.3115000,city_centroid
3664,67322,LOVES TRAVEL STOP #398,"US-78, EXIT 81 & SR-178",Tupelo,MS,435,3.88233333,-88.7345000,34.2395500,city_centroid
3665,67323,PUMP & PANTRY #13,US-281/SR-92,Saint Paul,NE,330,3.30733333,-98.4440000,41.2242000,city_centroid
3666,67325,LOVES TRAVEL STOP #225,"I-65, EXIT 93 & US-84",Evergreen,AL,720,3.339,-86.9258000,31.4580000,city_centroid
3667,67329,LOVES TRAVEL STOP #387,"I-85, EXIT 4",Fair Play,SC,16,3.21233333,-82.9854000,34.5112000,city_centroid
3668,67331,LOVES TRAVEL STOP #227,"I-20 /I-59, EXIT 100 & SR-216",Mc Calla,AL,615,3.159,-87.1024000,33.2845000,city_centroid
3669,67333,PILOT #880,"I-84, EXIT 1",Montague,NJ,105,3.999,-74.7540000,41.3023000,city_centroid
3670,67334,KWIK TRIP #338,US-51,Plover,WI,395,3.299,-89.5428000,44.4507000,city_centroid
3671,67335,TOP STOP MARKET,"I-24, EXIT 111",Manchester,TN,285,3.01566666,-86.0782000,35.4967000,city_centroid
3672,67336,LOVES TRAVEL STOPS #342,"I-37, EXIT 72 & US-281",Three Rivers,TX,740,3.089,-98.1782000,28.4756000,city_centroid
3673,67336,LOVES TRAVEL STOP #342,"I-37, EXIT 72 & US-281",Three Rivers,TX,740,3.169,-98.1782000,28.4756000,city_centroid
3674,67337,KWIK TRIP #422,"I-94, EXIT 322",Oak Creek,WI,444,3.744,-87.9027000,42.8892000,city_centroid
3675,67338,HUTCH'S #114,US-81,Enid,OK,337,2.999,-97.8683200,36.3826400,city_centroid
3676,67340,MCCLURE,I-74 EXIT 34,Crawfordsville,IN,375,3.61566666,-86.9074000,40.0325000,city_centroid
3677,67341,CASEYS #3898,"US-151, EXIT 49 & CR-E34",Anamosa,IA,380,3.359,-91.2851000,42.1078000,city_centroid
3678,67342,One9 #1414,"I-81, EXIT 128",Elliston,VA,185,3.24233333,-80.2325000,37.2165000,city_centroid
3679,67343,EAGLE EXPRESS,US-41,Peshtigo,WI,360,3.399,-87.8103000,45.0480000,city_centroid
3680,67344,DODGE CITY SHELL,"I-65, EXIT 299",Hanceville,AL,615,3.95233333,-86.7848000,34.0516000,city_centroid
3681,67345,STEELE SERVICE STATION,"I-59, EXIT 174",Steele,AL,587,3.889,-86.2289000,33.9417000,city_centroid
3682,67348,LOVES TRAVEL STOP #389,I-90 EXIT 241,Conneaut,OH,305,3.849,-80.5803000,41.9345000,city_centroid
3683,67350,DE PERE SUPER STORE,US-41,De Pere,WI,360,3.25566666,-88.0806000,44.4388000,city_centroid
3684,67356,PRIDE CONVENIENCE STORE,"I-91, EXIT 8 & US-20",Springfield,MA,100,3.559,-72.5641800,42.1120267,city_centroid
3685,67357,LOVES TRAVEL STOP #353,"I-29, EXIT 62",Fargo,ND,341,3.52566666,-96.8160333,46.8611000,city_centroid
3686,67358,KWIK TRIP #453,SR-35/SR-65,River Falls,WI,451,3.44733333,-92.6313000,44.8550000,city_centroid
3687,67359,SAGE HILL TRAVEL CENTER,"I-15, EXIT 89 & US-91",Blackfoot,ID,825,3.569,-112.3615000,43.1943000,city_centroid
3688,67360,BP,"I-95/SR-405, EXIT 49 & SR-251",Darien,GA,195,3.539,-81.4312000,31.3826000,city_centroid
3689,67361,SUMNER TRUCK STOP,SR-167,Sumner,WA,977,4.299,-122.1706000,47.1380500,city_centroid
3690,67362,TA Glenrio,"I-40, Exit 369 & SR-392",San Jon,NM,585,3.899,-103.2846000,35.1198000,city_centroid
3691,67364,KWIK TRIP #373,"I-94, EXIT 295",Waukesha,WI,444,3.45733333,-88.2544750,42.9938500,city_centroid
3692,67365,KWIK TRIP #491,US-151,Manitowoc,WI,582,3.38233333,-87.6406500,44.1147000,city_centroid
3693,67366,KWIK TRIP #499,"I-43, EXIT 57",New Berlin,WI,444,3.49066666,-88.1249500,42.9781000,city_centroid
3694,67367,KWIK TRIP #757,US-14/US-61/SR-27,Viroqua,WI,515,3.359,-90.8939000,43.5442000,city_centroid
3695,67368,KWIK TRIP #653,"I-39, EXIT 87 & US-51/SR-16",Portage,WI,420,3.274,-89.4714000,43.5501000,city_centroid
3696,67369,KENOSHA TRAVEL PLAZA,"I-94, EXIT 340/US-41 & SR-142",Kenosha,WI,444,3.719,-87.8455800,42.5826800,city_centroid
3697,67370,CIRCLE M #43,US-441/US-23/SR-15,Rabun Gap,GA,30,3.549,-83.3901000,34.9576000,city_centroid
3698,67371,PARAMOUNT TRAVEL PLAZA,"I-30, EXIT 46 & SR-19",Prescott,AR,635,3.379,-93.3725000,33.8040000,city_centroid
3699,67380,MILLERS TRAVEL CENTER,"I-80, EXIT 1",Wendover,UT,835,3.599,-114.0375000,40.7372000,city_centroid
3700,67381,ENMARKET #875,US-78 & US-21,Branchville,SC,195,3.26566666,-80.8059000,33.2628000,city_centroid
3701,67382,CORNER PANTRY TRAVEL PLAZA,SR-79 & SR-40,Hermosa,SD,506,3.299,-103.2060000,43.8188000,city_centroid
3702,67383,FRIENDSHIP FOOD MART #96,SR-101/SR- 2,Sandusky,OH,550,3.529,-82.7071500,41.4419000,city_centroid
3703,67391,SHOEMAKERS SHELL TRAVEL CENTER,I-80 EXIT 395 AT MILE 395,Lincoln,NE,413,3.349,-96.6889462,40.8213692,city_centroid
3704,67393,LOVES TRAVEL STOP #280,"I-10, EXIT 114",Buckeye,AZ,930,3.569,-112.5312500,33.4191500,city_centroid
3705,67394,Circle K #2745133,US-23 & SR-38,Waycross,GA,75,3.399,-82.3576500,31.2190000,city_centroid
3706,67395,KUM & GO #0267,"I-80, EXIT 267 & SR 38",Tipton,IA,380,2.98233333,-91.1362000,41.7563000,city_centroid
3707,67396,Q C MART,US-61 & CR-E63,Welton,IA,270,3.699,-90.5954000,41.9081000,city_centroid
3708,67397,EXPRESS LANE #51,I-80 EXIT 93 ROUTE 71,Ottawa,IL,290,3.899,-88.8416000,41.3526000,city_centroid
3709,67397,EXPRESS LANE #51,I-80 EXIT 93 ROUTE 71,Ottawa,IL,290,3.599,-88.8416000,41.3526000,city_centroid
3710,67398,CASEYS #3998,SR-13 & HWY-C,Lowry City,MO,400,3.249,-93.7114000,38.1404000,city_centroid
3711,67400,SPEEDWAY #3547,I-75 & 696,Lima,OH,411,3.499,-84.1222500,40.7473333,city_centroid
3712,67401,QUIKTRIP #973,"I-45, EXIT 272",Hutchins,TX,630,2.88233333,-96.7070000,32.6396000,city_centroid
3713,67402,TA EXPRESS HOT SPRINGS,US-395/US-18 & SR-79,Hot Springs,SD,506,3.299,-103.4766000,43.4223000,city_centroid
3714,67404,Meskwaki Travel Plaza,HIGHWAY 30 E,Tama,IA,486,3.234,-92.5800000,41.9616000,city_centroid
3715,67405,ANTELOPE TRUCK STOP,"I-80, EXIT 386",Burns,WY,795,3.199,-104.3155000,41.2003000,city_centroid
3716,67406,GETGO #3701,"I-99, EXIT 23",East Freedom,PA,14,4.099,-78.4475000,40.3282000,city_centroid
3717,67408,STOCKTON TRAVEL CENTER,US-20/SR-78,Stockton,IL,520,3.599,-90.0202000,42.3492000,city_centroid
3718,67409,XTRA MART #7025,SR-146,Sutton,MA,175,3.649,-71.7552000,42.1266000,city_centroid
3719,67410,STRIPES #40532,US-83 & US-277,Carrizo Springs,TX,740,3.349,-99.8635000,28.5278000,city_centroid
3721,67414,PILOT TRAVEL CENTERS #590,"I-94, EXIT 100",Alexandria,MN,250,3.46566666,-95.3820000,45.8817000,city_centroid
3722,67416,CASEYS #4025,US-61/SR-92,Muscatine,IA,380,3.299,-91.0509000,41.4304000,city_centroid
3724,67418,KUM & GO #0080,"US-218/SR-27, EXIT 80 & SR-22",Riverside,IA,380,3.09733333,-91.5741000,41.4758000,city_centroid
3725,67419,LOVES TRAVEL STOP #359,"I-75, EXIT 283",Cartersville,GA,18,3.55566666,-84.7938500,34.1974500,city_centroid
3726,67420,LOVES TRAVEL STOP #369,I-40 EXIT 163 & SR-48,Dickson,TN,460,3.17566666,-87.3762500,36.1114500,city_centroid
3727,67421,LOVES TRAVEL STOP #375,US-79/SR-6 & FM-485,Hearne,TX,670,3.489,-96.5843000,30.8669000,city_centroid
3728,67422,KUM & GO #0137,"I-80, EXIT 237",Tiffin,IA,380,3.099,-91.6773000,41.7018000,city_centroid
3729,67423,FIRELAKE GRAND TRAVEL PLAZA,"I-40, EXIT 178 & SR-102",Shawnee,OK,483,2.899,-96.9395000,35.3366333,city_centroid
3731,67425,LITTLEFIELD EXPRESS #15,"US-67, EXIT 55 & SR-258",Bald Knob,AR,695,3.309,-91.5502000,35.3113000,city_centroid
3732,67426,Spearville Truck Stop,"I-56, 126 RD",Spearville,KS,570,3.46566666,-99.7370000,37.8235000,city_centroid
3733,67427,CASEYS #2907,I-57 & I-62,Charleston,MO,275,3.044,-89.3342000,36.9213000,city_centroid
3734,67428,CONOCO,"I-95, EXIT 12",Carteret,NJ,79,3.499,-74.2313000,40.5823000,city_centroid
3735,67429,7-ELEVEN #40396,"NJTP, EXIT 8A",Monroe Township,NJ,115,3.559,-74.4285000,40.3192000,city_centroid
3736,67431,SPARKYS ONE STOP #32,I-30 & CR 33,Carroll,IA,320,3.23233333,-94.8667000,42.0720000,city_centroid
3737,67432,PILOT TRAVEL CENTERS #471,US-27 & US-17,Haines City,FL,140,3.559,-81.6193500,28.0585500,city_centroid
3738,67432,PILOT TRAVEL CENTER #471,US-27 & US-17,Haines City,FL,140,3.569,-81.6193500,28.0585500,city_centroid
3739,67434,SHELL FOOD MART,"I-35, EXIT 54",Cameron,MO,400,2.99066666,-94.2437000,39.7309000,city_centroid
3740,67435,7 ELEVEN #40122,I-95 MM2,Newark,DE,160,3.459,-75.7095000,39.6572833,city_centroid
3741,67436,7-ELEVEN #40069,"I-81, EXIT 29",Shippensburg,PA,70,3.42233333,-77.5195000,40.0514000,city_centroid
3742,67437,CANDIA FIRST STOP,"SR-101, EXIT 3",Candia,NH,170,3.899,-71.3049000,43.0585000,city_centroid
3745,67439,LOVES TRAVEL STOPS #380,US-287/SR-114,Rhome,TX,630,3.089,-97.4817000,33.0540000,city_centroid
3746,67439,LOVES TRAVEL STOP #380,US-287/SR-114,Rhome,TX,630,3.161,-97.4817000,33.0540000,city_centroid
3747,67440,PILOT TRAVEL CENTERS #503,"I-79, EXIT 146 & CR-77",Morgantown,WV,165,4.059,-79.9584857,39.6265143,city_centroid
3748,67442,PILOT #4598,I-75 EXIT 56,Niota,TN,285,3.599,-84.5721000,35.5819000,city_centroid
3749,67443,PILOT #4599,"I-24, EXIT 135",Monteagle,TN,285,3.33566666,-85.8228000,35.2402000,city_centroid
3750,67612,FLYING J TRAVEL PLAZA #914- TOWN PUMP,"I-90, EXIT 96 & US-93/SR-200",Missoula,MT,820,3.609,-114.0341143,46.8837143,city_centroid
3751,67613,KWIK STAR #490,"US-20, EXIT 225 & SR-27/SR-58",Cedar Falls,IA,565,3.524,-92.3796000,42.4969500,city_centroid
3752,67614,KWIK TRIP #622,US-14 & CR-5,Byron,MN,515,3.574,-92.6308000,44.0373000,city_centroid
3753,67615,KWIK TRIP #844,US-63,Lake City,MN,515,3.549,-92.2838000,44.4305000,city_centroid
3754,67616,KWIK TRIP #887,"US-41, EXIT 139 & SR-15",Appleton,WI,582,3.30233333,-88.4171600,44.3105400,city_centroid
3755,67617,Twice Daily Convenience Store #8046,"I-24, EXIT 31 & SR-249",Joelton,TN,460,3.349,-86.9163000,36.3290000,city_centroid
3756,67618,7-ELEVEN #40441,I-80 MM 21E,West Unity,OH,550,3.66233333,-84.4421000,41.5756000,city_centroid
3757,67619,7-ELEVEN #40442,"I-80, MM 21W",West Unity,OH,550,3.66233333,-84.4421000,41.5756000,city_centroid
3758,67620,LOVES TRAVEL STOP #452,"I-35, EXIT 70",Pauls Valley,OK,253,3.649,-97.2195000,34.7385000,city_centroid
3759,67621,FLYING J TRAVEL PLAZA #925- TOWN PUMP,"I-15, EXIT 277",Great Falls,MT,815,3.63566666,-111.2808400,47.5269600,city_centroid
3760,67622,LOVES TRAVEL STOP #454,"I-5/US-12, EXIT 72",Chehalis,WA,977,4.589,-122.9658000,46.6382000,city_centroid
3761,67623,LOVES TRAVEL STOP #301,"I-90, EXIT 2",Post Falls,ID,970,3.74566666,-116.9434500,47.7192500,city_centroid
3762,67624,LOVES TRAVEL STOP #300,I-70 EXIT 304,Bennett,CO,800,3.32566666,-104.4275000,39.7589000,city_centroid
3763,67625,LOVES TRAVEL STOP #453,"I-10, EXIT 130 & US-231",Cottondale,FL,20,3.553,-85.3847000,30.8004000,city_centroid
3764,67625,LOVES TRAVEL STOPS #453,"I-10, EXIT 130 & US-231",Cottondale,FL,20,3.589,-85.3847000,30.8004000,city_centroid
3765,67626,KWIK TRIP #316,SR-15 N/SR-22 E,Hutchinson,MN,451,3.279,-94.3847000,44.8946000,city_centroid
3766,67627,PILOT #4556,"I-75, EXIT 329",Wildwood,FL,225,3.22566666,-82.0347000,28.8454000,city_centroid
3767,67627,PILOT TRAVEL CENTER #4556,"I-75, EXIT 329",Wildwood,FL,225,3.319,-82.0347000,28.8454000,city_centroid
3768,67628,LOVES TRAVEL STOP #394,"I-65,EXIT 230",Demotte,IN,365,3.51233333,-87.2491000,41.1713000,city_centroid
3769,67629,KWIK TRIP #681,"I-94, EXIT 205",Saint Michael,MN,451,3.29733333,-93.6593000,45.2064000,city_centroid
3770,67630,KWIK TRIP #630,US-151/SR-32/SR-57,Chilton,WI,582,3.36566666,-88.1827000,44.0242000,city_centroid
3771,67634,54 TRUCK STOP,US-54,Mullinville,KS,357,3.46566666,-99.4639000,37.5716000,city_centroid
3772,67635,LOVES TRAVEL STOP #456,I-280 EXIT 1B,Perrysburg,OH,550,3.76066666,-83.6099500,41.5499500,city_centroid
3773,67636,LOVES TRAVEL STOPS #258,"I-35, EXIT 183",Ottawa,KS,336,3.239,-95.2745000,38.6142000,city_centroid
3774,67636,LOVES TRAVEL STOP #258,"I-35, EXIT 183",Ottawa,KS,336,3.263,-95.2745000,38.6142000,city_centroid
3775,67637,Power Gas & Truck Stop,US-1/US-9/US-46 & SR-5,Palisades Park,NJ,115,3.219,-73.9954000,40.8462000,city_centroid
3776,67641,DANIEL BOONE TRAVEL CENTER,US-23 /US-421/US-58 & SR-871,Duffield,VA,405,3.55733333,-82.8337000,36.7114000,city_centroid
3777,67642,GO MART FOOD STORE #103,SR-16 & CR 50/39,Ellenboro,WV,44,3.699,-81.0621000,39.2969000,city_centroid
3778,67643,QUALITY MART #62,I-77 EXIT 82,Jonesville,NC,65,2.859,-80.7870000,36.2286000,city_centroid
3779,67644,PARKERS #31 (DISCOUNT AVAILABLE),US-80/SR-26 & US-280,Ellabell,GA,195,3.03233333,-81.4983000,32.1273000,city_centroid
3780,67645,CIRCLE K #2721416,US-441 & SR-20,Gainesville,FL,75,3.899,-82.3535308,29.6634538,city_centroid
3781,67647,BUCHS TRUCK STOP,SR-7,Steubenville,OH,542,3.69233333,-80.6560500,40.3611000,city_centroid
3782,67650,VIRGINIA FAST STOP,SR-78 & SR-125,Virginia,IL,318,3.759,-90.2073905,39.9534285,census
3783,67651,SIMMONS,US-60/SR-21,Ellsinore,MO,275,3.424,-90.7485000,36.9453000,city_centroid
3784,67652,ON THE GO TRAVEL CENTER,"I-435, EXIT 8",Kansas City,KS,400,3.999,-94.6842154,39.1058154,city_centroid
3785,67655,CIRCLE K #2706627,"I-10, EXIT 261",Slidell,LA,725,3.189,-89.7951200,30.3086600,city_centroid
3786,67656,KWIK TRIP #888,US-10/US-49 & SR-54,Waupaca,WI,395,3.45733333,-89.1101000,44.3481000,city_centroid
3787,67657,KWIK TRIP #463,US-52/SR-60,Zumbrota,MN,515,3.524,-92.6719000,44.3032000,city_centroid
3788,67658,MIRABITO #41,I-81 EXIT 13,Tully,NY,12,4.299,-76.1394000,42.8070000,city_centroid
3789,67664,CEFCO #16,SR-171,Godley,TX,637,2.98233333,-97.5349000,32.4282000,city_centroid
3790,67665,ALL STAR,US-75 N,Sabetha,KS,553,3.499,-95.8113000,39.8993000,city_centroid
3792,67668,ADVENTURE TRUCK PLAZA,SR-3185 & SR-3107,Thibodaux,LA,623,3.399,-90.8164667,29.7994333,city_centroid
3793,67669,ONE9 #1271,SR-86,Thermal,CA,900,4.299,-116.1572000,33.5578000,city_centroid
3794,67669,CHEVRON DBA ONE9 #1271,SR-86,Thermal,CA,900,4.259,-116.1572000,33.5578000,city_centroid
3795,67676,VALERO,"I-530/US-65, EXIT 34 & SR-365",White Hall,AR,695,3.16566666,-92.0910000,34.2740000,city_centroid
3796,67677,BIGGAS TRUCK STOP,US-190/SR-6 & FM-2818,Bryan,TX,670,3.199,-96.3670714,30.6857143,city_centroid
3797,67678,7-ELEVEN #40301,I-90/I-80,Genoa,OH,550,3.66233333,-83.3590000,41.5300000,city_centroid
3798,67682,CASEYS #2739,1323 E MAIN ST,Beloit,KS,336,3.359,-98.0927534,39.4587775,census
3799,67683,CASEYS #2734,"I-80, EXIT 222",Cozad,NE,330,3.03233333,-99.9921000,40.8619000,city_centroid
3800,67684,CASEYS #2490,"I-35, EXIT 124 & US-69",Story City,IA,320,3.06233333,-93.5988000,42.1835000,city_centroid
3801,67685,CASEYS #2792,"I-380/US-218, EXIT 13",Cedar Rapids,IA,380,3.499,-91.6634000,42.0058625,city_centroid
3802,67686,CASEYS #2956,"I-315/US-81, EXIT 40",Hesston,KS,570,3.199,-97.4495000,38.1360000,city_centroid
3803,67690,CEFCO #64,ST RT 14,Mexia,TX,765,3.099,-96.4952000,31.6784000,city_centroid
3804,67695,MOREHEAD TRUCKSTOP,"I-64, EXIT 133 & SR- 801",Morehead,KY,255,3.599,-83.4436000,38.1990000,city_centroid
3805,67697,FLORENCE TRAVEL PLAZA,"I-95, EXIT 150",Timmonsville,SC,42,3.999,-79.9378000,34.1012000,city_centroid
3806,67698,FRONTIER TRAVEL CENTER,US-12 & US-85,Bowman,ND,807,3.53233333,-103.4020000,46.1733000,city_centroid
3807,67699,GAP FARMS TRAVEL CENTER,"I-20, EXIT 69 & SR-151",Arcadia,LA,590,3.249,-92.9245000,32.5556000,city_centroid
3808,67701,MARATHON,"I-94, EXIT 331",Casselton,ND,341,3.31566666,-97.2138000,46.8992000,city_centroid
3809,67702,SPEEDWAY #6539,US-41/SR-45 & SR-52,Land O Lakes,FL,225,3.49566666,-82.4711333,28.2506000,city_centroid
3810,67703,SPEEDWAY #6880,CR-611,Clearwater,FL,225,3.37733333,-82.7339900,27.9541000,city_centroid
3811,67705,CITGO,US-1,North Brunswick,NJ,115,3.18566666,-74.4823000,40.4538000,city_centroid
3812,67706,SPEEDWAY #3495,US-1/9,Elizabeth,NJ,115,3.599,-74.2151000,40.6667250,city_centroid
3813,67707,SPEEDWAY #3503,"I-95, EXIT 13 & I-278/US-1/US-9",Linden,NJ,115,3.429,-74.2556000,40.6354000,city_centroid
3814,67711,HOUMA COTEAU TRAVEL PLAZA,I-90/SR-20,Houma,LA,725,3.06233333,-90.7232000,29.5950250,city_centroid
3815,67712,CASEYS #3810,"I-29, EXIT 132 & US-14",Volga,SD,530,3.279,-96.9251000,44.3224000,city_centroid
3816,67715,HUTCH'S #109,"I-40, EXIT 38",Elk City,OK,483,2.969,-99.4127000,35.4112000,city_centroid
3817,67716,HWY 19 SCALE,"SR-19/I-35, EXIT 66",Gaylord,MN,425,3.46566666,-94.1955000,44.5463000,city_centroid
3818,67718,SUNSTOP #622,SR-52 & SR-167,Hartford,AL,715,3.599,-85.7192000,31.0860000,city_centroid
3819,67720,REFUEL #1046,"I-20, EXIT 116 & US-15",Bishopville,SC,42,3.309,-80.2750000,34.2241000,city_centroid
3820,67721,J AND D COUNTRYSIDE MARTHON,SR-76 & SR-173,Poplar Grove,IL,520,3.499,-88.8515420,42.3712060,census
3821,67723,JET FOOD STORE #80,US-221/SR-135 & SR-206,Douglas,GA,10,3.45733333,-82.8508333,31.4870667,city_centroid
3822,67724,LOVES TRAVEL STOP #458,"I-44, EXIT 88",Strafford,MO,416,3.37233333,-93.1066000,37.2797000,city_centroid
3823,67726,SPEEDWAY #7909,"US-264, EXIT 73",Greenville,NC,205,3.13233333,-77.3729250,35.5936750,city_centroid
3824,67727,SPEEDWAY #7907,US-264 & SR-33,Greenville,NC,205,2.944,-77.3729250,35.5936750,city_centroid
3825,67728,SPEEDWAY #7905,SR-43 & SR-118,Vanceboro,NC,205,3.37566666,-77.1612030,35.3123660,census
3826,67729,SPEEDWAY #6981,US-301 BYP,Rocky Mount,NC,177,3.43233333,-77.8033800,35.9380800,city_centroid
3827,67732,Quik Pik,US-275 & SR-9,West Point,NE,470,3.21566666,-96.7318000,41.8450000,city_centroid
3828,67734,TROTTER TRUCK PLAZA,ST 11,Ord,NE,330,3.299,-98.9418000,41.5962000,city_centroid
3829,67735,Fast Fuel,US-81/SR-3,Kingfisher,OK,483,3.19066666,-97.9473000,35.8636000,city_centroid
3830,67736,SPEEDWAY #9855,I-10 EXIT 49,Fabens,TX,640,3.23566666,-106.1589000,31.4745000,city_centroid
3831,67738,SUPER JACK TRUCK STOP,US-84,Brookhaven,MS,620,3.11566666,-90.4631333,31.5771667,city_centroid
3832,67739,STRIPES #40819,SR-359,Orange Grove,TX,625,3.06566666,-97.9838000,27.9487000,city_centroid
3833,67742,STRIPES 7FLEET #42514,"I-20, EXIT 138",Midland,TX,710,3.459,-102.0802125,31.9653750,city_centroid
3834,67743,STRIPES 7FLEET #42506,US-380 & US-277,Haskell,TX,575,3.539,-99.7309000,33.1580000,city_centroid
3835,67744,STRIPES #40715,SR-107,La Villa,TX,639,3.169,-97.9247000,26.2999000,city_centroid
3836,67745,STRIPES #40628,"I-2, EXIT 134 & US-83",Mission,TX,639,3.259,-98.3320667,26.2761667,city_centroid
3837,67746,STRIPES #40598,I-2/US-83,Mission,TX,639,2.869,-98.3320667,26.2761667,city_centroid
3838,67747,STRIPES 7FLEET #42424,US-87/US-190,Brady,TX,740,3.599,-99.3372000,31.1509000,city_centroid
3839,67748,STRIPES 7FLEET #42428,"I-20 EXIT, 115",Odessa,TX,710,3.069,-102.3777500,31.8486000,city_centroid
3840,67749,STRIPES 7FLEET #42436,I-20 EXIT 134,Midland,TX,612,3.06566666,-102.0802125,31.9653750,city_centroid
3841,67750,STRIPES #40729,FM-511 & FM-802,Brownsville,TX,598,2.999,-97.4933800,25.9420400,city_centroid
3842,67753,STRIPES #40892,SR-359 & SR-16,Hebbronville,TX,625,3.28566666,-98.6829000,27.2997000,city_centroid
3843,67754,Refuel #185,US-220,Stokesdale,NC,65,3.699,-79.9705000,36.2552000,city_centroid
3845,67757,KEITH'S SUPERSTORE,"I-59, I-20, EXIT 160",Meridian,MS,705,3.049,-88.6704429,32.4154143,city_centroid
3846,67758,CLARKS PUMP N SHOP #47,SR-10/SR-9,Vanceburg,KY,312,3.599,-83.2702000,38.4699000,city_centroid
3847,67762,CEFCO #2008,US-83/US-62 & US-287,Childress,TX,770,2.91566666,-100.2364000,34.4104000,city_centroid
3848,67763,SHELL,US-72,Mount Pleasant,MS,435,3.399,-89.5230000,34.9536000,city_centroid
3849,67764,NINNEKAH TRUCK STOP,US-277/US-81 & SR-19,Ninnekah,OK,483,3.229,-97.9522830,34.9785630,census
3850,67766,STOP IN Food Store #8143,US-221/US-460 & SR-607,Montvale,VA,185,3.36566666,-79.7175000,37.4070000,city_centroid
3851,67768,SHELL,US-60 & SR-657,Lewisport,KY,487,3.499,-86.8957000,37.9090000,city_centroid
3852,67771,DUCK THRU FOOD STORE #26,"I-95, EXIT 154 & SR-308 & SR-11/SR-42",Lewiston Woodville,NC,177,3.399,-77.1439000,36.0933000,city_centroid
3853,67772,STEVES SHELL,"I-55, EXIT 42",Brookhaven,MS,620,3.199,-90.4631333,31.5771667,city_centroid
3854,67774,7-ELEVEN #39329,I-278/US-1,Linden,NJ,79,3.37566666,-74.2556000,40.6354000,city_centroid
3856,67779,REATA PETROLEUM,I-76 & BARLOW RD,Fort Morgan,CO,800,3.439,-103.8031000,40.2541000,city_centroid
3857,67782,SAMS MART #45,"I-40, EXIT 24 & SR-209",Waynesville,NC,405,3.599,-82.9816000,35.5174000,city_centroid
3858,67783,RUTTERS #4,US-30 & SR-1016/2011,Wrightsville,PA,70,3.989,-76.5270000,39.9966000,city_centroid
3859,67784,HAVANA CONVENIENCE,US-136,Havana,IL,368,3.799,-90.0610000,40.3000000,city_centroid
3860,67787,PWI #109,"I-20, EXIT 126",Midland,TX,710,2.999,-102.0802125,31.9653750,city_centroid
3861,67789,BEAR RIVER VALLEY CO OP,SR-13/SR-83,Corinne,UT,835,3.419,-112.1514000,41.5450000,city_centroid
3862,67791,KINGSPORT TRUCK STOP,"I-81, EXIT 63",Kingsport,TN,405,3.899,-82.5338250,36.5301500,city_centroid
3863,67792,CUBBYS #113,US-20/US-275,Oneill,NE,470,3.22566666,-98.6456000,42.4857000,city_centroid
3864,67793,PILOT TRAVEL CENTER #131,"I-35, EXIT 34",Osceola,IA,320,3.459,-93.7712000,41.0295000,city_centroid
3865,67793,PILOT TRAVEL CENTERS #131,"I-35, EXIT 34",Osceola,IA,320,3.439,-93.7712000,41.0295000,city_centroid
3866,67794,ROAD RANGER #181,"I-55, EXIT 90",Springfield,IL,318,3.299,-89.6263846,39.7997231,city_centroid
3867,67794,ROAD RANGER #181,"I-55, EXIT 90",Springfield,IL,318,3.399,-89.6263846,39.7997231,city_centroid
3868,67794,ROAD RANGER #181,"I-55, EXIT 90",Springfield,IL,318,3.409,-89.6263846,39.7997231,city_centroid
3869,67795,ROAD RANGER #263,"I-80, EXIT 93",Ottawa,IL,520,3.219,-88.8416000,41.3526000,city_centroid
3870,67795,ROAD RANGER #263,"I-80, EXIT 93",Ottawa,IL,520,3.239,-88.8416000,41.3526000,city_centroid
3871,67795,ROAD RANGER #263,"I-80, EXIT 93",Ottawa,IL,520,3.399,-88.8416000,41.3526000,city_centroid
3872,67795,ROAD RANGER #263,"I-80, EXIT 93",Ottawa,IL,520,3.339,-88.8416000,41.3526000,city_centroid
3873,67797,CHEVRON,US-71 & SR-179,Coushatta,LA,745,3.15566666,-93.2648000,32.0231000,city_centroid
3874,67798,SUNSTOP #631,SR-231/SR-53 & SR-123,Ozark,AL,20,3.599,-85.6420500,31.4491000,city_centroid
3876,67804,SUNSTOP #616,US-84/SR-134 & CR-1,Daleville,AL,20,3.399,-85.7305000,31.2811000,city_centroid
3877,67806,84 QUICK STOP,I-84,Brookhaven,MS,620,3.149,-90.4631333,31.5771667,city_centroid
3878,67811,QUICK FUEL #5301,SR-360,Grand Prairie,TX,637,3.024,-97.0175000,32.6947200,city_centroid
3879,67813,LEROY TRUCK PLAZA,"I-74, EXIT 149",Le Roy,IL,280,3.479,-88.7598000,40.3468000,city_centroid
3880,67815,LOVES TRAVEL STOP #254,"I-70, EXIT 59 & SR-39",Mooresville,IN,375,3.929,-86.3642000,39.5915000,city_centroid
3882,67819,BREW #31,US-71/US-18,Spencer,IA,440,3.46566666,-95.1457000,43.1451000,city_centroid
3883,67820,CIRCLE K #2723487,US-17 & SR-211,Supply,NC,245,3.289,-78.2884000,34.0231000,city_centroid
3884,67821,FAS MART #5261,SR-9 & SR-57,Tollesboro,KY,410,3.35233333,-83.5605000,38.5723000,city_centroid
3885,67822,SPINX #178 (DISCOUNT AVAILABLE),"I-385, EXIT 42 & I-85, EXIT 51B & US-25",Travelers Rest,SC,210,3.19233333,-82.4272000,35.0039000,city_centroid
3886,67823,FLASH MARKET #17032,"I-555/US-63, EXIT 29 & SR-69",Trumann,AR,435,3.40733333,-90.5620000,35.5882000,city_centroid
3887,67824,CIRCLE K #2723641,US-231/SR-87/SR-10/SR-53 & CR-21,Troy,AL,720,3.799,-85.9769333,31.7856000,city_centroid
3888,67826,VALLEN MART,US-14,Volga,SD,566,3.319,-96.9251000,44.3224000,city_centroid
3889,67827,GAS N GO,US-280/SR-27 & SR-520,Richland,GA,10,3.199,-84.6673960,32.0880330,census
3890,67829,KWIK TRIP #721,SR-19 & SR-73,Marshall,WI,420,3.49733333,-89.0753000,43.1636000,city_centroid
3891,67832,Sprint Mart #45,US-278/US-45,Tupelo,MS,742,3.189,-88.7345000,34.2395500,city_centroid
3892,67833,PETES #05,US-59 & US-400,Parsons,KS,307,3.299,-95.2693000,37.3389000,city_centroid
3893,67835,CIRCLE K #2723782,"I-40, EXIT 38 & US-421",Greensboro,NC,65,3.08233333,-79.8169000,36.0855231,city_centroid
3894,67837,PILOT TRAVEL CENTER #1054,US-183 & SR-21,Buda,TX,740,3.41566666,-97.8534000,30.0918000,city_centroid
3895,67839,EL TIGRE FOOD STORE #13,SR-336,Hidalgo,TX,639,3.21566666,-98.2536000,26.1028000,city_centroid
3896,67841,CIRCLE K #2723844,US-15/US-501/US-1,Sanford,NC,177,3.049,-79.1633333,35.4655333,city_centroid
3897,67842,CIRCLE K #4707627,"I-81, EXIT 48",Watertown,NY,220,4.099,-75.9044500,43.9415000,city_centroid
3898,67844,UNCLE WILLIES #1288,US-13,Felton,DE,243,3.219,-75.5829000,39.0225000,city_centroid
3899,67846,CEDAR RIVER PLAZA,SR-35,Stephenson,MI,360,3.419,-87.6258000,45.4166000,city_centroid
3900,67847,E Z PICKENS,"US-20, EXIT 275 & SR-13",Manchester,IA,335,3.579,-91.4490000,42.4834000,city_centroid
3901,67848,JEMISON EXXON,"I-65, EXIT 219 & CR-42",Jemison,AL,615,3.299,-86.7181000,32.9805000,city_centroid
3902,67849,KUM & GO #0379,US-412/ US-63 & SR-25,Black Rock,AR,435,3.199,-91.0980220,36.1025480,census
3903,67850,SMILEYS FUEL CITY,"I-64/I-81, EXIT 205 & SR-206",Raphine,VA,185,3.539,-79.2219000,37.9374000,city_centroid
3904,67854,CircleK #2709341,US-411,Chatsworth,GA,285,3.499,-84.7943000,34.7589000,city_centroid
3905,67855,FAS MART #5262,"I-64, EXIT 94 & SR-1958/SR-2888",Winchester,KY,410,2.90733333,-84.1793000,37.9886500,city_centroid
3906,67859,PILOT #1135,US-281,Falfurrias,TX,639,3.459,-98.1408000,27.2242000,city_centroid
3907,67860,SHELL,"I-55, EXIT 227 & SR-32",Oakland,MS,435,2.999,-89.8877000,34.0756000,city_centroid
3908,67861,CASEYS #4308,US-34,Chariton,IA,320,3.539,-93.3042000,41.0226000,city_centroid
3909,67862,SUNOCO TRUCK STOP,"I-70, EXIT 123 & SR-3",Spiceland,IN,375,3.399,-85.4450000,39.8271000,city_centroid
3910,67865,PILOT TRAVEL CENTER #897,"I-95, EXIT 12B, INTERSECTION OF SR-826 & 817",Opa Locka,FL,95,3.699,-80.2624000,25.9286500,city_centroid
3911,67865,PILOT TRAVEL CENTERS #897,"I-95, EXIT 12B, INTERSECTION OF SR-826 & 817",Opa Locka,FL,95,3.699,-80.2624000,25.9286500,city_centroid
3912,67866,QUICK DRAW TRAVEL PLAZA,"I-20, EXIT 49 & SR-531",Minden,LA,590,3.01233333,-93.2877000,32.6238500,city_centroid
3913,67868,CHEVRON,SR-19,Huntsville,TX,670,2.979,-95.5747400,30.7421600,city_centroid
3914,67871,BASIN MARKET #107,US-40,Vernal,UT,810,3.599,-109.5378000,40.4480500,city_centroid
3915,67872,SMOKIES,US-45,Okolona,MS,576,3.099,-88.7638000,33.9694000,city_centroid
3916,67874,RUTTERS #56,"I-83, EXIT 39A & SR-114",New Cumberland,PA,70,3.899,-76.8689000,40.2151000,city_centroid
3917,67875,EXXON TIGER MART,"US-67/US-167, EXIT 28 & US-64",Beebe,AR,695,3.299,-91.9074000,35.0937000,city_centroid
3918,67876,KUM & GO #0880,"US-412, EXIT 36",Stillwater,OK,560,2.954,-97.0615800,36.1112000,city_centroid
3919,67877,CIRCLE K #4703701,I-24 EXIT 70,Smyrna,TN,460,3.03233333,-86.5048000,35.9656000,city_centroid
3920,67879,Strike,US-287/96/69 & SR-347,Beaumont,TX,610,3.499,-94.1519909,30.0909091,city_centroid
3921,67883,CASH MAGIC HOLLYWOOD,US-90,Berwick,LA,725,3.399,-91.2518000,29.6929000,city_centroid
3922,67884,ROADRUNNER FUELS,US-550/SR-544,Aztec,NM,614,3.77566666,-108.0110000,36.8205000,city_centroid
3923,67886,MAVERIK #5200,"I-70 BUSINESS, EXIT 25, CR-24",De Beque,CO,800,3.44233333,-108.2304000,39.3118000,city_centroid
3924,67887,AIRLINE CHEVRON,US-61,Kenner,LA,725,3.099,-90.2513250,29.9917500,city_centroid
3925,67890,KUM & GO #0449,US-60/US-71,Neosho,MO,535,3.05566666,-94.3862000,36.8706000,city_centroid
3926,67892,TURRELL FUEL STOP,"I-55, EXIT 21",Turrell,AR,435,3.46566666,-90.2978000,35.3439000,city_centroid
3927,67894,CIRCLE K #2705098,US-27 & SR-44,Leesburg,FL,140,3.57233333,-81.8488000,28.8358333,city_centroid
3928,67897,KENT KWIK #273,SR-302 & SR-18,Kermit,TX,710,3.039,-103.0865830,31.8474590,census
3929,67900,SPRINT FOODS #725,"I-520, EXIT 16/SR-28",Beech Island,SC,135,3.349,-81.8639000,33.4707000,city_centroid
3930,67906,ON THE GO,SR-239,Prescott,KS,400,3.199,-94.7008000,38.0718000,city_centroid
3931,67908,CIRCLE K #2744062,"I-25, EXIT 74",Colorado City,CO,796,3.349,-104.8412000,37.9441000,city_centroid
3932,67910,G FUEL,US-40 & SR-140,Penns Grove,NJ,243,3.399,-75.4495000,39.6994000,city_centroid
3933,67917,STRIPES 7FLEET #42510,"I-10, EXIT 256/US-285",Fort Stockton,TX,710,3.379,-102.8799000,30.8908000,city_centroid
3934,67918,DELAWARE TRUCK STOP,"I-80, EXIT 4C/US-46",Delaware,NJ,90,3.079,-75.0646000,40.8929000,city_centroid
3935,67922,EXXON,"I-20, EXIT 44 & US-371 & US-80/US-79",Minden,LA,745,3.399,-93.2877000,32.6238500,city_centroid
3936,67923,MONROE CENTER BP OASIS,"I-39, EXIT 111/US-51 & SR-72",Monroe Center,IL,520,3.599,-89.0169000,42.1050000,city_centroid
3937,67924,KUM & GO #0026,"I-90, EXIT 26",Adrian,MN,440,3.19066666,-95.9273000,43.6197000,city_centroid
3939,67927,STONES TRUCK STOP,"I-29, EXIT 77/US-212",Watertown,SD,566,3.38233333,-97.1240000,44.9043000,city_centroid
3940,67929,Circle K,SR-574,Plant City,FL,225,3.32566666,-82.1323200,28.0087800,city_centroid
3941,67930,CIRCLE K #2721426,US-98/SR-30A & SR-368,Panama City,FL,145,3.29066666,-85.6537875,30.1812875,city_centroid
3942,67931,Forks 1&23,US-1/US-23/SR-4 & SR-19,Alma,GA,195,3.599,-82.4633000,31.5465000,city_centroid
3943,67932,SPRINT MART #4144,US-82/US-45/SR-12 & SR-182,Columbus,MS,576,3.01566666,-88.4117167,33.4986333,city_centroid
3944,67933,SUNOCO,SR-50 & SR-471,Webster,FL,140,3.33566666,-82.0547000,28.5551800,census
3945,67934,WHISPERING PINES,SR-10,Greensburg,LA,600,3.099,-90.7256000,30.8647000,city_centroid
3946,67935,CIRCLE K #2707610,"I-10, EXIT 26",Milton,FL,155,3.23233333,-87.0856750,30.6413750,city_centroid
3947,67938,TEXACO,"I-84, EXIT 376",Tremonton,UT,835,3.45566666,-112.1813000,41.7016000,city_centroid
3948,67939,DELTA FUEL,"I-80, EXIT 242 & SR-339",Mifflinville,PA,138,3.36566666,-76.3080000,41.0323000,city_centroid
3949,67940,MARTIN GENERAL STORE,US-22,Ebensburg,PA,14,3.524,-78.7263000,40.4801000,city_centroid
3950,67941,FIESTA MART #21,"I-40, EXIT 278",Warner,OK,560,3.639,-95.3064000,35.4945000,city_centroid
3951,67943,LOVES TRAVEL STOP #459,"I-65, EXIT 133 & SR-267",Whitestown,IN,375,3.62233333,-86.3507000,40.0000000,city_centroid
3952,67949,7-ELEVEN #36835,"I-85, EXIT 32",Pelzer,SC,30,3.18233333,-82.4673000,34.6461000,city_centroid
3953,67952,CIRCLE K #2707682,"I-75, EXIT 164 & US-17/SR-35",Punta Gorda,FL,225,3.399,-82.0014333,26.9356667,city_centroid
3954,67957,CITGO,US-27,Hialeah,FL,64,3.47233333,-80.3107250,25.8800125,city_centroid
3955,67965,DIAMOND #7,"I-65, EXIT 69",Brewton,AL,715,3.399,-87.0841500,31.1173000,city_centroid
3956,67968,WHITESBURG BP,US-27/SR-16,Whitesburg,GA,18,3.699,-84.9254000,33.5111000,city_centroid
3957,67974,TALL TIMBERS TRUCKSTOP,"I-10, EXIT 23 & SR-108",Sulphur,LA,690,3.83233333,-93.3780333,30.2280333,city_centroid
3958,67976,KWIK TRIP #587,US-141 & SR-22,Lena,WI,582,3.28233333,-88.0750000,44.9560000,city_centroid
3959,67977,KUM & GO #4127,"I-29, EXIT 127",Sloan,IA,527,3.109,-96.2306000,42.2427000,city_centroid
3960,67994,Pure,US-82/SR-520/SR-135,Willacoochee,GA,10,3.46566666,-83.0449000,31.3455000,city_centroid
3961,67997,CIRCLE K #2745137,"I-75/SR-401, EXIT 149 & SR-49",Byron,GA,85,3.199,-83.7890000,32.6181000,city_centroid
3962,68002,CO RETAIL VENTURE DB,US-34 & SR-59,Yuma,CO,800,3.449,-102.7072000,40.1301000,city_centroid
3963,68005,WESSON,"I-84, EXIT 22, SR-8, EXIT 22",Waterbury,CT,100,4.179,-73.0371429,41.5564857,city_centroid
3964,68007,Highland oil,US-412,Hardy,AR,435,3.269,-91.4110000,36.3227000,city_centroid
3965,68008,FAST LANE #3,US-64 & US-49,Mc Crory,AR,435,3.399,-91.1793000,35.2473000,city_centroid
3966,68009,CIRCLE K #2741779,"US-270, EXIT 2",Hot Springs National Park,AR,695,3.369,-93.0226000,34.5384000,city_centroid
3967,68012,ROYAL FARMS #120,US-13/CR-16,Greenwood,DE,194,3.259,-75.5935000,38.8175000,city_centroid
3971,68020,EXXON,"I-10, EXIT 335/SR-121",Macclenny,FL,75,3.499,-82.1325000,30.2737000,city_centroid
3972,68026,MINIT MART #600627,"I-57, EXIT 312",Kankakee,IL,399,3.449,-87.8696000,41.1166000,city_centroid
3973,68029,MAPCO #3502,SR-151,Ringgold,GA,285,3.09233333,-85.1549000,34.9205000,city_centroid
3975,68031,ORCHARD STOP BP,US-30,Montgomery,IL,290,3.649,-88.3320000,41.7177000,city_centroid
3976,68031,ORCHARD STOP BP,US-30,Montgomery,IL,290,3.549,-88.3320000,41.7177000,city_centroid
3978,68036,MOBIL,"I-95, EXIT 60",Salisbury,MA,178,3.599,-70.8588000,42.8507000,city_centroid
3979,68040,MISHAWAKA ROAD FLEET SITE,SR-19 & CR-20,Elkhart,IN,465,3.689,-85.9711250,41.6788250,city_centroid
3980,68043,CARROLL MOTOR FUELS,US-40,Middle River,MD,22,3.139,-76.4153000,39.3401000,city_centroid
3981,68048,CASEYS #3961,SR-3 & SR-143,Marcus,IA,527,3.299,-95.7996105,42.8080005,census
3982,68052,CUBBYS #302,SR-39 & SR-175,Odebolt,IA,319,3.31566666,-95.2501000,42.3095000,city_centroid
3983,68053,KJ TRAVEL CENTER,"US-20, EXIT 310",Idaho Falls,ID,825,3.40733333,-111.9924600,43.4920000,city_centroid
3984,68055,Gallops,US-20,Michigan City,IN,370,3.399,-86.8925000,41.7007500,city_centroid
3985,68062,FARMERS UNION OIL,US-83,Wilton,ND,390,3.899,-100.7944000,47.1709000,city_centroid
3986,68065,Caseys #4450,US-160,Ulysses,KS,525,3.399,-101.3488000,37.5792000,city_centroid
3987,68067,PUMP & PANTRY #2,US-30 & US-281,Grand Island,NE,330,3.30733333,-98.4101667,40.9076667,city_centroid
3988,68068,ELGIN ONE STOP,SR-14 & SR-70,Elgin,NE,470,3.13733333,-98.0751000,41.9732000,city_centroid
3989,68070,PAULS TRUCK STOP,US-171,Leesville,LA,690,3.449,-93.2173000,31.1345500,city_centroid
3990,68072,FAMILY FARE #834 (DISCOUNT AVAILABLE),"US-131, EXIT 175",Byron Center,MI,371,3.739,-85.7136000,42.8016000,city_centroid
3991,68073,BIG BATS 2,US-20,Chadron,NE,506,3.699,-102.9953000,42.8193000,city_centroid
3992,68076,JENNINGS TRUCKSTOP,"I-10, EXIT 65",Jennings,LA,690,2.999,-92.6574000,30.2201000,city_centroid
3993,68079,NORTH FORK TRUCK STOP,US-12/CR-103,White Pigeon,MI,465,3.559,-85.6750000,41.7929000,city_centroid
3994,68079,NORTH FORK TRUCK STOP,US-12/CR-103,White Pigeon,MI,465,3.599,-85.6750000,41.7929000,city_centroid
3995,68080,SAMMYS TRUCK AUTO PLAZA,"I-49, EXIT 53",Bunkie,LA,730,3.399,-92.1466000,30.8641000,city_centroid
3996,68081,SHELL,SR-308 & SR-654,Mathews,LA,725,3.459,-90.5414770,29.6775670,census
3997,68091,ALLTOWN MARKETS,"SR-101, EXIT 2",Auburn,NH,178,3.799,-71.3449000,42.9925000,city_centroid
3998,68093,MARATHON,US-223/CR-52,Adrian,MI,385,3.599,-84.0446000,41.9005000,city_centroid
3999,68095,ALEXS MARKET AND GRILL,"I-75, EXIT 101",Holly,MI,342,4.699,-83.6127000,42.7905000,city_centroid
4000,68100,REFINED MARKETERS,"I-96, EXIT 31A/US-131, EXIT 88",Grand Rapids,MI,344,3.739,-85.6379812,42.9556063,city_centroid
4001,68102,SUNOCO,ST 17,Carlstadt,NJ,115,3.16233333,-74.0925000,40.8403000,city_centroid
4002,68107,SPEEDWAY #4500,"I-35, EXIT 171/CR-11",Pine City,MN,451,3.549,-92.9042000,45.8363000,city_centroid
4003,68110,CIRCLE K #4705573,SR-82,Grafton,OH,414,3.749,-82.0431000,41.2854000,city_centroid
4005,68113,CIRCLE K #4705571,ST 2,Holland,OH,550,3.549,-83.7257000,41.6226000,city_centroid
4006,68114,BP,US-130,Burlington,NJ,230,3.14566666,-74.8454000,40.0680000,city_centroid
4008,68122,CENEX,SR-11/SR-310,Roseau,MN,449,3.499,-95.7504000,48.7048000,city_centroid
4009,68124,CIRCLE K #4705587,SR-585 & SR-57,Rittman,OH,249,3.659,-81.7826000,40.9684000,city_centroid
4010,68129,CULVERS HAWKINS,"US-59/I-29, EXIT 43",Saint Joseph,MO,400,3.199,-94.8366500,39.7495250,city_centroid
4011,68133,CASEYS #4256,US-71/SR-175,Joplin,MO,416,3.069,-94.5095667,37.0758667,city_centroid
4012,68140,CROSSROADS RATON TRUCK STOP,"I-25/US-85, EXIT 451 & US-87",Raton,NM,803,3.499,-104.4349000,36.8952000,city_centroid
4013,68147,Regal Truck Stop,SR 30,New Albany,MS,435,3.249,-89.0031000,34.4851000,city_centroid
4014,68148,CIRCLE K #2723389,US-49,Gulfport,MS,715,2.944,-89.0724750,30.4136750,city_centroid
4015,68151,KUM & GO #0498,SR-125,Rogersville,MO,535,3.05233333,-93.0964000,37.1310000,city_centroid
4016,68154,LOVES TRAVEL STOP #395,"I-57, EXIT 308",Kankakee,IL,290,3.379,-87.8696000,41.1166000,city_centroid
4017,68154,LOVES TRAVEL STOP #395,"I-57, EXIT 308",Kankakee,IL,290,3.449,-87.8696000,41.1166000,city_centroid
4018,68154,LOVES TRAVEL STOP #395,"I-57, EXIT 308",Kankakee,IL,290,3.489,-87.8696000,41.1166000,city_centroid
4019,68154,LOVES TRAVEL STOP #395,"I-57, EXIT 308",Kankakee,IL,290,3.429,-87.8696000,41.1166000,city_centroid
4020,68154,LOVES TRAVEL STOP #395,"I-57, EXIT 308",Kankakee,IL,290,3.549,-87.8696000,41.1166000,city_centroid
4021,68155,SHEETZ #181,"I-80, EXIT 158 & SR-220",Bellefonte,PA,14,3.729,-77.7732000,40.8978000,city_centroid
4023,68157,RAJS MINI MART,US-1/SR-29,Morrisville,PA,230,3.899,-74.8291000,40.2084000,city_centroid
4024,68158,SUNOCO,"I-78, EXIT 29A/SR-61",Shoemakersville,PA,90,3.639,-75.9603000,40.4955000,city_centroid
4025,68161,KWIK FILL #390,SR-15 & TABER RD,Blossburg,PA,138,3.684,-77.0797000,41.6698000,city_centroid
4026,68165,GOLDEN GATE Fallon,US-50,Fallon,NV,966,3.549,-118.7817500,39.4719000,city_centroid
4027,68167,CIRCLE K #4707628,SR-90 & SR-5,Montezuma,NY,220,3.999,-76.7033000,43.0101000,city_centroid
4029,68174,MIRABITO #42,"I-81, EXIT 7",Castle Creek,NY,12,3.999,-75.9087000,42.2568000,city_centroid
4030,68177,ONVO TRAVEL PLAZA - MIFFLINVILLE,"I-80, EXIT 242/CR-339",Mifflinville,PA,138,3.36566666,-76.3080000,41.0323000,city_centroid
4031,68178,CIRCLE K #2723748,"I-20, EXIT 48",Pearl,MS,760,3.389,-90.1108500,32.2675000,city_centroid
4032,68179,WEST PAK A POK,SR-8,Houston,MS,655,3.399,-88.9670000,33.9026000,city_centroid
4033,68180,One9 #1374,"I-81, EXIT 143, SR-924",Hazleton,PA,200,3.86233333,-76.0025000,40.9497000,city_centroid
4034,68185,CITGO,US-22/SR-72,Jonestown,PA,70,3.749,-76.5038000,40.4361000,city_centroid
4035,68188,ONVO TRAVEL PLAZA - GIBSON,"I-81, EXIT 219 & SR-848",New Milford,PA,200,3.589,-75.7171000,41.8664000,city_centroid
4036,68189,EAGLE EXXON,US-27/SR-29,Dayton,TN,285,3.399,-85.0135000,35.5002000,city_centroid
4037,68191,MARTIN GENERAL STORE # 207,SR-865/I-99 EXIT 41,Altoona,PA,14,3.539,-78.4031333,40.5093000,city_centroid
4038,68196,CATDADDY MARKET,SR-33,Tazewell,TN,405,3.299,-83.5552000,36.4710000,city_centroid
4040,68212,CIRCLE K #2723415,"I-26, EXIT 16",Spartanburg,SC,210,3.099,-81.8951714,34.9361714,city_centroid
4041,68213,CADOO MILLS,"I-30/US-67, EXIT 87 & FM-1903",Caddo Mills,TX,253,2.80066666,-96.2391000,33.0683000,city_centroid
4042,68215,COWBOY TRAVEL PLAZA,"I-10, EXIT 833",Hamshire,TX,610,2.899,-94.3187000,29.8668000,city_centroid
4043,68217,CIRCLE K #2723881,US-701 & US-501,Conway,SC,46,3.184,-79.0407333,33.8638667,city_centroid
4044,68225,OASIS TRUCK STOP,US-60 & US-83,Canadian,TX,585,3.299,-100.3841000,35.9045000,city_centroid
4045,68227,QUARLES #4914,"I-64 EXIT 297, US-13",Chesapeake,VA,130,3.52566666,-76.2835250,36.7560375,city_centroid
4046,68234,CIRCLE K #2723705,"I-81, EXIT 80 & SR-121",Wytheville,VA,65,3.26566666,-81.0941000,36.9407000,city_centroid
4047,68235,JOLLEY #113,"I-91, EXIT 28",Derby,VT,39,3.539,-72.1376000,44.9502000,city_centroid
4048,68236,TEX BEST #506,"I-35, EXIT 84",Dilley,TX,747,3.099,-99.1747000,28.6782000,city_centroid
4049,68243,PILOT EXPRESS #1173,"I-5, EXIT 135",Tacoma,WA,977,4.599,-122.4531667,47.2196500,city_centroid
4050,68245,STRIPES #40705,US-77/SR-374,Combes,TX,665,2.91233333,-97.7416000,26.2451000,city_centroid
4051,68253,KENT KWIK #262,"CR-18/I-20, EXIT 80",Monahans,TX,710,2.859,-102.9003000,31.5813000,city_centroid
4052,68256,EXTRA MILE TRUCK STOP,I-30 EXIT 208,Hooks,TX,723,2.81733333,-94.2657000,33.5253000,city_centroid
4053,68257,LOVES TRAVEL STOP #292,"I-55, EXIT 220",Dwight,IL,290,3.589,-88.4159000,41.0887000,city_centroid
4054,68257,LOVES TRAVEL STOP #292,"I-55, EXIT 220",Dwight,IL,290,3.389,-88.4159000,41.0887000,city_centroid
4055,68257,LOVES TRAVEL STOP #292,"I-55, EXIT 220",Dwight,IL,290,3.489,-88.4159000,41.0887000,city_centroid
4056,68257,LOVES TRAVEL STOP #292,"I-55, EXIT 220",Dwight,IL,290,3.349,-88.4159000,41.0887000,city_centroid
4057,68257,LOVES TRAVEL STOP #292,"I-55, EXIT 220",Dwight,IL,290,3.449,-88.4159000,41.0887000,city_centroid
4058,68258,CIRCLE K #2741536,SR-83/CR-1015,Weslaco,TX,639,3.03566666,-97.9897500,26.1644500,city_centroid
4059,68260,ALVARADO MARKET STATION,"I-35W, EXIT 26A & US-67",Alvarado,TX,637,2.844,-97.2130000,32.4395000,city_centroid
4060,68261,STRIPES #2294,US-83 & FM-1120,Leakey,TX,740,2.949,-99.7479000,29.7690000,city_centroid
4061,68266,FREDS FUEL AND FOOD #2,"I-57, EXIT 283 & US-24",Gilman,IL,280,3.189,-87.9933000,40.7680000,city_centroid
4062,68266,FREDS FUEL AND FOOD #2,"I-57, EXIT 283 & US-24",Gilman,IL,280,3.269,-87.9933000,40.7680000,city_centroid
4063,68266,FREDS FUEL AND FOOD #2,"I-57, EXIT 283 & US-24",Gilman,IL,280,3.049,-87.9933000,40.7680000,city_centroid
4064,68268,SPEED SMART,"I-10, EXIT 114",Buckeye,AZ,930,3.37233333,-112.5312500,33.4191500,city_centroid
4065,68270,MPC #2,US-67 & CR-A,Fredericktown,MO,574,2.99066666,-90.3362000,37.4906000,city_centroid
4066,68271,PHOENIX #308,ST 210,Rocky Point,NC,245,3.619,-77.9234000,34.4344000,city_centroid
4067,68273,CHISUM TRAVEL CENTER,US-70/US-54,Tularosa,NM,640,2.999,-106.0108000,33.0650000,city_centroid
4068,68274,CEFCO #6,SR-6 & SR-7,Marlin,TX,765,2.999,-96.8889000,31.3036000,city_centroid
4069,68276,KWIK STAR #895,US-18/US-63 EXIT 204,New Hampton,IA,565,3.449,-92.3131000,43.0560000,city_centroid
4070,68277,WHITE OAK STATION #15,US-65,Harrison,AR,735,3.599,-93.1069500,36.2357500,city_centroid
4071,68279,MACS MARKET #101,ST 22A,Fair Haven,VT,12,3.599,-73.2701000,43.6234000,city_centroid
4072,68282,SUNSTOP #612,US-84,Andalusia,AL,720,3.48566666,-86.4986000,31.3109000,city_centroid
4073,68290,WALTON TRUCK STOP,US-78/SR-10 & SR-83,Monroe,GA,16,3.999,-83.7058500,33.8134500,city_centroid
4074,68292,GAS N GO,US-280/US-19,Americus,GA,10,3.299,-84.2564000,32.0618500,city_centroid
4075,68294,BP,"I-74, EXIT 51",Galesburg,IL,270,3.499,-90.3705000,40.9499500,city_centroid
4076,68298,MR FUEL #719,"I-80, EXIT 6",Gary,IN,365,3.56566666,-87.3397125,41.5794375,city_centroid
4077,68301,LOVES TRAVEL STOP #463,I-10 EXIT 604,Seguin,TX,740,3.179,-97.9670000,29.5865500,city_centroid
4078,68302,FLYING J #493,I-95 EXIT 77,Saint George,SC,42,3.519,-80.5732000,33.1845000,city_centroid
4079,68303,KWIK TRIP #351,SR-13 & SR-64,Medford,WI,295,3.40066666,-90.3503000,45.1512000,city_centroid
4081,68307,EXPRESSWAY LUVERNE,"I-90, EXIT 12",Luverne,MN,432,3.239,-96.2216000,43.6614000,city_centroid
4082,68308,PINECONE TRAVEL PLAZA,"I-94, EXIT 267",Johnson Creek,WI,420,3.219,-88.7836000,43.0751000,city_centroid
4083,68311,SUN DO KWIK SHOP,SR-242,Evergreen,NC,63,3.159,-78.8947000,34.4204000,city_centroid
4084,68314,Refuel #313,US-183 & SR-29,Liberty Hill,TX,595,2.909,-97.9316000,30.6630000,city_centroid
4085,68315,SHELL,"I-40, EXIT 200 & SR-99",Seminole,OK,483,2.859,-96.6694500,35.2383000,city_centroid
4086,68316,CIRCLE K #2723622,"I-75, EXIT 345",Ringgold,GA,285,3.07566666,-85.1549000,34.9205000,city_centroid
4087,68318,NINOS TRUCK PLAZA,"I-10, EXIT 151",Port Allen,LA,600,3.039,-91.2541000,30.4720000,city_centroid
4088,68319,HOLIDAY STATIONSTORE #2746484,US-61 & US-10,Hastings,MN,448,3.569,-92.8637000,44.7129000,city_centroid
4089,68321,Big's #304,"I-35, EXIT 141",Moore,TX,740,2.999,-99.0204000,29.0595000,city_centroid
4090,68323,TRAINER MART,"I-10, EXIT 593",Marion,TX,740,2.999,-98.1517000,29.5683000,city_centroid
4091,68328,TONKAWA TRAVEL CENTER,"I-35, EXIT 214 & US-60",Tonkawa,OK,500,3.099,-97.3063000,36.6806000,city_centroid
4092,68330,SHREES TRUCK STOP,"I-90, EXIT 149 & SR-281",George,WA,920,3.709,-119.8601000,47.0792000,city_centroid
4093,68330,SHREES TRUCK STOP,"I-90, EXIT 149 & SR-281",George,WA,920,3.569,-119.8601000,47.0792000,city_centroid
4094,68330,SHREES TRUCK STOP,"I-90, EXIT 149 & SR-281",George,WA,920,3.739,-119.8601000,47.0792000,city_centroid
4095,68330,SHREES TRUCK STOP,"I-90, EXIT 149 & SR-281",George,WA,920,3.759,-119.8601000,47.0792000,city_centroid
4096,68332,CIRCLE K #2701526,"I-40, EXIT 208",Colfax,NC,65,2.95733333,-80.0103000,36.1003000,city_centroid
4097,68333,GO MART FOOD STORE #106,US-250/US-219/SR-92/SR-55,Elkins,WV,44,3.499,-79.8471000,38.9253000,city_centroid
4098,68335,PILOT #481,"I-75, EXIT 20",Mc Donald,TN,285,3.599,-84.9892000,35.0869000,city_centroid
4099,68337,SPEEDWAY #1426,US-30 & SR-51,Merrillville,IN,290,3.88566666,-87.3618500,41.4786000,city_centroid
4100,68339,LOVES TRAVEL STOP #464,"I-10, EXIT 523 & US-87",Comfort,TX,740,3.21233333,-98.9050000,29.9677000,city_centroid
4101,68343,HUTCH'S #119,I-40 EXIT 40,Elk City,OK,483,2.969,-99.4127000,35.4112000,city_centroid
4103,68348,HOT SPOT #6007,"I-85, EXIT 80",Spartanburg,SC,210,3.089,-81.8951714,34.9361714,city_centroid
4104,68349,SAPP BROS TRAVEL CENTER,"US-75, EXIT 116",Le Mars,IA,527,3.269,-96.1704000,42.7962000,city_centroid
4105,68350,JOAQUIN QUICK STOP,US-84,Joaquin,TX,618,3.43233333,-94.0608000,31.9440000,city_centroid
4106,68354,LEERJAK TRAVEL CENTER,US-60,Ellsinore,MO,275,3.409,-90.7485000,36.9453000,city_centroid
4107,68359,LOVES TRAVEL STOP #466,"I-78, EXIT 65",Jasper,AL,615,3.55566666,-87.2505333,33.8797000,city_centroid
4109,68361,DUCK THRU FOOD STORE #34,US-158 & US-17,Elizabeth City,NC,130,3.499,-76.2377000,36.2885000,city_centroid
4110,68362,RUTTERS #5,US-30 & SR-997,Fayetteville,PA,70,3.859,-77.5310000,39.9065000,city_centroid
4111,68364,Maplefields,"I-89, EXIT 19",Saint Albans,VT,39,3.539,-73.0861000,44.8110000,city_centroid
4112,68365,7-ELEVEN #36834,SR-72,Abbeville,SC,30,3.619,-82.3785000,34.1819000,city_centroid
4113,68366,MARATHON,US-68/SR-80,Russellville,KY,460,3.199,-86.8823000,36.8453000,city_centroid
4114,68367,LOVES TRAVEL STOP #447,"I-10 E, EXIT 0",Anthony,TX,640,3.449,-106.5976000,31.9907000,city_centroid
4115,68368,AKAL TRAVEL CENTER,I-80 EX 360,Waco,NE,413,2.799,-97.4534000,40.9198000,city_centroid
4116,68369,WORKMANS TRAVEL CENTER,"I-40 EXIT, 35 & SR-23",Ozark,AR,735,3.29733333,-93.8374000,35.5246000,city_centroid
4117,68370,GULF EXPRESS DIESEL AND GAS,"I-295, EXIT 4 & SR-14",Johnston,RI,175,3.799,-71.5200000,41.8274000,city_centroid
4118,68372,SPEEDWAY #8062,SR-26/CR-00,Kokomo,IN,375,3.799,-86.1331333,40.4731000,city_centroid
4119,68375,PILOT #491,"I-81, EXIT 251 & US-11",Harrisonburg,VA,185,3.659,-78.8581000,38.4574750,city_centroid
4120,68377,PILOT #4568,I-20 EXIT 11,Graniteville,SC,135,3.39233333,-81.8147000,33.5630000,city_centroid
4121,68378,PILOT TRAVEL CENTERS #596,I-69 EXIT 196,Smiths Creek,MI,342,3.959,-82.5679000,42.9051000,city_centroid
4122,68381,Fast Stop Travel Centers #2241,US-26 S & SR-39,Blackfoot,ID,825,3.999,-112.3615000,43.1943000,city_centroid
4123,68382,QUIKTRIP #766,US-29 & SR-316,Dacula,GA,18,3.32066666,-83.8795000,33.9883000,city_centroid
4124,68383,AYERCO 32,US-61 & SR-P,Canton,MO,494,3.01566666,-91.5480000,40.1437000,city_centroid
4125,68386,KWIK TRIP #884,US-45 & SR-22,Clintonville,WI,582,3.559,-88.7430000,44.6364000,city_centroid
4126,68389,WEBERS OF PLYMOUTH,SR-57 N/CR-PP E,Plymouth,WI,582,3.499,-87.9779000,43.7526000,city_centroid
4127,68394,CHEVRON,"I-84, EXIT 343/CR-104",Ogden,UT,835,3.44233333,-111.9692778,41.2324889,city_centroid
4129,68403,RUTTERS #16,"I-83, EXIT 10 & SR-214",York,PA,70,4.199,-76.6970000,39.9649875,city_centroid
4130,68405,PILOT TRAVEL CENTER #1028,"I-45, EXIT 178/US-79 N",Buffalo,TX,765,3.549,-95.9904000,31.4121000,city_centroid
4131,68406,TOOT N TOTUM #114,US-385/US-54,Dalhart,TX,585,3.199,-102.5177000,36.0732000,city_centroid
4132,68411,PAWNEE TRAVEL PLAZA,US-412 & SR-18,Pawnee,OK,560,3.044,-96.7923000,36.3362000,city_centroid
4133,68416,STRIPES 7FLEET #42515,US-87 N,Lamesa,TX,710,3.099,-101.9569000,32.7367000,city_centroid
4134,68417,7-ELEVEN #42072,"I-20, EXIT 599/SR-281",Longview,TX,766,3.20733333,-94.7624875,32.5098000,city_centroid
4135,68419,ROAD RANGERS #270,"I-35, EXIT 114/SR-462",Moore,TX,740,3.169,-99.0204000,29.0595000,city_centroid
4136,68420,SHELBINA Phillips 66,US-36 & SR-15,Shelbina,MO,494,3.099,-92.0371000,39.6947000,city_centroid
4137,68421,STRIPES,US-77,Refugio,TX,625,3.074,-97.2767000,28.3169000,city_centroid
4138,68423,GOLDEN GATE TRUCKSTOP,"I-80, EXIT 106 & SR-398",Lovelock,NV,966,3.649,-118.4689000,40.1819000,city_centroid
4139,68424,MAVERICK TRAVEL CENTER,"I-20, EXIT 386/US-281",Santo,TX,637,3.099,-98.1797000,32.5979000,city_centroid
4140,68428,STRIPES #40519,US-90/CR-1023,Uvalde,TX,740,3.359,-99.7862500,29.2204500,city_centroid
4141,68432,PAPA ROCK,US-79/SR-76,Clarksville,TN,460,3.199,-87.3547000,36.5253600,city_centroid
4142,68434,Circle K #2741789,"I-30, EXIT 98 & US-270",Malvern,AR,695,3.439,-92.8292000,34.3557000,city_centroid
4144,68441,QUIKTRIP #1106,US-76,Anderson,SC,30,2.959,-82.7018500,34.4819333,city_centroid
4145,68444,Sunoco,US-30,Roebling,NJ,160,3.159,-74.7772000,40.1154000,city_centroid
4146,68446,J J OIL #07,US-160,Ulysses,KS,525,3.399,-101.3488000,37.5792000,city_centroid
4147,68447,JUMPIN JACKS 419,SR-161,Rockport,IN,487,3.999,-87.0770000,37.8858000,city_centroid
4148,68451,CASEYS #3439,US-63,Lime Springs,IA,433,3.56566666,-92.2733000,43.4556000,city_centroid
4149,68453,Marathon,US-82/US-27,Cuthbert,GA,10,3.699,-84.7936000,31.7706000,city_centroid
4150,68458,SPEEDWAY #6278,"I-96, EXIT 16",Coopersville,MI,456,3.599,-85.9517000,43.0601000,city_centroid
4151,68458,SPEEDWAY #6278,"I-96, EXIT 16",Coopersville,MI,456,3.499,-85.9517000,43.0601000,city_centroid
4152,68462,CHEVRON,SR-24 & SR-660,Houma,LA,623,3.099,-90.7232000,29.5950250,city_centroid
4153,68463,SPANISH LAKE TRUCK AND CASINO PLAZA,SR-182,New Iberia,LA,730,3.329,-91.7961000,30.0096667,city_centroid
4154,68465,LOVES TRAVEL STOP #470,"I-75, EXIT 451",Jasper,FL,10,3.32733333,-82.9322000,30.5029000,city_centroid
4155,68466,KWIK TRIP #462,SR-11 & SR-83,Burlington,WI,444,3.274,-88.2749000,42.6660000,city_centroid
4156,68468,SHELL,SR-193/SR-163 & CR-26,Theodore,AL,715,3.039,-88.2170000,30.5162000,city_centroid
4157,68469,8 MILE STORE,"US-64/I-40, EXIT 127",Conway,AR,695,3.399,-92.4156000,35.0906000,city_centroid
4158,68471,B LINE SHELL,SR-710,Jupiter,FL,140,3.95733333,-80.1227400,26.9388200,city_centroid
4159,68476,CREEK TRAVEL PLAZA,"I-65, EXIT 54",Atmore,AL,715,3.13566666,-87.4928000,31.0322667,city_centroid
4160,68480,KUM & GO #0414,US-212/SR-265,Springdale,AR,645,3.14233333,-94.1253250,36.1785750,city_centroid
4161,68493,FAST TRACK 427,"I-10, EXIT 225/US-19",Lamont,FL,20,3.739,-83.8129000,30.3772000,city_centroid
4162,68494,LOVES TRAVEL STOPS #469,"I-85, EXIT 15 & US-1",South Hill,VA,180,3.949,-78.1534000,36.7124000,city_centroid
4163,68494,LOVES TRAVEL STOP #469,"I-85, EXIT 15 & US-1",South Hill,VA,180,3.949,-78.1534000,36.7124000,city_centroid
4165,68499,DUBOIS TRAVEL STOP,I-15 & MAIN,Dubois,ID,825,4.299,-112.3259000,44.1858000,city_centroid
4166,68506,WARRIOR RIDGE,US-22 & SR-3035,Ashland,PA,14,3.699,-76.3430000,40.7732000,city_centroid
4167,68511,PWI #675,I-10/US-85/US-180 EXIT 155 & SR-227,Vado,NM,640,2.949,-106.6490000,32.1187000,city_centroid
4168,68512,BP,US-29/SR-154,Palmetto,GA,18,3.249,-84.6790000,33.5242000,city_centroid
4169,68518,CHEVRON,SR-243,Gordon,GA,85,3.359,-83.3029000,32.8813000,city_centroid
4170,68520,SPEED GAS,SR-56,Rosenhayn,NJ,150,3.459,-75.1313000,39.4782000,city_centroid
4171,68522,MINIT MART #600632,"I-474, EXIT 9 & SR-29",Pekin,IL,368,3.739,-89.6384000,40.5652000,city_centroid
4172,68524,Coastal Fuel,US-421,Wilmington,NC,245,3.399,-77.8802750,34.2212375,city_centroid
4173,68531,CASEYS #2845,"SR-150, I-380, EXIT 41",Urbana,IA,380,3.449,-91.8881000,42.2365000,city_centroid
4174,68533,MACH ONE FOOD SHOP #17,US-45/US-50,Flora,IL,510,3.899,-88.4919000,38.6703000,city_centroid
4175,68534,BG FOOD MART,US-31,Bowling Green,KY,460,3.05733333,-86.4200500,36.9608750,city_centroid
4176,68535,CASEYS #3295,SR-35 & SR-27,Prairie Du Chien,WI,420,3.499,-91.1193000,43.0426000,city_centroid
4177,68541,DUCK THRU #3,SR-11 & SR-561,Ahoskie,NC,130,3.56233333,-76.9966000,36.2957000,city_centroid
4179,68549,GOOD 2 GO #212,US-310/SR 789,Lovell,WY,780,3.657,-108.4141000,44.8336000,city_centroid
4180,68552,HUCKS FOOD & FUEL #368,"US-41, EXIT 44/SR-281",Madisonville,KY,340,3.399,-87.4953000,37.3256000,city_centroid
4181,68556,MONICARLO FUEL STOP,US-61 & SR-54,Garyville,LA,623,3.199,-90.6201000,30.0535000,city_centroid
4182,68559,KUM & GO #0779,"I-35, EXIT 92 & US-136",Bethany,MO,320,2.95566666,-94.0189000,40.2601000,city_centroid
4183,68562,CHEVRON,SR-3235,Galliano,LA,725,3.499,-90.2981000,29.4311000,city_centroid
4184,68572,FOOD N FUN #17,US-90 & SR-83 & CR-605,New Iberia,LA,730,3.067,-91.7961000,30.0096667,city_centroid
4185,68574,SPRING STREET SERVICE STATION,US-1/US-9,Elizabeth,NJ,115,3.099,-74.2151000,40.6667250,city_centroid
4186,68581,CHEVRON #308195,"I-82, EXIT 58/US-12 & SR-223",Granger,WA,977,4.499,-120.1818000,46.3480000,city_centroid
4187,68581,CHEVRON #308195,"I-82, EXIT 58/US-12 & SR-223",Granger,WA,977,4.329,-120.1818000,46.3480000,city_centroid
4188,68588,SHELL,"US-202, EXIT 16",Orange,MA,175,3.649,-72.2924000,42.6129000,city_centroid
4189,68592,Sprint Food #742,US-25/SR-121,North Augusta,SC,135,3.159,-81.9597667,33.5432333,city_centroid
4190,68593,ONE9 #1285,"I-20, EXIT 386 & US-281",Santo,TX,575,2.924,-98.1797000,32.5979000,city_centroid
4192,68595,SUPER LUCKY LOUIES,US-190/SR-1,Port Allen,LA,600,3.03233333,-91.2541000,30.4720000,city_centroid
4193,68596,FLASH MARKET SHELL,US-63,Koshkonong,MO,418,3.499,-91.6304000,36.6056000,city_centroid
4194,68598,7-ELEVEN #41032,US-84 & US-259,Mount Enterprise,TX,618,3.349,-94.6235000,31.9125000,city_centroid
4195,68602,NEW DIXIE MART #19,"I-95, EXIT150",Whitakers,NC,205,3.339,-77.7167000,36.0758000,city_centroid
4196,68606,SAMS MART #95,SR-49,Harrisburg,NC,46,3.799,-80.6594000,35.3247000,city_centroid
4197,68613,SHEETZ #236,SR-441 & SR-772,Marietta,PA,70,3.389,-76.5645000,40.0664000,city_centroid
4198,68618,MINER TOWNE MART,206 R-11,Shullsburg,WI,335,3.399,-90.2266000,42.5786000,city_centroid
4199,68621,CIRCLE K #2723367,"I-77, EXIT 8 & SR-148",Fancy Gap,VA,65,3.29066666,-80.6907000,36.6640000,city_centroid
4200,68622,PILOT #474,"I-79, EXIT 67 & SR-19",Sutton,WV,44,3.86566666,-80.6760000,38.6541000,city_centroid
4201,68623,FLYING J TRAVEL PLAZA #304,"I-469, EXIT 19 & US-30",New Haven,IN,370,3.859,-85.0117000,41.0699000,city_centroid
4202,68623,FLYING J #304,"I-469, EXIT 19 & US-30",New Haven,IN,370,3.859,-85.0117000,41.0699000,city_centroid
4203,68624,PILOT #586,"I-10, EXIT 69 & SR-63",Moss Point,MS,715,3.459,-88.5080000,30.4860500,city_centroid
4204,68625,FLYING J #470 HUDSON,"I-94, EXIT 10 & US-65",Roberts,WI,450,3.559,-92.5598000,44.9874000,city_centroid
4205,68626,BECKS EXPRESS MART #14,SR-26,Princeton,IL,270,3.249,-89.4270000,41.3629000,city_centroid
4206,68630,DOWNSTREAM Q STORE,US-166/US-400,Joplin,MO,277,3.199,-94.5095667,37.0758667,city_centroid
4207,68642,EXXON SANDY RIDGE MART,"I-40/US-421, EXIT 208",Colfax,NC,65,3.099,-80.0103000,36.1003000,city_centroid
4208,68643,SHELL,"I-95, EXIT 58 & US-13",Wade,NC,63,3.199,-78.7249000,35.1606000,city_centroid
4209,68644,SUPERPUMPER #32,US-2,Minot,ND,452,3.599,-101.3029000,48.2593750,city_centroid
4211,68653,KWIK TRIP #679,"I-43, EXIT 128 & SR-42",Sheboygan,WI,444,3.21566666,-87.7031333,43.7589667,city_centroid
4212,68656,TA Express Williston,US-2 & US-85,Williston,ND,807,3.44733333,-103.6279000,48.1804333,city_centroid
4213,68659,KWIK TRIP #659,"US-52, EXIT 56 & CR-22",Rochester,MN,515,3.549,-92.4639000,44.0317000,city_centroid
4214,68663,LOVES TRAVEL STOP #474,US-85/US-2 & CR-6,Williston,ND,273,3.519,-103.6279000,48.1804333,city_centroid
4215,68665,BIG D 14,"I-90, EXIT 46/US-14/SR-79",Piedmont,SD,506,3.13733333,-103.3688000,44.2287000,city_centroid
4216,68671,CASEYS #2969,US-81 & RD F,Fairmont,NE,350,3.28233333,-97.5957990,40.6257454,census
4217,68672,24 NORTH MOBIL,"I-495, EXIT 7A & SR-24, EXIT 14B",Bridgewater,MA,175,3.699,-70.9725500,41.9823000,city_centroid
4218,68674,TEXACO,US-290 & SR-696,Elgin,TX,595,3.099,-97.3737000,30.3231000,city_centroid
4219,68684,Rebecca Plantation Truck Plaza,"US-90, EXIT 200 & SR-311",Schriever,LA,623,2.999,-90.8513000,29.7123000,city_centroid
4221,68689,CHEVRON,"I-10, EXIT 59 & SR-395",Roanoke,LA,690,3.609,-92.7421000,30.2464000,city_centroid
4222,68690,MARATHON,US-30 & SR-30,Mansfield,OH,315,3.499,-82.5168714,40.7609286,city_centroid
4223,68691,BYRNE DAIRY #43,"I-81, EXIT 36 & SR-13",Pulaski,NY,220,4.099,-76.1252000,43.5562000,city_centroid
4224,68692,DANDY MINI MART #57,SR-14,Horseheads,NY,190,3.899,-76.8345000,42.1805000,city_centroid
4225,68693,SUPER STOPS,SR-70 & SR-308,Belle Rose,LA,623,3.499,-91.0525710,30.0002880,census
4226,68696,STRIPES #40800,FM-351 & US-181,Beeville,TX,625,3.01566666,-97.7688000,28.4076500,city_centroid
4228,68698,GAS N WASH,"I-80, EXIT 145 & SR-84",Mokena,IL,365,3.499,-87.8911000,41.5342000,city_centroid
4230,68701,SPEEDWAY #1421,US-45 & CR-74,Frankfort,IL,293,3.399,-87.8248000,41.5094000,city_centroid
4231,68701,SPEEDWAY #1421,US-45 & CR-74,Frankfort,IL,293,3.359,-87.8248000,41.5094000,city_centroid
4232,68701,SPEEDWAY #1421,US-45 & CR-74,Frankfort,IL,293,3.299,-87.8248000,41.5094000,city_centroid
4233,68701,SPEEDWAY #1421,US-45 & CR-74,Frankfort,IL,293,3.369,-87.8248000,41.5094000,city_centroid
4234,68702,QUIKTRIP #1120,"I-85, EXIT 90 & SR-105",Gaffney,SC,210,3.19066666,-81.6690333,35.0525667,city_centroid
4235,68708,LOVES TRAVEL STOP #476,"I-80, EXIT 292 & SR-130",Davenport,IA,270,3.86233333,-90.5874000,41.5517714,city_centroid
4236,68716,ALLTOWN MARKETS #833,I-95 EXIT 41,Milford,CT,100,3.599,-73.0648000,41.2256500,city_centroid
4237,68722,Pilot #140,US-40/US-191,Roosevelt,UT,835,3.759,-110.0108000,40.3102000,city_centroid
4238,68730,KENT KWIK #315,SR-158 & FM-1788,Midland,TX,710,3.43733333,-102.2740170,32.0458330,census
4239,68734,LOVES TRAVEL STOP #478,"I-15, EXIT 113",Idaho Falls,ID,825,3.75566666,-111.9924600,43.4920000,city_centroid
4240,68737,KWIK TRIP #691,"I-39, EXIT 161",Stevens Point,WI,395,3.559,-89.5352000,44.5289667,city_centroid
4241,68738,CASEYS #2316,US-136/SR-5 & SR-5,Unionville,MO,320,3.214,-92.9951000,40.4815000,city_centroid
4242,68740,Certified Oil #400352,US-20 & SR-510 & SR-101,Clyde,OH,550,3.379,-82.9918000,41.3024000,city_centroid
4243,68741,COUNTY LINE TRUCK STOP,SR-22,Dickinson,ND,273,3.53233333,-102.7730500,46.8424500,city_centroid
4244,68742,ARTESIA #401,SR-82 & SR-285,Artesia,NM,593,3.439,-104.3677500,32.7960000,city_centroid
4245,68796,MR FUEL #731,"I-70, EXIT 123 & SR-3",Spiceland,IN,375,3.699,-85.4450000,39.8271000,city_centroid
4246,68797,SPEEDWAY #1412,SR-43,Frankfort,IL,293,3.359,-87.8248000,41.5094000,city_centroid
4247,68798,PILOT DEALER #1179,SR-189,Nogales,AZ,980,4.249,-110.9264000,31.4545000,city_centroid
4248,68798,PILOT #1179,SR-189,Nogales,AZ,980,4.249,-110.9264000,31.4545000,city_centroid
4249,68799,SHELL FOOD MART # 25,"I-20, EXIT 77 & SR-13",Morton,MS,705,3.199,-89.5949000,32.4029000,city_centroid
4250,68801,7-ELEVEN #40574,US-281,Blanco,TX,740,3.399,-98.4107000,30.0874000,city_centroid
4251,68803,SHELL,"I-45, EXIT 152",Madisonville,TX,670,3.18233333,-95.9091000,30.9533000,city_centroid
4252,68806,SHELL,US-90,Westwego,LA,725,3.06566666,-90.1728000,29.9016500,city_centroid
4253,68808,SPEEDWAY #4574,US-701,Loris,SC,245,3.269,-78.9161000,34.0558000,city_centroid
4254,68813,SPEEDWAY #8741,"I-96, EXIT 86 & SR-100",Eagle,MI,406,3.789,-84.7590000,42.8263000,city_centroid
4255,68814,TA HOLBROOK,"I-40/US-180, EXIT 283",Holbrook,AZ,580,3.65566666,-110.1434000,34.9085000,city_centroid
4256,68815,LOVES TRAVEL STOP #471,"I-35, EXIT 127 & FM-471",Natalia,TX,740,3.203,-98.8552000,29.2117000,city_centroid
4257,68815,LOVES TRAVEL STOPS #471,"I-35, EXIT 127 & FM-471",Natalia,TX,740,3.289,-98.8552000,29.2117000,city_centroid
4258,68821,Joe's Kwik Mart #473,CR-139,Lancaster,NY,38,3.799,-78.6631000,42.9017000,city_centroid
4259,68821,Joe's Kwik Mart #473,CR-139,Lancaster,NY,38,3.659,-78.6631000,42.9017000,city_centroid
4260,68822,CASEYS #3919,"I-35/US-50, EXIT 148 & SR-131",Lebo,KS,400,3.089,-95.8222000,38.4161000,city_centroid
4261,68823,FRIENDS FOOD MART,SR-13,Mansfield,OH,249,4.199,-82.5168714,40.7609286,city_centroid
4262,68824,EXPRESSWAY,SR-60 & CR-9,Heron Lake,MN,425,3.299,-95.3267000,43.7979000,city_centroid
4263,68825,ALLTOWN MARKETS #832,"I-95, EXIT 40",Milford,CT,100,3.599,-73.0648000,41.2256500,city_centroid
4264,68826,HIGHWAY SERVICE,US-44,Seekonk,MA,175,3.319,-71.3224000,41.8378000,city_centroid
4265,68828,CIRCLE K #2721540,US-78 & SR-15,New Albany,MS,435,3.759,-89.0031000,34.4851000,city_centroid
4267,68835,SPEEDWAY #7954,US-258/SR-24,Richlands,NC,205,3.324,-77.5863000,34.8624000,city_centroid
4268,68836,Corner Market #160,US-60,Pampa,TX,585,3.399,-100.9569500,35.5357000,city_centroid
4269,68839,CHOCTAW TRAVEL PLAZA #641,US-69/SR-43,Stringtown,OK,560,3.159,-96.0002000,34.4676000,city_centroid
4270,68840,LOVES TRAVEL STOP #475,"I-20/US-84, EXIT 242 & FM-142",Sweetwater,TX,575,3.189,-100.3979000,32.4726000,city_centroid
4271,68841,PILOT TRAVEL CENTER #575,"I-95, EXIT 1",Saint Marys,GA,75,3.599,-81.5465000,30.7305000,city_centroid
4272,68841,PILOT TRAVEL CENTERS #575,"I-95, EXIT 1",Saint Marys,GA,75,3.599,-81.5465000,30.7305000,city_centroid
4274,68844,FLYING J #553,"I-10, EXIT 259",Fort Stockton,TX,710,3.659,-102.8799000,30.8908000,city_centroid
4275,68845,PILOT TRAVEL CENTER #4651,"I-95, EXIT 4",Skippers,VA,180,3.799,-77.5921000,36.5958000,city_centroid
4276,68847,CIRCLE K #2741553,US-190/US-183 & US-281,Lampasas,TX,595,2.759,-98.1834000,31.0680000,city_centroid
4277,68848,CIRCLE K #2741328,"I-35, EXIT 328 & FM-2063",Hewitt,TX,765,2.86566666,-97.1966000,31.4582000,city_centroid
4278,68849,Circle K #2706632,US-80/SR-8 & CR-480,Selma,AL,720,3.699,-87.0197000,32.4142333,city_centroid
4279,68850,SPRINT MART #67,US-84/US-425,Vidalia,LA,730,3.08233333,-91.4695000,31.5782000,city_centroid
4280,68856,KWIK N EZ #1,"I-40, EXIT 265",Checotah,OK,645,2.909,-95.5350000,35.4358000,city_centroid
4281,68860,PETRO STOP #394,"I-35, EXIT 101 & FM-140",Pearsall,TX,740,3.53566666,-99.0944000,28.8923000,city_centroid
4282,68861,KWIK TRIP #733,SR-76/SR-44,Caledonia,MN,515,3.49066666,-91.4837000,43.6221000,city_centroid
4283,68864,QUICK FUEL #3190,"I-75, EXIT 68",Dayton,OH,317,3.67733333,-84.1782063,39.7449750,city_centroid
4285,68868,PUMP & PANTRY #14,SR-92/SR-2,Broken Bow,NE,330,3.299,-99.6355000,41.4126000,city_centroid
4286,68869,PUMP & PANTRY #4,SR-2 & SR-11,Cairo,NE,330,3.32733333,-98.6165000,41.0002000,city_centroid
4287,68873,ONVO TRAVEL PLAZA - MOUNTAIN COBB,"I-84, EXIT 8",Lake Ariel,PA,200,3.58566666,-75.4313000,41.4395000,city_centroid
4288,68874,QUIKTRIP #492,"I-10, EXIT 114 & SR-85",Buckeye,AZ,930,3.369,-112.5312500,33.4191500,city_centroid
4289,68875,SHEETZ #512,"I-40, EXIT 203 & SR-66",Kernersville,NC,65,2.844,-80.0784000,36.1182000,city_centroid
4290,68882,CAPITAL FUELS MYTON,US-40/191,Myton,UT,835,3.50233333,-110.0481000,40.1940000,city_centroid
4291,68883,CBH TRAVEL CENTER,US-85,Belle Fourche,SD,506,3.299,-103.8396000,44.6723000,city_centroid
4292,68885,FLYING J #488,"I-35, EXIT 69",Cotulla,TX,693,3.599,-99.2328000,28.4398000,city_centroid
4293,68886,BEBO'S,SR-38,Kentwood,LA,600,3.01566666,-90.4728000,30.8892000,city_centroid
4294,68888,Express Lane,"US-80, EXIT 33 & US-6/SR-78",Annawan,IL,270,3.299,-89.9129000,41.3980000,city_centroid
4295,68888,Express Lane,"US-80, EXIT 33 & US-6/SR-78",Annawan,IL,270,3.399,-89.9129000,41.3980000,city_centroid
4296,68890,Circle K #2741795,"I-430, EXIT 12 & SR-100",Maumelle,AR,695,3.18566666,-92.4059000,34.8491000,city_centroid
4297,68891,LOVES TRAVEL STOP #480,I-40 EXIT 364,Lenoir City,TN,405,3.439,-84.2426500,35.7993500,city_centroid
4298,68892,OLIVE EXXON,US-31,Holland,MI,371,3.799,-86.1226333,42.7900667,city_centroid
4299,68893,J & H FAMILY STORE,"I-96, EXIT 52 & SR-50",Lowell,MI,371,3.789,-85.3653000,42.9550000,city_centroid
4300,68894,ROCKFORD MOBIL MART,"US-131, EXIT 97",Rockford,MI,344,3.599,-85.5368000,43.1176000,city_centroid
4301,68894,ROCKFORD MOBIL MART,"US-131, EXIT 97",Rockford,MI,344,3.299,-85.5368000,43.1176000,city_centroid
4302,68895,J & H FAMILY STORE #103,"I-196, EXIT 62",Hudsonville,MI,344,3.399,-85.8751000,42.8748000,city_centroid
4303,68897,TA CARYVILLE,"I-75, EXIT 141",Pioneer,TN,405,3.00733333,-84.2907000,36.4695000,city_centroid
4304,68899,XTRAMART,SR-9,Westborough,MA,175,3.649,-71.6176000,42.2679000,city_centroid
4305,68900,DUCK THRU #41,US-17/SR-37,Hertford,NC,130,3.599,-76.4196000,36.1793500,city_centroid
4306,68901,SPEEDWAY #1224,"SR-741 & I-71, EXIT 25",Mason,OH,300,3.159,-84.3149000,39.3357000,city_centroid
4307,68902,CASEYS #3062,SR-281 & SR-160,Medicine Lodge,KS,357,3.114,-98.5848000,37.2845000,city_centroid
4309,68907,QUIKTRIP #943,"I-35E, EXIT 405 & US-77",Waxahachie,TX,630,2.89566666,-96.8545516,32.3527727,census
4311,68912,Chisholm Corner #13,"SR-19 & I-35, EXIT 72",Pauls Valley,OK,569,3.089,-97.2195000,34.7385000,city_centroid
4312,68913,CASEYS #3263,"I-90, EXIT 43 & SR-60",Worthington,MN,530,3.14233333,-95.6059000,43.6286000,city_centroid
4313,68915,PUMP & PANTRY #53,US-20,Jackson,NE,527,3.41233333,-96.5743000,42.4529000,city_centroid
4314,68916,YESWAY #1075,"I-20, EXIT 278",Tye,TX,575,2.87566666,-99.8684000,32.4477000,city_centroid
4315,68919,GULF MART 5150,"I-90 E, MM 117",Natick,MA,34,4.06566666,-71.3574000,42.2875000,city_centroid
4316,68921,GAS N GO,US-341/SR-7 & SR-96/SR-49,Fort Valley,GA,85,3.18233333,-83.8887000,32.5496000,city_centroid
4317,68923,STRIPES 7FLEET #42509,US-67 & SR-137,Big Lake,TX,612,3.599,-101.4673300,31.1917250,census
4318,68924,KWIK TRIP #326,"I-90, EXIT 171 & US-51 & US-14",Janesville,WI,420,3.374,-89.0504500,42.7046500,city_centroid
4319,68925,KWIK TRIP #874,"I-35, EXIT 132 & US-8",Chisago City,MN,448,3.32733333,-92.8921000,45.3611000,city_centroid
4320,68926,KWIK TRIP #872,SR-26,Jefferson,WI,420,3.38233333,-88.8078000,43.0006000,city_centroid
4321,68927,MARATHON,US-19 & SR-80,Rosedale,VA,185,3.749,-81.9312000,36.9593000,city_centroid
4322,68928,PILOT TRAVEL CENTER #475,"I-40, EXIT 196 & SR-41",Moriarty,NM,580,3.244,-106.0609000,34.9889000,city_centroid
4323,68929,SPEEDWAY #6953,"I-74/US-311, EXIT 65",High Point,NC,65,3.529,-79.9933667,35.9862333,city_centroid
4324,68930,PILOT #4569,"I-95, EXIT 5",Hardeeville,SC,195,3.37566666,-81.0669000,32.2635000,city_centroid
4325,68933,RUTTERS #23,US-30 & SR-462,Mountville,PA,70,3.979,-76.4277000,40.0427000,city_centroid
4326,68935,JACKSONS FOOD STORES #144,I-84 & SR-55,Nampa,ID,785,3.899,-116.6121200,43.6026800,city_centroid
4327,68936,AMOCO,US-421/SR-11 & SR-53,Burgaw,NC,245,3.599,-77.9403000,34.5487000,city_centroid
4328,68937,LANTZ CORNERS MINI MART #255,US-6 & US-219,Kane,PA,240,3.71566666,-78.6940140,41.7082960,census
4329,68938,TOOT N TOTUM #23,SR-136/207 & SR-152,Borger,TX,585,3.01566666,-101.3974000,35.6678000,city_centroid
4330,68941,ALLTOWN MARKETS #2743,"US-3, EXIT 28",North Billerica,MA,178,3.68233333,-71.2902000,42.5757000,city_centroid
4331,68946,FLYING J #97,"I-75, EXIT 64",Vandalia,OH,317,3.35233333,-84.2023000,39.8883000,city_centroid
4333,68949,JOES KWIK MARTS #475,US-15 & SR-20,Orange,VA,180,3.33233333,-78.0461000,38.2192000,city_centroid
4334,68950,KWIK TRIP #608,US-52 & SR-30,Chatfield,MN,515,3.48233333,-92.1574000,43.8362000,city_centroid
4335,68951,KWIK TRIP #313,US-10 & SR-73,Neillsville,WI,395,3.339,-90.6112000,44.5494000,city_centroid
4336,68952,MAVERIK COUNTRY STORE #425,"I-84, EXIT 376, US-30/US-95",Fruitland,ID,785,3.36566666,-116.9143000,44.0027000,city_centroid
4337,68956,SPEEDWAY #4533,"US-18/US-12, EXIT 146",Madison,WI,448,3.599,-89.3819500,43.0750444,city_centroid
4338,68957,TA EXPRESS #6259,US-85/SR-200,Alexander,ND,273,3.52566666,-103.6546000,47.7947000,city_centroid
4339,68959,SPEEDWAY #5215,"I-70, EXIT 66 & SR-54",South Vienna,OH,315,3.159,-83.6157000,39.9473000,city_centroid
4340,68960,MAVERIK COUNTRY STORE #484,"I-15/84, EXIT 343 & SR-126",Ogden,UT,835,3.39233333,-111.9692778,41.2324889,city_centroid
4341,68964,JIFFY TRIP #201,US-64/SR-58,Cherokee,OK,337,3.269,-98.3594000,36.7564000,city_centroid
4342,68969,MAVERIK COUNTRY STORE #474,"I-80, EXIT 115, CR-154",Salt Lake City,UT,835,3.389,-111.8778419,40.7262129,city_centroid
4343,68971,FLYING J #580,"I-20, EXIT 121",Odessa,TX,710,3.56566666,-102.3777500,31.8486000,city_centroid
4344,68972,SUNOCO CLARA BARTON PLAZA #7005,NJTP MM 5 SB,Penns Grove,NJ,115,3.899,-75.4495000,39.6994000,city_centroid
4345,68974,STRIPES #40801,US-181 & SR-123 & CR-347,Karnes City,TX,625,3.174,-97.9071000,28.8828000,city_centroid
4346,68976,MAVERIK COUNTRY STORE #453,"I-80, EXIT 223 & SR-305",Battle Mountain,NV,835,3.389,-116.9554000,40.6220000,city_centroid
4347,68977,MAVERIK COUNTRY STORE #444,US-491 & US-666,Monticello,UT,835,3.489,-109.3153000,37.9217000,city_centroid
4348,68978,MAVERIK COUNTRY STORE #287,"I-84, EXIT 36 & US-30",Nampa,ID,785,3.38566666,-116.6121200,43.6026800,city_centroid
4349,68979,MAVERIK COUNTRY STORE #478,"I-40, EXIT 286 & SR-77",Holbrook,AZ,930,3.224,-110.1434000,34.9085000,city_centroid
4350,68981,PETRO-CARD 24 #910450,US-63 & US-36,Macon,MO,494,3.239,-92.4678590,39.7521210,census
4351,68982,SHELL,US-23,Grand Blanc,MI,342,3.799,-83.6217000,42.9231000,city_centroid
4352,68985,LOVES TRAVEL STOP #500,"I-35, EXIT 106",Eagleville,MO,320,3.789,-93.9951000,40.4912000,city_centroid
4353,68987,STRIPES #40535,I-35,Cotulla,TX,625,3.339,-99.2328000,28.4398000,city_centroid
4354,68988,7-ELEVEN #40547,US-281 & SR-29,Burnet,TX,740,2.95733333,-98.2642000,30.7766000,city_centroid
4355,68989,QUARLES #4907,SR-166,Norfolk,VA,130,3.809,-76.2642750,36.8860125,city_centroid
4356,68990,LOVES TRAVEL STOP #490,"I-24, EXIT 158",Jasper,TN,285,3.25233333,-85.5897000,35.0970000,city_centroid
4357,68991,LOVES TRAVEL STOP #514,"I-90/US-395, EXIT 221 & SR-261",Ritzville,WA,970,3.959,-118.3958000,47.1315000,city_centroid
4358,68991,LOVES TRAVEL STOP #514,"I-90/US-395, EXIT 221 & SR-261",Ritzville,WA,970,4.049,-118.3958000,47.1315000,city_centroid
4359,68991,LOVES TRAVEL STOP #514,"I-90/US-395, EXIT 221 & SR-261",Ritzville,WA,970,3.989,-118.3958000,47.1315000,city_centroid
4360,68991,LOVES TRAVEL STOP #514,"I-90/US-395, EXIT 221 & SR-261",Ritzville,WA,970,3.919,-118.3958000,47.1315000,city_centroid
4361,68991,LOVES TRAVEL STOPS #514,"I-90/US-395, EXIT 221 & SR-261",Ritzville,WA,970,4.019,-118.3958000,47.1315000,city_centroid
4362,68992,SHORT STOP #24,US-24,Saint Marys,KS,553,2.96733333,-96.0683000,39.1987000,city_centroid
4363,68993,SHORT STOP #22,SR-15,Clay Center,KS,316,2.97233333,-97.1278000,39.3844000,city_centroid
4364,68994,SHORT STOP #25,US-36 & SR-15,Washington,KS,316,2.90233333,-97.0484000,39.8223000,city_centroid
4365,68995,ALLTOWN MARKETS #839,"I-95, EXIT 10",Darien,CT,100,3.83233333,-73.4853000,41.0768000,city_centroid
4366,68996,BLU / DRIVEN FUELS,"I-15, EXIT 113",Idaho Falls,ID,825,3.479,-111.9924600,43.4920000,city_centroid
4367,69002,KWIK TRIP #863,US-10,Stevens Point,WI,395,3.584,-89.5352000,44.5289667,city_centroid
4368,69004,Maplefields,HWY 9 N & ROUTE 22,Ticonderoga,NY,39,3.749,-73.4426000,43.8463000,city_centroid
4369,69005,SPEEDWAY #1017,"I-70, EXIT 186 & SR-285",Lore City,OH,315,3.23233333,-81.4479000,40.0459000,city_centroid
4370,69006,PILOT #449,"I-70, EXIT 208",Belmont,OH,165,3.539,-81.0066000,40.0320000,city_centroid
4372,69008,SPEEDWAY #7137,SR-42 & SR-111,Cookeville,TN,460,3.07733333,-85.4949000,36.1875000,city_centroid
4373,69009,PILOT #1140,US-287,Rhome,TX,630,3.17566666,-97.4817000,33.0540000,city_centroid
4374,69010,PILOT TRAVEL CENTER #1023,US-69 & US-59/SR-287,Lufkin,TX,610,3.659,-94.7074800,31.3192000,city_centroid
4375,69013,SPEEDWAY #7124,US-231/SR-10,Lebanon,TN,460,3.024,-86.2855000,36.1788000,city_centroid
4376,69014,SPEEDWAY #4100,"I-94, EXIT 308 & US-41",Milwaukee,WI,448,3.599,-87.9579405,43.0509730,city_centroid
4377,69015,Joe's Kwik Mart,"I-75, EXIT 7 & US-11 & US-64",Chattanooga,TN,285,3.149,-85.2769687,35.0403375,city_centroid
4378,69016,SPEEDWAY #7606,"I-75, EXIT 25",Corbin,KY,405,3.519,-84.1026000,36.9359000,city_centroid
4379,69017,SHELL,US-71 & SR-511,Bossier City,LA,745,2.999,-93.6804000,32.5436250,city_centroid
4380,69021,SWEET CRUDE TRAVEL CENTER,HWY 85 & SR 200,Grassy Butte,ND,273,3.64066666,-103.2944000,47.4431000,city_centroid
4381,69027,SPINX #134 (DISCOUNT AVAILABLE),SR-55 & 418,Simpsonville,SC,30,3.06566666,-82.2721500,34.7237000,city_centroid
4382,69028,LOVES TRAVEL STOP #427,"I-75, EXIT 51",Dayton,OH,317,3.319,-84.1782063,39.7449750,city_centroid
4384,69030,LOVES TRAVEL STOP #424,"I-20, EXIT 51",Lexington,SC,135,3.40733333,-81.2357333,33.9390333,city_centroid
4385,69031,LOVES TRAVEL STOP #492,"I-20, EXIT 42 & US-285",Pecos,TX,710,3.455,-103.5791000,31.4467000,city_centroid
4386,69031,LOVES TRAVEL STOPS #492,"I-20, EXIT 42 & US-285",Pecos,TX,710,3.449,-103.5791000,31.4467000,city_centroid
4387,69036,REFUEL #1038,US-15 & SR-151,Hartsville,SC,46,3.36566666,-80.1083000,34.3707500,city_centroid
4388,69037,CIRCLE K #2723192,US-64 & US-421,Siler City,NC,177,2.949,-79.4566000,35.7354000,city_centroid
4389,69038,REFUEL #1028,US-421/US-52 & US-15,Society Hill,SC,63,3.399,-79.8865000,34.4512000,city_centroid
4390,69041,SPEEDWAY #7960,US-258/US-13,Farmville,NC,205,2.899,-77.5793000,35.5806000,city_centroid
4391,69042,Joes Kwik Mart #7012,US-17/701,Georgetown,SC,205,2.999,-79.2749500,33.4172500,city_centroid
4392,69043,KWIK TRIP #204,"US-51, EXIT 188",Wausau,WI,395,3.33233333,-89.6695000,44.9397333,city_centroid
4393,69045,TA BRUNSWICK #6258,"I-95, EXIT 29",Brunswick,GA,75,3.46066666,-81.5091000,31.2104000,city_centroid
4394,69046,SPEEDWAY #6303,"I-96, EXIT 4 & US-31",Muskegon,MI,456,3.299,-86.2396333,43.2283667,city_centroid
4395,69046,SPEEDWAY #6303,"I-96, EXIT 4 & US-31",Muskegon,MI,456,3.319,-86.2396333,43.2283667,city_centroid
4396,69046,SPEEDWAY #6303,"I-96, EXIT 4 & US-31",Muskegon,MI,456,3.359,-86.2396333,43.2283667,city_centroid
4397,69046,SPEEDWAY #6303,"I-96, EXIT 4 & US-31",Muskegon,MI,456,3.379,-86.2396333,43.2283667,city_centroid
4398,69046,SPEEDWAY #6303,"I-96, EXIT 4 & US-31",Muskegon,MI,456,3.279,-86.2396333,43.2283667,city_centroid
4399,69047,SPEEDWAY #7461,I-294 & SR-50/SR-31,Alsip,IL,293,3.219,-87.7357000,41.6721000,city_centroid
4401,69049,CIRCLE K #2741787,"I-440, EXIT 7 & US-165",North Little Rock,AR,695,3.369,-92.2723500,34.7902875,city_centroid
4402,69051,PILOT TRAVEL CENTER #1225,"I-64, EXIT 23 & SR-4",Mascoutah,IL,540,3.799,-89.7877000,38.4745000,city_centroid
4403,69051,PILOT TRAVEL CENTER #1225,"I-64, EXIT 23 & SR-4",Mascoutah,IL,540,3.859,-89.7877000,38.4745000,city_centroid
4404,69051,PILOT #1225,"I-64, EXIT 23 & SR-4",Mascoutah,IL,540,3.859,-89.7877000,38.4745000,city_centroid
4405,69052,PILOT DEALER #1193,US-93,Wikieup,AZ,930,3.839,-113.6113000,34.7033000,city_centroid
4406,69052,PILOT #1193,US-93,Wikieup,AZ,930,3.899,-113.6113000,34.7033000,city_centroid
4407,69053,PILOT #1192,US-60,Wittmann,AZ,930,4.899,-112.6142000,33.7637000,city_centroid
4408,69053,PILOT DEALER #1192,US-60,Wittmann,AZ,930,4.899,-112.6142000,33.7637000,city_centroid
4409,69055,PILOT DEALER #1058,US-301 & SR-200,Waldo,FL,140,3.799,-82.1608000,29.7871000,city_centroid
4410,69055,PILOT TRAVEL CENTER #1058,US-301 & SR-200,Waldo,FL,140,3.799,-82.1608000,29.7871000,city_centroid
4411,69057,MACH ONE FOOD SHOP #18,US-45/SR-15,Fairfield,IL,340,3.759,-88.3593000,38.3782000,city_centroid
4412,69057,MACH ONE FOOD SHOP #18,US-45/SR-15,Fairfield,IL,340,3.729,-88.3593000,38.3782000,city_centroid
4413,69058,FOOD N FUEL,SR-53,Joliet,IL,365,3.599,-88.0707500,41.5133500,city_centroid
4414,69058,FOOD N FUEL,SR-53,Joliet,IL,365,3.499,-88.0707500,41.5133500,city_centroid
4415,69059,LOVES TRAVEL STOP #530,"I-20, EXIT 147",Moody,AL,615,3.17566666,-86.4668000,33.6035000,city_centroid
4416,69061,SPINX #125 (DISCOUNT AVAILABLE),US-25 & SR-331,Piedmont,SC,30,3.06566666,-82.4702000,34.7244000,city_centroid
4417,69064,DUCK THRU #7,US-258,Rich Square,NC,130,3.699,-77.2969000,36.2773000,city_centroid
4418,69067,AP FUEL STOP,"I-75, EXIT 120",Lima,OH,411,3.08066666,-84.1222500,40.7473333,city_centroid
4419,69069,SPINX #179 (DISCOUNT AVAILABLE),SR-291,Greenville,SC,210,3.799,-82.3997923,34.8567154,city_centroid
4420,69073,LOVES TRAVEL CENTER #518,"I-15, EXIT 260 & SR-77",Springville,UT,835,3.689,-111.5987000,40.1625000,city_centroid
4421,69073,LOVES TRAVEL STOP #518,"I-15, EXIT 260 & SR-77",Springville,UT,835,3.809,-111.5987000,40.1625000,city_centroid
4422,69076,A PLUS MINI MARKET,"I-95, MM 82",Aberdeen,MD,22,3.83233333,-76.1805000,39.5109000,city_centroid
4423,69077,FLYING J #554,"I-37, EXIT 56",George West,TX,740,3.199,-98.1162000,28.3204000,city_centroid
4424,69078,PILOT #559,"I-20, EXIT 178",Big Spring,TX,612,3.659,-101.4159000,32.2760000,city_centroid
4425,69079,Circle K #2746432,SR-2,Stanley,ND,452,3.549,-102.4185000,48.3458000,city_centroid
4426,69084,TIGER MART #79,SR-287 & FM-664,Waxahachie,TX,630,2.849,-96.8234000,32.3776667,city_centroid
4427,69085,FATDOGS OGALLALA,"US-80, EXIT 126 & US-26/SR-61",Ogallala,NE,475,3.014,-101.7107000,41.1275000,city_centroid
4428,69088,SPEEDWAY #3478,US-9 & SR-184,Perth Amboy,NJ,115,3.419,-74.3463500,40.4738000,city_centroid
4431,69096,SPEEDWAY #2907,US-62 & SR-18,Hermitage,PA,165,3.93733333,-80.4530000,41.2326000,city_centroid
4433,69098,CIRCLE K #2741318,SR-285 & CR-160,Dripping Springs,TX,595,3.049,-98.1029000,30.2268000,city_centroid
4434,69099,LOVES TRAVEL STOP #523,"I-10, EXIT 92",Rayne,LA,600,3.149,-92.2685000,30.2349000,city_centroid
4435,69100,DADS NORTH YELLOWSTONE,US-26,Idaho Falls,ID,825,3.599,-111.9924600,43.4920000,city_centroid
4436,69101,BROMPTON VALERO,"I-20, EXIT 147 WEST",Moody,AL,615,3.12233333,-86.4668000,33.6035000,city_centroid
4437,69102,CIRCLE K #4701445,"I-57, EXIT 250 & US-36",Rantoul,IL,280,3.599,-88.1462000,40.3107000,city_centroid
4438,69102,CIRCLE K #4701445,"I-57, EXIT 250 & US-36",Rantoul,IL,280,3.799,-88.1462000,40.3107000,city_centroid
4439,69103,LOVES TRAVEL STOP #539,US-385 & FM-1910,Andrews,TX,710,3.689,-102.5409000,32.3201000,city_centroid
4441,69106,SPINX #201,"I-185, EXIT 1A, I-385, EXIT 30",Simpsonville,SC,30,2.96566666,-82.2721500,34.7237000,city_centroid
4442,69109,SHEETZ #497,"I-99, EXIT 15 & US-220 (BUSINESS)",Claysburg,PA,14,3.644,-78.5083000,40.2821000,city_centroid
4443,69110,SHEETZ #498,US-22/US-119,Blairsville,PA,165,3.52733333,-79.2533000,40.4413000,city_centroid
4444,69112,LOVES TRAVEL STOP #529,"I-39, EXIT 54",Oglesby,IL,290,3.489,-89.0553000,41.2928000,city_centroid
4445,69112,LOVES TRAVEL STOP #529,"I-39, EXIT 54",Oglesby,IL,290,3.589,-89.0553000,41.2928000,city_centroid
4446,69112,LOVES TRAVEL STOP #529,"I-39, EXIT 54",Oglesby,IL,290,3.389,-89.0553000,41.2928000,city_centroid
4447,69115,BP,"I-90, EXIT 387/CR-151",Hartford,SD,530,2.97733333,-96.9501000,43.6155000,city_centroid
4448,69117,SPEEDWAY #6395,US-24 & SR-64,Waterville,OH,550,3.699,-83.7331000,41.5022000,city_centroid
4449,69119,CIRCLE K #2741217,"I-24, EXIT 242 & US-550/SR-24",Bernalillo,NM,580,3.52566666,-106.5309000,35.3285000,city_centroid
4450,69122,DOUBLE QUICK #61,US-82,Leland,MS,655,3.299,-90.8839000,33.3985000,city_centroid
4451,69123,LATTA TRAVEL STOP,SR-1,Ada,OK,569,3.10733333,-96.6853500,34.7772500,city_centroid
4452,69124,LOVES TRAVEL STOP #467,"I-95, EXIT 131 & SR-68",Fort Pierce,FL,95,3.50566666,-80.3627000,27.4381667,city_centroid
4453,69125,TA BROOKLYN,"I-80, EXIT 197",Brooklyn,IA,380,3.819,-92.4285000,41.7321000,city_centroid
4454,69127,TALL TIMBERS TRUCK STOP,"I-55, EXIT 46 & SR-16",Amite,LA,600,2.999,-90.5090000,30.7266000,city_centroid
4455,69128,BEACON & BRIDGE #34,"US-127, EXIT 194 & SR-55",Houghton Lake,MI,260,3.399,-84.7647000,44.3147000,city_centroid
4456,69132,PILOT #1001,US-67 & SR-137,Big Lake,TX,710,4.059,-101.4673300,31.1917250,census
4457,69133,PILOT TRAVEL CENTERS #557,US-180 & US-62,Hobbs,NM,593,3.729,-103.1621000,32.7457000,city_centroid
4458,69134,LOVES TRAVEL STOP #486,"I-40 & US-270, EXIT 166",Choctaw,OK,483,3.33733333,-97.2726000,35.4718000,city_centroid
4459,69135,SPEEDWAY #8013,"I-70, EXIT 21",Brookville,OH,317,3.34066666,-84.4165000,39.8414000,city_centroid
4460,69137,CIRCLE K #2741564,"I-35/US-77, EXIT 338B",Waco,TX,765,2.889,-97.1492583,31.5548417,city_centroid
4461,69139,CIRCLE K #2741545,SR-72 & US-87,Cuero,TX,747,3.099,-97.2812000,29.0910000,city_centroid
4462,69141,LOVES TRAVEL STOP #558,US-283 & US-400/US-56,Dodge City,KS,570,3.789,-100.0241000,37.7569000,city_centroid
4463,69142,LOVES TRAVEL STOP #517,"I-70, EXIT 26 & US-50/6",Grand Junction,CO,800,3.989,-108.5305143,39.0617143,city_centroid
4464,69143,MACH 1 #21,US-45 & SR-34,Harrisburg,IL,510,3.689,-88.5440000,37.7257000,city_centroid
4465,69144,STRIPES 7FLEET #42530,SR-71 & SR-16,Llano,TX,740,3.23233333,-98.6109000,30.7151000,city_centroid
4466,69145,SPEEDWAY #9561,"I-77, EXIT 132",Ripley,WV,44,3.499,-81.7020000,38.8090000,city_centroid
4467,69146,DRUMS FUEL STOP,I-80 EXIT 262,Drums,PA,200,3.569,-75.9768000,41.0255000,city_centroid
4469,69150,BLU STATION,"I-70, EXIT 66 & SR-267",Plainfield,IN,375,3.479,-86.3919000,39.6893000,city_centroid
4470,69151,PILOT #592,"I-70, EXIT 26 & US-50",Grand Junction,CO,800,3.999,-108.5305143,39.0617143,city_centroid
4471,69151,PILOT TRAVEL CENTER #592,"I-70, EXIT 26 & US-50",Grand Junction,CO,800,3.999,-108.5305143,39.0617143,city_centroid
4472,69152,LOVES TRAVEL STOP #557,"US-64/167, EXIT 44 & SR-367",Searcy,AR,695,3.36233333,-91.7319000,35.2561333,city_centroid
4473,69153,Pilot Travel Center #1550,"I-65, EXIT 304 & SR-69/CR-437",Cullman,AL,615,3.859,-86.8425250,34.1621250,city_centroid
4474,69153,PILOT #1550,"I-65, EXIT 304 & SR-69/CR-437",Cullman,AL,615,3.859,-86.8425250,34.1621250,city_centroid
4475,69155,PILOT TRAVEL CENTERS #1004,"I-35, EXIT 214 & US-60",Tonkawa,OK,500,3.59566666,-97.3063000,36.6806000,city_centroid
4477,69159,EXXON,US-15 & SR-49,Lawrenceville,PA,32,3.699,-77.1136000,41.9783000,city_centroid
4478,69162,Shell,US-20 & SR-15,Goshen,IN,370,3.549,-85.8517667,41.6024333,city_centroid
4479,69163,CUBBYS #406,"I-229, EXIT 9 & SR-115",Sioux Falls,SD,530,3.099,-96.7303600,43.5476800,city_centroid
4480,69164,CIRCLE K #2741557,US-190 & SR-195 & SR-3470,Killeen,TX,765,2.76233333,-97.7285200,31.0789600,city_centroid
4481,69165,EL TIPI QUICK STOP,US-283 & SR-15,Shattuck,OK,337,3.23233333,-99.8793000,36.2889000,city_centroid
4482,69167,HOBO TRUCK STOP 2,US-50/400 & US-83,Garden City,KS,525,3.399,-100.8398560,37.9604460,census
4483,69168,STRIPES 7FLEET #42470,I-20 EXIT 324 & CR-134,Cisco,TX,575,3.12733333,-98.9865000,32.3800000,city_centroid
4484,69169,LAMBOS #5,"I-57, EXIT 212 & SR-36/CR-950",Tuscola,IL,280,3.229,-88.2816000,39.7995000,city_centroid
4485,69170,SPEEDWAY #9381,US-50 & SR-14,Parkersburg,WV,430,3.464,-81.5168500,39.2498750,city_centroid
4486,69171,KWIK STAR #215,US-61,Davenport,IA,270,3.649,-90.5874000,41.5517714,city_centroid
4487,69172,KWIK TRIP #210,"US-53, EXIT 90",Eau Claire,WI,295,3.40733333,-91.5007000,44.8099667,city_centroid
4488,69173,KWIK TRIP #231,US-61 & SR-310,Boscobel,WI,335,3.474,-90.7061000,43.1393000,city_centroid
4489,69174,KWIK TRIP #860,SR-17,Rhinelander,WI,395,3.45233333,-89.3866000,45.7045000,city_centroid
4490,69175,KWIK TRIP #854,US-212 & CR-33,Norwood Young America,MN,453,3.674,-93.9216000,44.7736000,city_centroid
4491,69176,FLYING J TRAVEL PLAZA #1015- TOWN PUMP,SR-200/SR-16 & CR-123,Sidney,MT,780,3.384,-104.1756670,47.6889590,census
4492,69177,LOVES TRAVEL STOP #426,"I-80, EXIT 34",Shelby,IA,433,3.649,-95.4469000,41.5339000,city_centroid
4493,69178,LOVES TRAVEL STOP #495,"I-75, EXIT 143 & CR-78",North Fort Myers,FL,225,3.789,-81.8787000,26.6986667,city_centroid
4494,69182,XtraMart #1513,"I-87, EXIT 10 & US-9",Clifton Park,NY,12,3.899,-73.7851000,42.8499000,city_centroid
4495,69183,SPEEDWAY #7611,"I-71, EXIT 65 & SR-435",Jeffersonville,OH,315,3.229,-83.5687000,39.6590000,city_centroid
4496,69185,LOVES TRAVEL STOP #560,US-258 & US-58,Franklin,VA,130,3.889,-76.9391000,36.6786000,city_centroid
4497,69185,LOVES TRAVEL STOPS #560,US-258 & US-58,Franklin,VA,130,3.889,-76.9391000,36.6786000,city_centroid
4498,69186,LOVES TRAVEL STOP #551,US-20 & CR-127,Angola,IN,465,3.889,-85.0198000,41.6563000,city_centroid
4499,69187,LOVES TRAVEL STOP #559,US-82 & US-49,Indianola,MS,655,3.31566666,-90.6551000,33.4510000,city_centroid
4500,69188,PILOT TRAVEL CENTER #1013-TOWN PUMP,"I-90, EXIT 298",Belgrade,MT,786,3.63066666,-111.1439000,45.7801000,city_centroid
4501,69189,LOVES TRAVEL STOP #542,"I-10, EXIT 261/US-67 & I-10 BUS",Fort Stockton,TX,710,3.649,-102.8799000,30.8908000,city_centroid
4502,69190,LOVES TRAVEL STOP #561,"I-10, EXIT 70 & US-90 & SR-285",Defuniak Springs,FL,20,3.609,-86.1587500,30.7852000,city_centroid
4503,69193,Certified Oil #400305,SR-2 & SR-7,New Martinsville,WV,317,3.31733333,-80.8565000,39.6588000,city_centroid
4504,69194,CHESAPEAKE HOUSE SUNOCO,"I-95, EXIT 97",North East,MD,243,3.83233333,-75.9538000,39.6045000,city_centroid
4505,69200,BECKS EXPRESS MART #22,"I-55, EXIT 126",Lincoln,IL,280,3.299,-89.3684000,40.1451000,city_centroid
4506,69201,CASEYS #3654,SR-210,Brainerd,MN,522,3.44566666,-94.1000000,46.3502000,city_centroid
4507,69203,SPEEDWAY #1414,US-45,Mokena,IL,293,3.339,-87.8911000,41.5342000,city_centroid
4508,69207,CIRCLE K #2705988,"I-10, EXIT 209A & US-90/SR-10",Tallahassee,FL,20,3.619,-84.2612643,30.4500857,city_centroid
4509,69211,KWIK TRIP #213,"I-35/US-61, EXIT 139 & CR-19",Stacy,MN,451,3.37733333,-93.0025500,45.3977500,city_centroid
4510,69213,Circle K #2741498,SR-72 & SR-16,Tilden,TX,747,3.199,-98.5693000,28.4198000,city_centroid
4511,69214,MAVERIK #5031,"I-70, EXIT 90 & US-24",Rifle,CO,800,3.46233333,-107.7898000,39.5491000,city_centroid
4512,69215,GASWAY,US-1,North Brunswick,NJ,115,3.159,-74.4823000,40.4538000,city_centroid
4513,69217,Circle K #4705624,"I-76, EXIT 2 & US-224",Seville,OH,249,3.06566666,-81.8562000,41.0227000,city_centroid
4514,69218,DANDY MINI MART #58,"I-86, EXIT 41 & US-17/15",Campbell,NY,32,3.899,-77.2066000,42.2386000,city_centroid
4515,69218,DANDY MINI MART #58,"I-86, EXIT 41 & US-17/15",Campbell,NY,32,3.999,-77.2066000,42.2386000,city_centroid
4516,69220,CIRCLE K #2705097,"I-275, EXIT 2 & US-41",Palmetto,FL,225,3.699,-82.5676500,27.5321500,city_centroid
4517,69221,PILOT TRAVEL CENTER #483,"I-80, EXIT 112 & SR-47",Morris,IL,290,3.799,-88.4178000,41.3672000,city_centroid
4518,69222,PILOT TRAVEL CENTERS #1003,US-287 & US-283,Childress,TX,585,3.799,-100.2364000,34.4104000,city_centroid
4519,69223,LOVES TRAVEL STOP #566,"US-231/CR-53, EXIT 12",Ozark,AL,20,3.989,-85.6420500,31.4491000,city_centroid
4520,69226,STRIPES #40812,US-77,Odem,TX,625,3.199,-97.5838000,27.9403000,city_centroid
4521,69228,QUIKTRIP #993,"I-20, EXIT 501 & SR-34",Terrell,TX,630,2.87066666,-96.2390500,32.7423500,city_centroid
4522,69229,SPEEDWAY #7154,"I-40, EXIT 87 & US-70",Jackson,TN,460,3.399,-88.8277667,35.6351667,city_centroid
4523,69230,JOES KWIK MARTS #6013,SR-16 & SR-73,Denver,NC,46,3.189,-80.9898000,35.4837000,city_centroid
4524,69233,PILOT TRAVEL CENTER #597,US-23 & US-50,Chillicothe,OH,315,3.799,-82.9895000,39.3380000,city_centroid
4525,69234,KWIK TRIP #220,US-53/SR-194,Duluth,MN,334,3.499,-92.1320000,46.7872455,city_centroid
4526,69235,KWIK TRIP #203,US-2 & SR-35,Superior,WI,334,3.339,-92.0912000,46.7016000,city_centroid
4527,69236,KWIK TRIP #225,SR-54/SR-55,Seymour,WI,582,3.39066666,-88.3172000,44.5091000,city_centroid
4528,69237,KWIK TRIP #239,"I-43, EXIT 50 & SR-164",Big Bend,WI,444,3.33233333,-88.2122000,42.8885000,city_centroid
4529,69238,KWIK TRIP #242,"US-41, EXIT 97",Fond Du Lac,WI,444,3.34066666,-88.4932333,43.7714000,city_centroid
4530,69239,LOVES TRAVEL STOP #580,SR-20/157 & SR-133,Tuscumbia,AL,615,3.849,-87.6833000,34.6874000,city_centroid
4531,69245,SPEEDWAY #7946,SR-24,Newport,NC,205,3.699,-76.9069000,34.7551000,city_centroid
4532,69250,MAVERIK #5150,"I-25, EXIT 278 & SR-1",Wellington,CO,800,3.199,-105.0318000,40.7255000,city_centroid
4533,69252,SPEEDWAY #6977,SR-96,Youngsville,NC,205,2.95233333,-78.4744000,36.0249000,city_centroid
4534,69255,THE LANDING,US-82,Greenwood,MS,655,3.199,-90.1760500,33.5160500,city_centroid
4535,69257,CATARINA ONE STOP,US-83,Catarina,TX,693,3.024,-99.5860000,28.3598000,city_centroid
4536,69258,TEX-BEST #525,"I-37, EXIT 109 & SR-97",Pleasanton,TX,740,3.099,-98.4831000,28.9924000,city_centroid
4537,69259,SPEEDWAY #7162,US-74/SR-311,Cleveland,TN,285,3.449,-84.8575500,35.1606000,city_centroid
4538,69261,THORNTONS #314,SR-83,Bensenville,IL,290,3.449,-87.9425500,41.9525500,city_centroid
4539,69261,THORNTONS #314,SR-83,Bensenville,IL,290,3.409,-87.9425500,41.9525500,city_centroid
4540,69261,THORNTONS #314,SR-83,Bensenville,IL,290,3.459,-87.9425500,41.9525500,city_centroid
4541,69263,LOVES TRAVEL STOP #564,US-82 & SR-50 & SR-12,Columbus,MS,615,3.249,-88.4117167,33.4986333,city_centroid
4542,69288,KWIK STAR #207,"US-61, EXIT 311B & US-30",De Witt,IA,270,3.624,-90.5237000,41.8267000,city_centroid
4543,69289,KWIK TRIP #224,"I-35, EXIT 254",Duluth,MN,334,3.499,-92.1320000,46.7872455,city_centroid
4544,69290,LOVES TRAVEL STOP #587,"I-41/US-45, EXIT 97",Fond Du Lac,WI,444,3.44566666,-88.4932333,43.7714000,city_centroid
4545,69291,LOVES TRAVEL STOP #581,"I-70, EXIT 56 & US-89",Salina,UT,835,3.70566666,-111.8811000,38.9560000,city_centroid
4546,69294,KWIK TRIP #317,"I-90, EXIT 28 & SR-16",Sparta,WI,515,3.24233333,-90.8146000,43.9540000,city_centroid
4547,69296,KWIK TRIP #234,"I-35, EXIT 239",Cloquet,MN,334,3.319,-92.5408000,46.7546000,city_centroid
4548,69297,KWIK TRIP #241,"US-51, EXIT 208 & SR-64",Merrill,WI,395,3.40733333,-89.6907000,45.1809000,city_centroid
4549,69299,SPEEDWAY #7912,US-421/SR-16,Wilkesboro,NC,65,3.134,-81.1573000,36.1359000,city_centroid
4550,69300,SPEEDWAY #8262,SR-306 & SR-55,Grantsboro,NC,205,3.44066666,-76.8427490,35.1404000,census
4551,69301,SPEEDWAY #6969,US-264 & SR-99,Belhaven,NC,205,3.19733333,-76.6391000,35.4458000,city_centroid
4552,69305,ROAD RANGER #268,"I-64, EXIT 130 & SR-1",Grayville,IL,340,3.799,-88.0035000,38.2627000,city_centroid
4553,69306,PILOT TRAVEL CENTER #500,"I-75, EXIT 460 & SR-6",Jasper,FL,10,3.369,-82.9322000,30.5029000,city_centroid
4554,69307,LOVES TRAVEL STOP #578,I-55 EXIT 30 & SR-140,Hamel,IL,540,3.569,-89.8457000,38.8901000,city_centroid
4555,69307,LOVES TRAVEL STOP #578,I-55 EXIT 30 & SR-140,Hamel,IL,540,3.419,-89.8457000,38.8901000,city_centroid
4556,69307,LOVES TRAVEL STOP #578,I-55 EXIT 30 & SR-140,Hamel,IL,540,3.429,-89.8457000,38.8901000,city_centroid
4557,69307,LOVES TRAVEL STOP #578,I-55 EXIT 30 & SR-140,Hamel,IL,540,3.689,-89.8457000,38.8901000,city_centroid
4558,69308,LOVES TRAVEL STOP #535,SR-283,Middletown,PA,70,3.759,-76.7331000,40.2041000,city_centroid
4559,69309,PILOT TRAVEL CENTER #1012,"US-218, EXIT 42B & US-34",Mount Pleasant,IA,270,3.56566666,-91.5614000,40.9646000,city_centroid
4560,69310,PILOT TRAVEL CENTER #1006,"I-10, EXIT 456 & US-377",Junction,TX,740,3.599,-99.7473000,30.4754000,city_centroid
4561,69311,GOLDEN GATE TRUCKSTOP HAWTHORNE,US-95/SR-362,Hawthorne,NV,966,4.079,-118.6411000,38.5347000,city_centroid
4562,69312,ONVO TRAVEL PLAZA - DUNCANNON,US-11/15,Duncannon,PA,70,3.55233333,-77.0473000,40.4087000,city_centroid
4564,69314,Circle K #4706799,"I-55, EXIT 283 & SR-43",Bridgeview,IL,291,3.919,-87.8066000,41.7431000,city_centroid
4565,69315,ROAD RANGER #269,"I-70, EXIT 147 & SR-1",Marshall,IL,510,3.449,-87.6923000,39.4220000,city_centroid
4566,69315,ROAD RANGER #269,"I-70, EXIT 147 & SR-1",Marshall,IL,510,3.249,-87.6923000,39.4220000,city_centroid
4567,69315,ROAD RANGER #269,"I-70, EXIT 147 & SR-1",Marshall,IL,510,3.309,-87.6923000,39.4220000,city_centroid
4568,69318,FUEL ONE,US-9 & SR-35,Avenel,NJ,115,3.37233333,-74.2785000,40.5826000,city_centroid
4569,69319,SPEEDWAY #8190,US-117/13 BYP S,Goldsboro,NC,205,3.599,-78.0079500,35.3624250,city_centroid
4570,69321,CIRCLE K #2741546,US-90,Gonzales,TX,747,2.87566666,-97.4495000,29.5086000,city_centroid
4571,69322,SHELL SERVICE STATION,"I-10, EXIT 828 & SR-73",Winnie,TX,610,3.23233333,-94.3395000,29.8157000,city_centroid
4572,69324,CIRCLE K #4707006,"I-95, EXIT 302 & US-1",Houlton,ME,170,3.899,-67.8630000,46.1189000,city_centroid
4573,69330,KWIK TRIP #292,"I-43, EXIT 183",Green Bay,WI,582,3.39066666,-88.0306778,44.4973556,city_centroid
4574,69333,SPEEDWAY #3578,"US-131, EXIT 64",Wayland,MI,456,3.599,-85.6191000,42.6643000,city_centroid
4575,69333,SPEEDWAY #3578,"US-131, EXIT 64",Wayland,MI,456,3.499,-85.6191000,42.6643000,city_centroid
4576,69333,SPEEDWAY #3578,"US-131, EXIT 64",Wayland,MI,456,3.699,-85.6191000,42.6643000,city_centroid
4577,69336,SPEEDWAY #7148,"I-40, EXIT 232 & SR-109",Lebanon,TN,460,2.92233333,-86.2855000,36.1788000,city_centroid
4578,69338,SPEEDWAY #6139,US-30 & SR-13,Pierceton,IN,465,3.729,-85.7061000,41.2124000,city_centroid
4579,69339,SPEEDWAY #9383,"I-75, EXIT 29 & SR-63",Monroe,OH,300,3.20233333,-84.3652000,39.4413000,city_centroid
4581,69342,WARREN OIL,"I-90, EXIT 3 & US-41 & SR-912",Hammond,IN,365,3.439,-87.4697200,41.5751800,city_centroid
4582,69344,CIRCLE K #2741078,SR-97 & SR-123,Stockdale,TX,747,3.079,-97.9351000,29.2319000,city_centroid
4583,69345,RUTTERS #20,"I-76, EXIT 247 & I-283, EXIT 1A",Middletown,PA,70,3.82233333,-76.7331000,40.2041000,city_centroid
4584,69346,D AND C FUEL SALES,US-6 & CR-4019,Tunkhannock,PA,200,3.699,-75.9466000,41.5387000,city_centroid
4586,69354,CIRCLE K #4702411,US-36,Danville,IN,375,3.789,-86.5343000,39.7628000,city_centroid
4587,69362,HART MARATHON,US-31,Hart,MI,456,3.499,-86.3142000,43.7068000,city_centroid
4588,69362,HART MARATHON,US-31,Hart,MI,456,3.449,-86.3142000,43.7068000,city_centroid
4589,69365,Circle K #4703911,SR-109 & SR-52,Portland,TN,460,2.959,-86.5059000,36.5673000,city_centroid
4590,69369,SPEEDWAY #2912,SR-65,Baden,PA,165,3.91233333,-80.1985000,40.6416000,city_centroid
4591,69374,7-ELEVEN #40558,SR-6 & CR-185,Woodway,TX,765,2.98566666,-97.2311000,31.5051000,city_centroid
4592,69377,CIRCLE K #4705628,SR-21 & SR-585,Barberton,OH,249,3.58233333,-81.6212000,41.0197000,city_centroid
4593,69379,Kum & Go #0535,US-6 & US-65,Des Moines,IA,320,2.98733333,-93.6192375,41.5973500,city_centroid
4594,69380,CASEYS #2967,SR-43 & SR-2,Bennet,NE,413,3.229,-96.5064000,40.6800000,city_centroid
4595,69384,KWIK TRIP #209,"US-41, EXIT 148 & SR-55",Kaukauna,WI,582,3.369,-88.2717000,44.2956000,city_centroid
4596,69390,MINIT MART #600625,"I-57, EXIT 283 & US-24",Gilman,IL,280,3.399,-87.9933000,40.7680000,city_centroid
4597,69390,MINIT MART #600625,"I-57, EXIT 283 & US-24",Gilman,IL,280,3.489,-87.9933000,40.7680000,city_centroid
4598,69392,LOVES TRAVEL STOP #600,"I-69, EXIT 214",Pendleton,IN,457,3.57566666,-85.7466000,39.9975000,city_centroid
4599,69393,LOVES TRAVEL STOP #594,US-35 & SR-850,Bidwell,OH,315,3.849,-82.2701000,38.9276000,city_centroid
4600,69394,SPEEDWAY #3424,"I-75, EXIT 73 & SR-55",Troy,OH,411,3.13566666,-84.2165000,40.0387000,city_centroid
4603,69397,SPEEDWAY #7163,"I-40/US-412, EXIT 85",Jackson,TN,460,3.349,-88.8277667,35.6351667,city_centroid
4604,69398,SPEEDWAY #7114,"I-75, EXIT 4, SR-153, EXIT 1 & US-64/US-11",Chattanooga,TN,285,3.08233333,-85.2769687,35.0403375,city_centroid
4605,69399,SPEEDWAY #7147,"I-75, EXIT 49 & SR-30",Athens,TN,285,3.349,-84.5986500,35.4501500,city_centroid
4606,69400,CASEYS #4411,US-641 & SR-58,Benton,KY,490,3.199,-88.3548000,36.8806000,city_centroid
4607,69401,CASEYS #3205,"I-29, EXIT 47 & US-275/SR-92",Council Bluffs,IA,319,3.599,-95.8536667,41.2519667,city_centroid
4608,69402,SHELL,"I-71, EXIT 151 & SR-95",Mount Gilead,OH,315,3.759,-82.8062000,40.5384000,city_centroid
4609,69403,SHORTYS ONE STOP,US-83/12/SR-20,Selby,SD,248,3.089,-100.0541000,45.4786000,city_centroid
4610,69405,FLYING J #551,"I-20, EXIT 330 & SR-206",Cisco,TX,575,3.14233333,-98.9865000,32.3800000,city_centroid
4611,69407,Cenex,US-14/CR-812 & US-83,Blunt,SD,571,3.1015,-99.9463000,44.5026000,city_centroid
4612,69410,LOVES TRAVEL STOP #602,"I-90, EXIT 67B",Box Elder,SD,506,3.989,-103.0682000,44.1199000,city_centroid
4613,69412,CIRCLE K #4705724,US-127 & CR-144,Paulding,OH,411,3.699,-84.5722000,41.1410000,city_centroid
4614,69413,ASAP GENERAL STORE #300,"I-40, EXIT 66 & US-183",Clinton,OK,483,3.149,-98.9795000,35.5115000,city_centroid
4615,69414,FLEX MARKET,"I-65 EXIT20, US-31 W EXIT 4",Bowling Green,KY,460,2.999,-86.4200500,36.9608750,city_centroid
4616,69416,CIRCLE K #2740541,HWY 90,Roans Prairie,TX,670,3.07233333,-95.9579000,30.6075000,city_centroid
4617,69417,LOVLEN FOODS,US-58 & SR-615,Drewryville,VA,130,3.049,-77.3591000,36.6854000,city_centroid
4620,69425,5R TRAVEL CENTER,"I-10, US HWY 180, EXIT 82A",Deming,NM,640,3.049,-107.7435000,32.2358000,city_centroid
4621,69426,LOVES TRAVEL STOP #553,"I-40 E, EXIT 163",Williams,AZ,930,3.59566666,-112.1707000,35.5434000,city_centroid
4622,69434,CIRCLE K #2741559,US-281 & SR-29,Burnet,TX,595,2.91566666,-98.2642000,30.7766000,city_centroid
4623,69436,CIRCLE K #2741077,SR-97 & CR-433,Pleasanton,TX,747,2.949,-98.4831000,28.9924000,city_centroid
4624,69437,CountryMark,SR-66,Evansville,IN,340,3.699,-87.5631692,37.9949923,city_centroid
4625,69438,LOVES TRAVEL STOP #585,"I-49/US-71, EXIT 27 & SR-86",Neosho,MO,277,3.39733333,-94.3862000,36.8706000,city_centroid
4626,69439,LOVES TRAVEL STOP #608,"I-135, EXIT 60 & US-56",Mcpherson,KS,570,3.324,-97.6702000,38.3763000,city_centroid
4627,69440,LOVES TRAVEL STOP #592,US-24 & SR-101,Woodburn,IN,370,3.849,-84.8533000,41.1253000,city_centroid
4628,69441,LOVES TRAVEL STOP #610,"I-20, EXIT 307 & US-283",Baird,TX,575,3.10733333,-99.3777000,32.3916000,city_centroid
4629,69442,Eagle #51,US-83 & FM-1917,Carrizo Springs,TX,740,3.279,-99.8635000,28.5278000,city_centroid
4630,69446,SUPER SAVE #4,SR-33 & SR-15,Farmerville,LA,719,3.479,-92.4295695,32.7421245,census
4631,69448,STRIPES #42525,"I-27/US-87, EXIT 2",Lubbock,TX,700,2.95733333,-101.8859000,33.5644895,city_centroid
4633,69452,DANDY MINI MART #5,HWY 6,Towanda,PA,32,3.999,-76.4645000,41.7638000,city_centroid
4634,69453,7-ELEVEN #41033,US-69,Woodville,TX,610,3.149,-94.4155000,30.7752000,city_centroid
4635,69454,SPEEDWAY #6092,"I-65, EXIT 76A & US-31",Taylorsville,IN,375,3.35733333,-85.9498000,39.2953000,city_centroid
4636,69455,SPEEDWAY #4214,"I-45, EXIT 46 & US-100",Milwaukee,WI,448,3.36566666,-87.9579405,43.0509730,city_centroid
4637,69458,PEOSTA KWIK STOP,"US-20, EXIT 308",Peosta,IA,335,3.489,-90.8094000,42.4435000,city_centroid
4638,69459,LOVES TRAVEL STOP #583,"I-64, EXIT 27 & SR-161",New Baden,IL,540,3.849,-89.6922000,38.5315000,city_centroid
4639,69462,LOVES TRAVEL STOP #619,"I-59, EXIT 29 & SR-26",Poplarville,MS,725,3.17566666,-89.5648000,30.8524000,city_centroid
4641,69467,CIRCLE K #2741547,US-181,Floresville,TX,740,2.99566666,-98.1936000,29.1693000,city_centroid
4642,69468,TOOT N TOTUM #100,US-83,Perryton,TX,585,2.999,-100.8156000,36.3748000,city_centroid
4643,69469,QUIKTRIP #1110,"I-85, EXIT 60 & US-101",Greer,SC,210,3.08566666,-82.2384667,34.9269333,city_centroid
4645,69474,LOVES TRAVEL STOP #577,"I-85, EXIT 22",Shorter,AL,720,3.22066666,-85.9162000,32.3836000,city_centroid
4646,69475,GUTHRIE TRAVEL CENTER,I-35 EXT 138C,Guthrie,OK,483,2.96566666,-97.4360000,35.8330000,city_centroid
4647,69477,LOVES TRAVEL STOP #621,US-36 & SR-110,Bevier,MO,310,3.439,-92.5619000,39.7497000,city_centroid
4648,69480,VAN HOOK TRAVEL CENTER,US-23,New Town,ND,452,3.56233333,-102.4716000,47.9718000,city_centroid
4649,69483,LOVES TRAVEL STOP #607,"US-63, EXIT 40 & SR-463",Jonesboro,AR,435,3.439,-90.7048250,35.8128750,city_centroid
4650,69484,KWIK TRIP #774,SR-13,Adams,WI,395,3.274,-89.8219000,43.8967000,city_centroid
4651,69485,7-ELEVEN #41036,US-96,San Augustine,TX,618,3.159,-94.1326000,31.5152000,city_centroid
4652,69486,DUCK THRU FOOD STORE #42,SR-186 & SR-305,Seaboard,NC,130,3.299,-77.4113000,36.4886000,city_centroid
4653,69487,CIRCLE K #2742034,"I-35, EXIT 176",Schertz,TX,740,2.794,-98.2778000,29.5790000,city_centroid
4654,69489,SPRINT FOODS #728,SR-38,Bennettsville,SC,63,3.399,-79.6898000,34.6255000,city_centroid
4655,69492,GOOD 2 GO #418,"I-15, EXIT 273 & US-54 & US-91",Mona,UT,835,3.429,-111.8480000,39.8382000,city_centroid
4656,69494,TMI FUEL STOP,SR 1,Port Allen,LA,600,3.06566666,-91.2541000,30.4720000,city_centroid
4657,69495,QUIKTRIP #72,US-69 & US-62,Muskogee,OK,560,3.03233333,-95.4025660,35.7590970,census
4658,69496,LOVES TRAVEL STOP #601,"I-70, EXIT 115 & SR-109",Knightstown,IN,375,3.949,-85.5261000,39.8060000,city_centroid
4659,69497,MACH ONE FOOD SHOP #10,"I-70 & EXIT 129, SR-49",Casey,IL,510,3.499,-87.9913000,39.3017000,city_centroid
4660,69497,MACH ONE FOOD SHOP #10,"I-70 & EXIT 129, SR-49",Casey,IL,510,3.299,-87.9913000,39.3017000,city_centroid
4661,69497,MACH ONE FOOD SHOP #10,"I-70 & EXIT 129, SR-49",Casey,IL,510,3.199,-87.9913000,39.3017000,city_centroid
4662,69499,HANKS TRUCK STOP,US-39 & US-30,Hanna,IN,457,3.499,-86.7759000,41.4088000,city_centroid
4663,69500,ROAD RANGER #271,"I-20, EXIT 108",Odessa,TX,710,3.51566666,-102.3777500,31.8486000,city_centroid
4664,69501,VALLEY COUNTRY STORE,"I-84, EXIT 16B & SR-79",Jerome,ID,787,3.43233333,-114.5012000,42.7178000,city_centroid
4665,69504,KWIK TRIP #245,SR-42,Plainview,MN,515,3.624,-92.1621000,44.1637000,city_centroid
4666,69505,KWIK TRIP #282,"I-43, EXIT 43 & SR-83",Mukwonago,WI,444,3.33733333,-88.3451000,42.8821000,city_centroid
4667,69506,KWIK TRIP #290,"I-94/US-41, EXIT 321",Oak Creek,WI,444,3.719,-87.9027000,42.8892000,city_centroid
4668,69508,KWIK TRIP #777,SR-49 & CR-F,Berlin,WI,582,3.42566666,-88.9490000,43.9769000,city_centroid
4669,69510,CLARK #3121,SR-46 & SR-24,Caro,MI,260,3.399,-83.3835000,43.4833000,city_centroid
4670,69512,LOVES TRAVEL STOP #589,"I-27/US-87, EXIT 8 & FM-2641",Lubbock,TX,700,3.33233333,-101.8859000,33.5644895,city_centroid
4671,69513,KWIK TRIP #885,WI-29 EXIT 132,Abbotsford,WI,395,3.45233333,-90.2994000,44.9641000,city_centroid
4672,69514,Flying J #1033,"I-20, EXIT 138 & SR-158",Midland,TX,710,3.56566666,-102.0375970,31.9824550,census
4673,69520,SPEEDWAY #2908,SR-51,Perryopolis,PA,165,3.91566666,-79.7756000,40.0646000,city_centroid
4674,69521,CASEYS #3319,"US-30, EXIT 158",Nevada,IA,320,2.989,-93.4462000,42.0190000,city_centroid
4675,69522,FUEL EXPRESSO 17,"I-35 & EXIT 187, SR-68",Ottawa,KS,400,3.17233333,-95.2745000,38.6142000,city_centroid
4676,69524,CONCORD XTRAMART,"I-93, EXIT 17 & US-4",Concord,NH,178,3.659,-71.5918250,43.2559750,city_centroid
4677,69525,DILLEY TRUCK STOP,"I-35 & EXIT 85, FM 117",Dilley,TX,740,3.06566666,-99.1747000,28.6782000,city_centroid
4678,69526,STRIPES 7FLEET #42469,"I-20, US-80 EXIT 15A",Santo,TX,575,2.91733333,-98.1797000,32.5979000,city_centroid
4679,69527,Exxon,"I-96, EXIT 129",Fowlerville,MI,406,3.749,-84.0721000,42.6614000,city_centroid
4680,69528,KWIK STAR #283,"I-380/US-218/SR-27, EXIT 13",Cedar Rapids,IA,380,3.53233333,-91.6634000,42.0058625,city_centroid
4682,69531,Kwik Star#223,"I-35, EXIT 194 & US-18/SR-122",Clear Lake,IA,433,3.079,-93.3850000,43.1406000,city_centroid
4683,69532,JACKSONS FOOD STORE #147,"I-84, EXIT 27/US-20 & SR-19",Caldwell,ID,785,3.579,-116.7496667,43.6687333,city_centroid
4684,69534,CAIRO TRAVEL CENTER,US-84/SR-38,Cairo,GA,20,3.424,-84.2080000,30.9148000,city_centroid
4685,69536,7-ELEVEN #40802,US-87,Nixon,TX,740,3.079,-97.7529000,29.3016000,city_centroid
4686,69541,PILOT #1027,US-385 & CR-E,Vega,TX,585,3.30566666,-102.4214000,35.2241000,city_centroid
4687,69542,PILOT #1030,"I-57, EXIT 353",Alsip,IL,290,3.359,-87.7357000,41.6721000,city_centroid
4688,69542,PILOT TRAVEL CENTER #1030,"I-57, EXIT 353",Alsip,IL,290,3.459,-87.7357000,41.6721000,city_centroid
4689,69542,PILOT TRAVEL CENTER #1030,"I-57, EXIT 353",Alsip,IL,290,3.499,-87.7357000,41.6721000,city_centroid
4690,69542,PILOT TRAVEL CENTER #1030,"I-57, EXIT 353",Alsip,IL,290,3.599,-87.7357000,41.6721000,city_centroid
4691,69542,PILOT #1030,"I-57, EXIT 353",Alsip,IL,290,3.459,-87.7357000,41.6721000,city_centroid
4692,69545,LOVES TRAVEL STOP #628,"I-35E, EXIT 386 & FM-1134",Italy,TX,630,3.10233333,-96.8823000,32.1785000,city_centroid
4693,69546,KWIK TRIP #186,"I-35, EXIT 183",Hinckley,MN,334,3.35233333,-92.8993000,46.0189000,city_centroid
4694,69547,KWIK TRIP #297,"US-10, WI-441",Menasha,WI,582,3.49066666,-88.4175000,44.2112000,city_centroid
4695,69549,KWIK TRIP #178,"I-494, EXIT 64B & SR-156",South Saint Paul,MN,451,3.60733333,-93.0460000,44.8881000,city_centroid
4696,69550,KWIK TRIP #273,"I-35, EXIT 251B & SR-23",Duluth,MN,334,3.499,-92.1320000,46.7872455,city_centroid
4697,69553,SPEEDWAY #2120,US-30,Oswego,IL,293,3.249,-88.3453000,41.6849000,city_centroid
4698,69553,SPEEDWAY #2120,US-30,Oswego,IL,293,3.259,-88.3453000,41.6849000,city_centroid
4699,69553,SPEEDWAY #2120,US-30,Oswego,IL,293,3.299,-88.3453000,41.6849000,city_centroid
4700,69554,SPEEDWAY #8047,"I-70, EXIT 104 & SR-9",Greenfield,IN,375,3.599,-85.8141000,39.7902000,city_centroid
4702,69559,CASEYS #3424,"I-35, EXIT 26 & SR-30",Ellendale,MN,433,3.499,-93.3195000,43.8826000,city_centroid
4706,69563,SPEEDWAY #9651,"I-75, EXIT 104",Lexington,KY,410,3.149,-84.5006111,38.0310722,city_centroid
4707,69564,SPEEDWAY #7106,"I-40, EXIT 280 & SR-56",Baxter,TN,460,3.06566666,-85.6378000,36.1249000,city_centroid
4708,69565,PILOT #1021,"I-196, EXIT 49",Holland,MI,406,3.999,-86.1226333,42.7900667,city_centroid
4709,69565,PILOT #1021,"I-196, EXIT 49",Holland,MI,406,4.099,-86.1226333,42.7900667,city_centroid
4710,69566,PILOT TRAVEL CENTER #1024,"I-80, EXIT 132B & SR-53",Joliet,IL,290,3.799,-88.0707500,41.5133500,city_centroid
4711,69566,PILOT #1024,"I-80, EXIT 132B & SR-53",Joliet,IL,290,3.799,-88.0707500,41.5133500,city_centroid
4712,69567,KWIK TRIP #166,"I-35, EXIT 214",Moose Lake,MN,334,3.319,-92.7466000,46.4472000,city_centroid
4713,69568,KWIK TRIP #295,SR-26 & SR-59,Milton,WI,420,3.399,-88.9531000,42.7791000,city_centroid
4714,69570,CENEX CONVENIENCE,SR-34 & CR-21,Detroit Lakes,MN,341,3.499,-95.8453000,46.8172000,city_centroid
4715,69572,AC & T GARLAND GROH,I-81 EXIT 7B,Hagerstown,MD,70,3.559,-77.7174750,39.6237250,city_centroid
4716,69573,AC & T Falling Waters,"I-81, EXIT 23",Falling Waters,WV,70,3.849,-77.8852000,39.5865000,city_centroid
4717,69574,LOVES TRAVEL STOP #622,"I-94, EXIT 45 & CR-B",Menomonie,WI,450,3.579,-91.9265000,44.8718000,city_centroid
4718,69575,LOVES TRAVEL STOP #537,"I-68, EXIT 46 & US-220/SR-144",Cumberland,MD,14,4.249,-78.7852250,39.6067000,city_centroid
4719,69576,PILOT #498,US-69/75 & SR-7,Atoka,OK,253,3.499,-96.1348360,34.3747380,census
4720,69580,GORES TRAVEL PLAZA,US-270/SR-3,Seiling,OK,483,3.149,-98.8875000,36.1278000,city_centroid
4721,69581,BYRNE DAIRY #22,"I-81, EXIT 15 & US-20",La Fayette,NY,220,4.299,-76.1061000,42.8910000,city_centroid
4722,69584,LOVES TRAVEL STOP #648,US-70,Valliant,OK,253,3.099,-95.0686000,34.0091000,city_centroid
4723,69585,LOVES TRAVEL STOP #618,"I-75, EXIT 136 & SR-32",Sadieville,KY,300,3.139,-84.5384000,38.3908000,city_centroid
4724,69587,LAMBOS #3,"I-57, EXIT 190A & SR-16",Mattoon,IL,280,3.399,-88.3762000,39.4802000,city_centroid
4725,69588,FUEL CITY,"I-30, EXIT 52B & US-80",Mesquite,TX,630,2.96566666,-96.6290400,32.7636000,city_centroid
4726,69589,LOVES TRAVEL STOP #604,I-35 EXIT 157 & SR-33,Guthrie,OK,483,3.319,-97.4360000,35.8330000,city_centroid
4727,69590,LOVES TRAVEL STOP #654,US-81,Union City,OK,483,3.37566666,-97.9398000,35.3913000,city_centroid
4728,69591,REBEL PLUS #841,"I-75, EXIT 116 & CR-865",Bonita Springs,FL,225,3.539,-81.7768000,26.3598333,city_centroid
4730,69594,SPEEDWAY #8480,US-30 & CR-36,Plainfield,IL,293,3.279,-88.2125000,41.6069667,city_centroid
4731,69594,SPEEDWAY #8480,US-30 & CR-36,Plainfield,IL,293,3.339,-88.2125000,41.6069667,city_centroid
4732,69595,SPEEDWAY #7176,US-31/SR-6,Columbia,TN,460,3.359,-87.0366500,35.6153500,city_centroid
4733,69596,SPEEDWAY #4250,SR-72,Des Plaines,IL,293,3.289,-87.8890250,42.0288250,city_centroid
4734,69596,SPEEDWAY #4250,SR-72,Des Plaines,IL,293,3.499,-87.8890250,42.0288250,city_centroid
4735,69597,SPEEDWAY #2918,US-119,Uniontown,PA,165,3.91566666,-79.7282000,39.8897000,city_centroid
4736,69598,SPEEDWAY #8133,SR-237,Berea,OH,305,3.499,-81.8618000,41.3676000,city_centroid
4737,69599,One9 SPEEDWAY #2917,SR-48 & SR-130,Monroeville,PA,165,3.99233333,-79.7623000,40.4290000,city_centroid
4738,69601,LOVES TRAVEL STOP #638,US-54,Texhoma,OK,585,3.509,-101.8394000,36.5253000,city_centroid
4739,69605,CASEYS #3305,SR-23 & SR-47,Ogilvie,MN,333,3.371,-93.4359000,45.8476000,city_centroid
4740,69607,PANOLA PINES PLAZA,I-59,Carthage,TX,618,3.139,-94.3527000,32.1544000,city_centroid
4741,69608,STRIPES,FM 1924,Mission,TX,639,3.099,-98.3320667,26.2761667,city_centroid
4742,69611,CUBBYS #2104,CR-131,Shelby,NE,313,3.399,-97.4253000,41.1922000,city_centroid
4743,69612,ROAD RANGER #272,"I-35, EXIT 39 & SR-44",Encinal,TX,693,3.539,-99.3563000,28.0405000,city_centroid
4744,69614,RUTTERS #36,US-15 & SR-234,York Springs,PA,70,4.299,-77.1061000,40.0084000,city_centroid
4745,69615,LOVES TRAVEL STOP #631,US-275/SR-64,Valley,NE,270,3.34566666,-96.3463000,41.3186000,city_centroid
4746,69616,FLYING J #552,"I-71, EXIT 32 & SR-350",Lebanon,OH,407,3.399,-84.1735000,39.4293000,city_centroid
4747,69618,LOVES TRAVEL STOP #656,US-50/400,Holcomb,KS,525,3.729,-100.9893000,37.9931000,city_centroid
4748,69621,Circle K #2741096,"I-10/US-90, EXIT 591 & FM-1518",Converse,TX,740,2.93566666,-98.3217000,29.5173000,city_centroid
4749,69625,RUTTERS #34,US-30 & SR-23,Leola,PA,70,4.199,-76.1921000,40.0964000,city_centroid
4750,69626,CASEYS #2860,US-160 & FM-6070,West Plains,MO,535,3.419,-91.8717000,36.7284000,city_centroid
4751,69627,STRIPES #40601,US-83 & FM-2360,Rio Grande City,TX,639,2.99566666,-98.8104000,26.3942000,city_centroid
4752,69629,SWANTON MOBIL,"I-89, EXIT 21 & SR-78",Swanton,VT,39,3.539,-73.1211000,44.9168000,city_centroid
4753,69630,MANSFIELD TRAVEL PLAZA,SR-175 & SR-509,Mansfield,LA,745,3.019,-93.6921640,32.0438210,census
4754,69632,Circle K #2709300,US-72/SR-2,Huntsville,AL,460,2.97733333,-86.6080733,34.7190667,city_centroid
4755,69633,ONE9 EXPRESS FUEL,"I-10, EXIT 42 & FM-1110",Clint,TX,640,2.80233333,-106.2038000,31.5494000,city_centroid
4756,69636,PETRO WILMINGTON,"I-55, EXIT 240",Wilmington,IL,290,3.399,-88.1467000,41.3078000,city_centroid
4757,69636,PETRO WILMINGTON,"I-55, EXIT 240",Wilmington,IL,290,3.499,-88.1467000,41.3078000,city_centroid
4758,69636,PETRO WILMINGTON,"I-55, EXIT 240",Wilmington,IL,290,3.449,-88.1467000,41.3078000,city_centroid
4759,69636,PETRO WILMINGTON,"I-55, EXIT 240",Wilmington,IL,290,3.539,-88.1467000,41.3078000,city_centroid
4760,69637,PILOT #1041,SR-64 & CR-23,Carol Stream,IL,290,3.759,-88.1201667,41.8900000,city_centroid
4761,69637,PILOT TRAVEL CENTER #1041,SR-64 & CR-23,Carol Stream,IL,290,3.699,-88.1201667,41.8900000,city_centroid
4762,69637,PILOT #1041,SR-64 & CR-23,Carol Stream,IL,290,3.799,-88.1201667,41.8900000,city_centroid
4763,69637,PILOT TRAVEL CENTER #1041,SR-64 & CR-23,Carol Stream,IL,290,3.799,-88.1201667,41.8900000,city_centroid
4764,69643,Tex-Best #524,SR-44 E,Alice,TX,625,2.899,-98.0766500,27.7477000,city_centroid
4765,69646,Arco One9,"I-10, EXIT 19",Quartzsite,AZ,930,3.379,-114.2160500,33.6980500,city_centroid
4766,69646,Arco dba One9 #1258,"I-10, EXIT 19",Quartzsite,AZ,930,3.359,-114.2160500,33.6980500,city_centroid
4767,69647,SPEEDWAY #6207,SR-25,Batavia,IL,293,3.699,-88.3098000,41.8482000,city_centroid
4768,69647,SPEEDWAY #6207,SR-25,Batavia,IL,293,3.599,-88.3098000,41.8482000,city_centroid
4769,69648,BP-GIANT OIL #440,"I-71, EXIT 204 & SR-83",Burbank,OH,249,3.23233333,-81.9958000,40.9637000,city_centroid
4770,69649,SPEEDWAY #2921,"I-80, EXIT 29 & SR-8",Harrisville,PA,573,3.434,-79.9796000,41.1631000,city_centroid
4771,69651,LOVES TRAVEL STOP #074,SR-19 & SR-76,Lindsay,OK,483,3.09066666,-97.5998000,34.8211000,city_centroid
4772,69652,LOVES TRAVEL STOP #633,US-30,Plymouth,IN,365,3.849,-86.3015000,41.3530000,city_centroid
4773,69653,LOVES TRAVEL STOP #644,"I-70, EXIT 437 & US-385",Burlington,CO,800,3.889,-102.2583000,39.3106000,city_centroid
4774,69654,LOVES TRAVEL STOP #636,US-169,Nowata,OK,500,3.399,-95.6404000,36.6946000,city_centroid
4775,69657,JIFFY MART,US-7 & SR-22A,Ferrisburgh,VT,39,3.599,-73.2462000,44.2056000,city_centroid
4776,69658,Missouri Travel,"I-29, EXIT 75 & US-30",Missouri Valley,IA,319,3.424,-95.8913000,41.5644000,city_centroid
4777,69659,QUIKTRIP #1092,"I-77, EXIT 77 & US-21/SR-5",Rock Hill,SC,46,3.134,-81.0801667,34.9586000,city_centroid
4778,69662,STRIPES 7FLEET #42472,US-377,Brownwood,TX,575,2.96233333,-99.0418000,31.7748000,city_centroid
4779,69663,STRIPES #2484,SR-480 & FM-1021,Eagle Pass,TX,740,3.199,-100.4801000,28.6909000,city_centroid
4780,69664,7-ELEVEN #40544,US-281,Lampasas,TX,765,2.91566666,-98.1834000,31.0680000,city_centroid
4781,69666,7-ELEVEN #40587,SR-21 & FM-150,Maxwell,TX,595,3.15233333,-97.8144000,29.8953000,city_centroid
4782,69668,LOVES TRAVEL STOP #643,"I-55/57, EXIT 66A & US-60",Sikeston,MO,490,3.549,-89.5820000,36.8911000,city_centroid
4783,69669,LOVES TRAVEL STOP #623,"I-20/SR-349, EXIT 131",Midland,TX,710,3.55566666,-102.0802125,31.9653750,city_centroid
4784,69670,LOVES TRAVEL STOP #611,"I-90, EXIT B3 & SR-22",Canaan,NY,12,3.989,-73.4159000,42.4132000,city_centroid
4785,69670,LOVES TRAVEL STOP #611,"I-90, EXIT B3 & SR-22",Canaan,NY,12,3.979,-73.4159000,42.4132000,city_centroid
4786,69671,LOVES TRAVEL STOP #655,US-83 & SR-96,Scott City,KS,525,3.63733333,-100.9064000,38.4823000,city_centroid
4787,69672,STRIPES 7FLEET #42507,US-285,Pecos,TX,710,3.379,-103.5791000,31.4467000,city_centroid
4788,69673,QUIKTRIP #1863,"SEC HWY 114, I-35",Roanoke,TX,630,2.97566666,-97.2127000,33.0211000,city_centroid
4789,69674,WEIGLES #64,"I-75, EXIT 122 & SR-61",Clinton,TN,405,2.99566666,-84.1784500,36.0984500,city_centroid
4790,69676,SPEEDWAY #8495,"US-19/SR-400, EXIT 12",Alpharetta,GA,18,3.349,-84.2739400,34.0739600,city_centroid
4791,69679,LOVES TRAVEL STOP #627,US-27 & SR-54,Davenport,FL,140,3.55233333,-81.6386750,28.2319500,city_centroid
4792,69680,PILOT #1042,I-55 EXIT 283,Bridgeview,IL,290,3.799,-87.8066000,41.7431000,city_centroid
4793,69680,PILOT TRAVEL CENTER #1042,I-55 EXIT 283,Bridgeview,IL,290,3.799,-87.8066000,41.7431000,city_centroid
4794,69681,PILOT #1549,"I-20, EXIT168 & SR-77",Lincoln,AL,615,3.199,-86.1112000,33.6059000,city_centroid
4795,69681,PILOT TRAVEL CENTER #1549,"I-20, EXIT168 & SR-77",Lincoln,AL,615,3.109,-86.1112000,33.6059000,city_centroid
4796,69682,PILOT #1577,"I-75, EXIT 141 & SR-63",Pioneer,TN,405,3.02566666,-84.2907000,36.4695000,city_centroid
4798,69684,KWIK TRIP #140,"SR-29, EXIT 177",Schofield,WI,395,3.424,-89.5818000,44.9064000,city_centroid
4799,69686,CASEYS #3472,SR-125 & SR-78,Virginia,IL,368,3.759,-90.2073905,39.9534285,census
4800,69686,CASEYS #3472,SR-125 & SR-78,Virginia,IL,368,3.659,-90.2073905,39.9534285,census
4801,69686,CASEYS #3472,SR-125 & SR-78,Virginia,IL,368,3.799,-90.2073905,39.9534285,census
4802,69687,CASEYS #3470,US-421 & SR-16,Monon,IN,375,3.779,-86.8635000,40.8612000,city_centroid
4803,69688,CASEYS #3431,US-150 & SR-54,Farmer City,IL,368,3.339,-88.6634000,40.2447000,city_centroid
4804,69693,MAVERIK COUNTRY STORE #527,"US-89, EXIT 405",Ogden,UT,835,3.439,-111.9692778,41.2324889,city_centroid
4805,69694,MAVERIK COUNTRY STORE #533,US-91 & SR-101,Wellsville,UT,835,3.444,-111.9317000,41.6343000,city_centroid
4806,69695,MAVERIK COUNTRY STORE #488,"I-15/US-89, EXIT 288",Draper,UT,835,3.44566666,-111.8810000,40.5046000,city_centroid
4807,69696,MAVERIK COUNTRY STORE #531,"I-80/15, EXIT 305D",Logan,UT,835,3.43066666,-111.8401000,41.7249000,city_centroid
4808,69698,KUM & GO #0891,I-44 (EASTBOUND),Vinita,OK,560,3.059,-95.1382000,36.6334000,city_centroid
4810,69701,PUMP & PANTRY #48,US-30 & SR-25,Fremont,NE,486,3.319,-96.4963000,41.4374500,city_centroid
4811,69702,SPEEDWAY #7159,"I-40/SR-66, EXIT 412",Dandridge,TN,405,3.259,-83.4233000,36.0008000,city_centroid
4813,69707,SUPER S TRAVEL PLAZA,"I-49, EXIT 241",Ida,LA,745,3.059,-93.9022000,32.9934000,city_centroid
4814,69708,TA Express #289,US-59,Nacogdoches,TX,618,3.139,-94.6163000,31.6516800,city_centroid
4815,69709,LOVES TRAVEL STOP #626,US-287,Dumas,TX,585,3.41566666,-101.9680000,35.8823000,city_centroid
4816,69710,LOVES TRAVEL STOP #625,"I-80, EXIT 59 & SR-17J",Sidney,NE,475,3.47233333,-102.9907500,41.1792500,city_centroid
4819,69712,LOVES TRAVEL STOP #650,"I-84/US-30, EXIT 159",Boardman,OR,935,3.52233333,-119.7206000,45.8272000,city_centroid
4820,69713,EAGLE #56,"I-45, Exit 189",Teague,TX,765,3.48233333,-96.2778000,31.6328000,city_centroid
4821,69715,CASEYS #2712,SR-8/SR-14,Superior,NE,413,3.36233333,-98.0779000,40.0315000,city_centroid
4822,69719,SHEETZ #033,"I-99/US-220, EXIT 41 & SR-865",Altoona,PA,14,3.529,-78.4031333,40.5093000,city_centroid
4823,69720,PILOT #1046,US-27 & SR-80,South Bay,FL,176,3.799,-80.7312000,26.6701000,city_centroid
4824,69720,PILOT TRAVEL CENTER #1046,US-27 & SR-80,South Bay,FL,176,3.799,-80.7312000,26.6701000,city_centroid
4825,69721,MFA,US-36,Brookfield,MO,276,3.249,-93.0719000,39.7846000,city_centroid
4826,69723,SPEEDWAY #5036,I-90 & US-20,Hampshire,IL,293,3.369,-88.5170000,42.0807000,city_centroid
4827,69727,PETRO-CARD 24 #910880,SR-6/13,Gallatin,MO,276,3.299,-93.9787000,39.9025000,city_centroid
4828,69729,MFA OIL,US-63 & HWY E,Queen City,MO,494,3.249,-92.5663000,40.4152000,city_centroid
4829,69731,PETRO-CARD 24 #910561,"I-49, EXIT 102A",Nevada,MO,277,3.349,-94.3571000,37.8409000,city_centroid
4830,69732,PETRO-CARD 24 #911043,US-65,Sedalia,MO,392,3.249,-93.2303000,38.7003000,city_centroid
4831,69735,PETRO-CARD 24 #910200,US-65 & BUS US-36,Chillicothe,MO,276,3.289,-93.5509000,39.7966000,city_centroid
4832,69740,LOVES TRAVEL STOP #613,"I-81, EXIT 24 & SR-80",Meadowview,VA,185,3.599,-81.8512000,36.7612000,city_centroid
4833,69741,LOVES TRAVEL STOP #659,"I-10, EXIT 133B",Tolleson,AZ,930,3.569,-112.2774000,33.4347000,city_centroid
4834,69742,LOVES TRAVEL STOP #630,US-412/64,Enid,OK,337,3.78733333,-97.8683200,36.3826400,city_centroid
4835,69743,LOVES TRAVEL STOP #647,US-81,Belleville,KS,523,3.81566666,-97.6290000,39.8241000,city_centroid
4836,69744,LOVES TRAVEL STOP #632,US-54 & US-83,Liberal,KS,585,3.66566666,-100.9333000,37.0327000,city_centroid
4837,69745,PILOT #1070,"I-40/US-54, EXIT 277 & US-84",Santa Rosa,NM,580,3.46233333,-104.5899000,34.8526000,city_centroid
4838,69746,Maverik Country Store #5014,I-80 E EXIT 110 & HWY169,De Soto,IA,320,3.099,-94.0303000,41.5208000,city_centroid
4839,69747,SUNOCO,I-69 & YS HWY 30,Fort Wayne,IN,370,3.604,-85.1410667,41.0846667,city_centroid
4840,69748,SUNOCO,SR-930 E,Fort Wayne,IN,370,3.59733333,-85.1410667,41.0846667,city_centroid
4841,69750,CIRCLE K #2704041,"I-35, EXIT 183",New Braunfels,TX,740,2.859,-98.1323333,29.7274667,city_centroid
4842,69751,MFA,CR-37,Purdy,MO,416,3.349,-93.9164000,36.8069000,city_centroid
4844,69758,MAVERIK COUNTRY STORE #537,I-215 EXIT 21,Salt Lake City,UT,835,3.38233333,-111.8778419,40.7262129,city_centroid
4845,69764,MAVERIK COUNTRY STORE #538,I-15 & SR-99,Fillmore,UT,835,3.38733333,-112.3313000,38.9805000,city_centroid
4846,69765,7-ELEVEN #40509,I-90/80 EB,Howe,IN,465,3.899,-85.4727000,41.7286000,city_centroid
4847,69766,Marathon,"I-75, EXIT 99 & SR-119",Anna,OH,411,3.029,-84.2103000,40.4051000,city_centroid
4848,69770,SASSYS TRUCK STOP,"I-86, EXIT 23 & US-219",Limestone,NY,240,3.159,-78.6320000,42.0639000,city_centroid
4850,69780,Bolingbrook Mart,"I-55, EXIT 269",Bolingbrook,IL,293,3.639,-88.1138000,41.6883000,city_centroid
4851,69782,BYRNE DAIRY #14,SR-414 & SR-318,Waterloo,NY,190,3.999,-76.8463190,42.9610170,census
4852,69783,SHEETZ #603,"I-78 US-22, EXIT 13 & SR-501",Bethel,PA,208,3.32733333,-76.2742000,40.4808000,city_centroid
4853,69784,KWIK TRIP #158,US-10 & SR-23,Saint Cloud,MN,451,3.27733333,-94.1691000,45.5563000,city_centroid
4854,69785,LOVES TRAVEL STOP #662,US-287 & SR-285,Quanah,TX,585,3.849,-99.7494000,34.2955000,city_centroid
4855,69786,LOVES TRAVEL STOP #671,"I-55, EXIT 63 & US-61",Blytheville,AR,275,3.45566666,-89.9190000,35.9273000,city_centroid
4856,69787,LOVES TRAVEL STOP #616,"I-49, EXIT 158",Harrisonville,MO,400,3.429,-94.3285000,38.6419000,city_centroid
4857,69788,LOVES TRAVEL STOP #612,"SR-370, EXIT 9 & SR-141",Bridgeton,MO,540,3.12066666,-90.4161000,38.7506000,city_centroid
4858,69789,LOVES TRAVEL STOP #620,US-301 & SR-20,Hawthorne,FL,140,3.789,-82.1056000,29.5740000,city_centroid
4859,69790,LOVES TRAVEL STOP #641,I-155/US-412 EXIT 13 & SR-78,Dyersburg,TN,275,3.40233333,-89.3846000,36.0394500,city_centroid
4860,69791,PILOT #1083,US-287 & US-54,Stratford,TX,585,3.499,-101.9886000,36.3335000,city_centroid
4861,69792,FLYING J #1061,"I-44, EXIT 72",Springfield,MO,416,3.38233333,-93.2839273,37.1962455,city_centroid
4862,69797,KWIK TRIP #149,US-10,Saint Cloud,MN,451,3.21066666,-94.1691000,45.5563000,city_centroid
4863,69798,LOVES TRAVEL STOP #060,US-36 & US-283,Norton,KS,525,3.109,-99.8878000,39.8407000,city_centroid
4864,69799,MAVERIK COUNTRY STORE #387,"I-40, EXIT 253",Winslow,AZ,930,3.23566666,-110.6974000,35.0242000,city_centroid
4865,69800,MAVERIK COUNTRY STORE #502,US-385 & SR-2,Alliance,NE,795,3.259,-102.8880000,42.1149000,city_centroid
4866,69801,MAVERIK COUNTRY STORE #409,"I-580, EXIT 41 & SR-531",Carson City,NV,966,3.589,-119.7696333,39.1470500,city_centroid
4867,69803,THORNTONS #319,"I-55, EXIT 248 & US-6",Channahon,IL,399,3.249,-88.2138000,41.4347000,city_centroid
4868,69803,THORNTONS #319,"I-55, EXIT 248 & US-6",Channahon,IL,399,3.299,-88.2138000,41.4347000,city_centroid
4869,69804,KWIK TRIP #184,"I-94, EXIT 293",Pewaukee,WI,444,3.449,-88.2729000,43.0788000,city_centroid
4870,69809,KWIK TRIP #162,"I-94, EXIT 202",Elk River,MN,451,3.29733333,-93.5814000,45.3136000,city_centroid
4871,69811,Chisholm Corner #16,US-81 & SR-7,Marlow,OK,569,3.01566666,-97.9410000,34.6387000,city_centroid
4872,69813,SHEETZ #608,"I-81, EXIT 24 & CR-696",Shippensburg,PA,70,3.28566666,-77.5195000,40.0514000,city_centroid
4873,69814,Allsup's #2454,US-87 & SR-163,Sterling City,TX,612,3.224,-101.0017000,31.8351000,city_centroid
4874,69815,CENEX ZIP TRIP #75,"I-94/US-12, EXIT 138 & US-59",Miles City,MT,780,3.49733333,-105.8332000,46.4075000,city_centroid
4875,69816,STRIPES #42503,"I-27, EXIT 1",Lubbock,TX,700,2.95066666,-101.8859000,33.5644895,city_centroid
4876,69817,LOVES TRAVEL STOP #639,"I-20, EXIT 96",Lake,MS,705,3.16233333,-89.3414000,32.3459000,city_centroid
4877,69818,LOVES TRAVEL STOP #675,US-75,Okmulgee,OK,560,3.21733333,-95.9697000,35.6288000,city_centroid
4878,69819,FLYING J #1086,SR-18 & SR-5,Marion,IN,457,3.489,-85.6678500,40.5551000,city_centroid
4879,69819,FLYING J TRAVEL PLAZA #1086,SR-18 & SR-5,Marion,IN,457,3.649,-85.6678500,40.5551000,city_centroid
4880,69820,CUBBYS #304,SR-7,Manson,IA,319,3.299,-94.5304000,42.5285000,city_centroid
4881,69821,FUEL CITY HALTOM CITY,"I-35W, EXIT 52B & TX-121",Haltom City,TX,630,2.96566666,-97.2709000,32.8087000,city_centroid
4882,69823,LOVES TRAVEL STOP #664,US-41,Terre Haute,IN,375,3.949,-87.3890000,39.4676750,city_centroid
4883,69824,LOVES TRAVEL STOP #663,US-190 & LA-103,Port Barre,LA,730,3.124,-91.9674595,30.5466585,census
4884,69825,KWIK TRIP #154,MN-15,Sauk Rapids,MN,451,3.30233333,-94.1591000,45.6040000,city_centroid
4885,69826,LOVES TRAVEL STOP #629,I-65 EXIT 108 & SR-76,White House,TN,460,3.159,-86.6705000,36.4600000,city_centroid
4886,69827,KWIK TRIP #164,US-12/SR-29,Menomonie,WI,295,3.499,-91.9265000,44.8718000,city_centroid
4887,69830,RUTTERS #69,"I-78/US-22, EXIT 29 & SR-61",Hamburg,PA,208,3.86566666,-75.9874000,40.5488000,city_centroid
4888,69832,LOVES TRAVEL STOP #595,"I-10, EXIT 28 & SR-49",Gulfport,MS,733,3.144,-89.0724750,30.4136750,city_centroid
4889,69833,LOVES TRAVEL STOP #658,US-412,Watts,OK,416,3.34733333,-94.6345000,36.1152000,city_centroid
4890,69835,LOVES TRAVEL STOP #653,US-287,Eads,CO,800,3.47566666,-102.5549000,38.4408000,city_centroid
4891,69837,LOVES TRAVEL STOP #606,"I-94, EXIT 73B & US-6",South Holland,IL,290,3.489,-87.5938000,41.5979000,city_centroid
4892,69837,LOVES TRAVEL STOP #606,"I-94, EXIT 73B & US-6",South Holland,IL,290,3.449,-87.5938000,41.5979000,city_centroid
4893,69837,LOVES TRAVEL STOP #606,"I-94, EXIT 73B & US-6",South Holland,IL,290,3.329,-87.5938000,41.5979000,city_centroid
4894,69837,LOVES TRAVEL STOP #606,"I-94, EXIT 73B & US-6",South Holland,IL,290,3.549,-87.5938000,41.5979000,city_centroid
4895,69840,KUM & GO #0370,"I-80, EXIT 439 & SR-370",Gretna,NE,486,2.92066666,-96.2458000,41.1345000,city_centroid
4896,69842,KUM & GO #0863,"I-44, EXIT 215 & SR-97",Sapulpa,OK,560,3.23233333,-96.1021500,36.0113000,city_centroid
4897,69845,Maverik Country Store #5013,US-40 & SR-13,Craig,CO,800,3.459,-107.5540000,40.5188000,city_centroid
4898,69847,KWIK STAR #145,US-52,Guttenberg,IA,335,3.599,-91.1190000,42.7594000,city_centroid
4899,69848,KWIK TRIP #173,SR-17,Rhinelander,WI,395,3.45233333,-89.3866000,45.7045000,city_centroid
4900,69850,KUM & GO #0539,"I-80 E, & SR-415 EXIT 135",Des Moines,IA,320,3.07233333,-93.6192375,41.5973500,city_centroid
4901,69851,SPEEDWAY #3995,I-90,Belvidere,IL,293,3.849,-88.8509000,42.2595000,city_centroid
4902,69852,KWIK TRIP #141,SR-61,Two Harbors,MN,334,3.499,-91.6783000,47.0394000,city_centroid
4903,69854,LOVES TRAVEL STOP #637,"I-39, EXIT 115 & CR-CS",Poynette,WI,420,3.789,-89.4189000,43.4013000,city_centroid
4904,69855,LOVES TRAVEL STOP #670,US-18,Floyd,IA,433,3.649,-92.7240000,43.1430000,city_centroid
4905,69856,LOVES TRAVEL STOP #657,"I-77, EXIT 5 & SR-48",Cayce,SC,46,3.39733333,-81.0671000,33.9626000,city_centroid
4906,69858,TEX-BEST #528,US-181,Elmendorf,TX,740,2.89233333,-98.3720000,29.2308000,city_centroid
4907,69859,BIG BOSS TRAVEL PLAZA,I-12 EXIT 22,Livingston,LA,600,3.16566666,-90.7673000,30.4741000,city_centroid
4908,69861,HUCKS FOOD & FUEL #379,"I-57, EXIT 53",Marion,IL,340,3.549,-88.9294000,37.7257000,city_centroid
4909,69861,HUCKS FOOD & FUEL #379,"I-57, EXIT 53",Marion,IL,340,2.929,-88.9294000,37.7257000,city_centroid
4910,69861,HUCKS FOOD & FUEL #379,"I-57, EXIT 53",Marion,IL,340,2.999,-88.9294000,37.7257000,city_centroid
4911,69862,CASEYS #3503,US-69/SR-52,Pleasanton,KS,400,3.199,-94.7057000,38.1823000,city_centroid
4912,69863,GOLDEN GATE,I-80 EXIT 352A & US-93,Wells,NV,835,3.41566666,-114.9645000,41.1116000,city_centroid
4913,69865,7-ELEVEN #40036,SR-33 & SR-632,Lanexa,VA,180,3.659,-76.9027000,37.4194000,city_centroid
4914,69870,CIRCLE K #4705720,"I-280, EXIT 7 & SR-2",Oregon,OH,550,3.609,-83.4714000,41.6418000,city_centroid
4915,69871,CIRCLE K #2741595,SR-71 & FM-1209,Bastrop,TX,595,2.954,-97.4327680,30.1225070,census
4916,69873,KWIK TRIP #142,"US-10, EXIT 186 & SR-13",Marshfield,WI,395,3.479,-90.1751000,44.6652000,city_centroid
4917,69874,LOVES TRAVEL STOP #687,"I-72, EXIT 64 & US-67",Jacksonville,IL,540,3.589,-90.2452500,39.7161000,city_centroid
4918,69874,LOVES TRAVEL STOP #687,"I-72, EXIT 64 & US-67",Jacksonville,IL,540,3.489,-90.2452500,39.7161000,city_centroid
4919,69875,LOVES TRAVEL STOP #680,US-81,Norfolk,NE,470,3.31566666,-97.4199500,42.0306000,city_centroid
4920,69876,LOVES TRAVEL STOP #684,"I-35, EXIT 133 & SR-175",Ellsworth,IA,433,3.689,-93.5490000,42.3009000,city_centroid
4921,69877,LOVES TRAVEL STOP #669,US-61 & SR-19,New London,MO,345,3.23566666,-91.3960000,39.5917000,city_centroid
4922,69878,SPEEDWAY #7412,SR-83 & SR-19,Bensenville,IL,293,3.379,-87.9425500,41.9525500,city_centroid
4924,69880,Speedway #6809,"I-290, EXIT 13A",Franklin Park,IL,293,3.329,-87.8734000,41.9339000,city_centroid
4925,69880,Speedway #6809,"I-290, EXIT 13A",Franklin Park,IL,293,3.379,-87.8734000,41.9339000,city_centroid
4926,69881,KWIK TRIP #458,SR-55,Buffalo,MN,451,3.549,-93.8635000,45.1814000,city_centroid
4927,69882,SPEEDWAY #7103,US-43,Lawrenceburg,TN,460,3.574,-87.3526000,35.2507000,city_centroid
4928,69884,AKAL TRAVEL CENTER,"I-40, EXIT 267 & SR-379",Santa Rosa,NM,721,2.879,-104.5899000,34.8526000,city_centroid
4929,69885,BELL STORES #146,SR-43 & SR-183,Malvern,OH,249,3.579,-81.1838000,40.6845000,city_centroid
4930,69886,LOVES TRAVEL STOP #676,SR-50,Syracuse,NE,413,3.444,-96.1824000,40.6614000,city_centroid
4931,69887,CIRCLE K #2701869,SR-21 & SR-307,Savannah,GA,195,3.11566666,-81.1007769,32.0269615,city_centroid
4932,69888,OASIS STOP N GO #17,US-30,Twin Falls,ID,787,3.699,-114.4651000,42.5597500,city_centroid
4933,69892,MAVERIK COUNTRY STORE #547,US-26,Casper,WY,790,3.18566666,-106.3313800,42.8537400,city_centroid
4934,69893,DOMINO EXPRESS #24,US-412/US-270/US-183/SR-3 & SR-15,Woodward,OK,337,2.999,-99.3511500,36.4854000,city_centroid
4935,69894,Circle K #2746446,US-2,Williston,ND,452,4.04233333,-103.6279000,48.1804333,city_centroid
4936,69895,Shell,"I-80, EXIT 122",Minooka,IL,290,3.149,-88.2786000,41.4615000,city_centroid
4937,69895,Shell,"I-80, EXIT 122",Minooka,IL,290,3.249,-88.2786000,41.4615000,city_centroid
4938,69895,Shell,"I-80, EXIT 122",Minooka,IL,290,3.199,-88.2786000,41.4615000,city_centroid
4939,69900,LOVES TRAVEL STOP #605,"I-70, EXIT 59 & SR-41",Springfield,OH,315,3.479,-83.8083000,39.9276500,city_centroid
4940,69901,KWIK TRIP #638,SR-42,Two Rivers,WI,582,3.39066666,-87.5855000,44.1660000,city_centroid
4941,69902,MAVERIK COUNTRY STORE #441,"I-182/US-12, EXIT 9",Pasco,WA,925,4.279,-119.0993500,46.2421000,city_centroid
4942,69903,LOVES TRAVEL STOP #642,US-60 & US-385,Hereford,TX,585,3.41566666,-102.4050000,34.8370000,city_centroid
4943,69904,LOVES TRAVEL STOP #695,US-54/400,Cunningham,KS,570,3.65733333,-98.3564000,37.6309000,city_centroid
4944,69905,KWIK TRIP #105,"I-41, EXIT 157",De Pere,WI,582,3.35233333,-88.0806000,44.4388000,city_centroid
4945,69906,LOVES TRAVEL STOP #692,US-169 & SR-39,Chanute,KS,570,3.27566666,-95.4570000,37.6749000,city_centroid
4947,69908,LOVES TRAVEL STOP #685,"I-74, EXIT 51",Knoxville,IL,270,3.889,-90.2871000,40.9107000,city_centroid
4949,69913,ROSS FUEL CENTER,US-60/US-67,Poplar Bluff,MO,275,3.49066666,-90.4118000,36.7393500,city_centroid
4951,69915,PETES #16,"I-49/US-71, EXIT 120 & CR-B",Rich Hill,MO,277,3.149,-94.3635000,38.0944000,city_centroid
4952,69921,LOVES TRAVEL STOP #688,"I-70, EXIT 119 & SR-130",Greenup,IL,510,3.389,-88.1246000,39.2740000,city_centroid
4953,69921,LOVES TRAVEL STOP #688,"I-70, EXIT 119 & SR-130",Greenup,IL,510,3.449,-88.1246000,39.2740000,city_centroid
4954,69921,LOVES TRAVEL STOP #688,"I-70, EXIT 119 & SR-130",Greenup,IL,510,3.489,-88.1246000,39.2740000,city_centroid
4955,69921,LOVES TRAVEL STOP #688,"I-70, EXIT 119 & SR-130",Greenup,IL,510,3.349,-88.1246000,39.2740000,city_centroid
4956,69921,LOVES TRAVEL STOP #688,"I-70, EXIT 119 & SR-130",Greenup,IL,510,3.289,-88.1246000,39.2740000,city_centroid
4957,69922,LOVES TRAVEL STOP #686,"I-84/I-15, EXIT 363",Brigham City,UT,835,3.75566666,-112.0152000,41.5079000,city_centroid
4958,69923,Circle K #2741821,FM 471 & SR 211,San Antonio,TX,740,3.03233333,-98.8058030,29.5227260,census
4959,69926,TONKAWA TRADING POST,"I-35, EXIT 214 & US-60",Tonkawa,OK,500,2.999,-97.3063000,36.6806000,city_centroid
4960,69927,LOVES TRAVEL STOP #682,"I-81, EXIT 10A",Hagerstown,MD,22,3.949,-77.7174750,39.6237250,city_centroid
4961,69928,KUM & GO #1837,SR-51,Broken Arrow,OK,560,3.05233333,-95.7838250,36.0356250,city_centroid
4962,69929,PETES #14,US-69/SR 7,Fort Scott,KS,307,3.199,-94.7148000,37.8216000,city_centroid
4963,69930,CONCORDE TRAVEL CENTER,"I-65, EXIT 219 & CR-42",Jemison,AL,720,3.299,-86.7181000,32.9805000,city_centroid
4964,69931,SHELL,"I-565, EXIT 7 & CR-127",Madison,AL,615,3.349,-86.7678333,34.7106667,city_centroid
4967,69934,KWIK TRIP #135,SR-35 N,Superior,WI,334,3.499,-92.0912000,46.7016000,city_centroid
4968,69935,KWIK TRIP #586,"I-41, EXIT 45",Butler,WI,444,3.474,-88.0710000,43.1054000,city_centroid
4969,69936,LOVES TRAVEL STOP #683,US-27,Moore Haven,FL,176,3.789,-81.2188000,26.8327000,city_centroid
4970,69937,MAVERIK COUNTRY STORE #385,"I-15, EXIT 119",Idaho Falls,ID,825,3.42566666,-111.9924600,43.4920000,city_centroid
4971,69938,MAVERIK COUNTRY STORE #388,US-60 & SR-77,Show Low,AZ,930,3.229,-110.0176000,34.2989500,city_centroid
4972,69939,MAVERIK COUNTRY STORE #377,"I-15, EXIT 244 & US-6",Santaquin,UT,835,3.40233333,-111.8037000,39.9737000,city_centroid
4973,69940,SAPP BROS TRAVEL CENTER,"I-49, EXIT 157",Harrisonville,MO,400,3.40233333,-94.3285000,38.6419000,city_centroid
4974,69941,QUIKTRIP #949,"I-20 E, EXIT 406",Weatherford,TX,630,2.91733333,-97.7728750,32.7799500,city_centroid
4975,69943,ASAP GENERAL STORE #313,US-81,Duncan,OK,483,3.13233333,-97.9219333,34.5038333,city_centroid
4976,69944,TRUCK WORLD,"I-76, EXIT 57",North Jackson,OH,573,3.259,-80.8623000,41.0880000,city_centroid
4978,69946,KUM & GO #0119,"I-35, EXIT 214 & SR-105",Northwood,IA,433,3.11566666,-93.2419000,43.4506000,city_centroid
4979,69947,THORNTONS #607,I-24 EXIT 62 & SR-171,Antioch,TN,460,2.899,-86.6657000,36.0598000,city_centroid
4980,69948,CIRCLE T,US-190/SR-21,Bryan,TX,670,3.459,-96.3670714,30.6857143,city_centroid
4981,69949,THE CROSSING TRAVEL MARK,US-83 & SR-153,Winters,TX,575,3.04066666,-99.9551000,31.9620000,city_centroid
4982,69952,HUTCH'S #120,"I-40, EXIT 25",Sayre,OK,483,2.984,-99.6429000,35.3047000,city_centroid
4983,69954,Exxon,"I-80, EXIT 27A & US-46",Budd Lake,NJ,79,3.119,-74.7426000,40.8731000,city_centroid
4984,69955,QUIKTRIP #1044,"I-85, EXIT 63 & SR-2180",Kannapolis,NC,46,3.154,-80.5928333,35.4443667,city_centroid
4985,69957,LOVES TRAVE STOP #698,"I-75/SR-401, EXIT 153",Macon,GA,85,3.369,-83.6622857,32.8193143,city_centroid
4986,69958,LOVES TRAVEL STOP #693,US-30/23 & SR-199,Upper Sandusky,OH,411,3.889,-83.2977000,40.8249000,city_centroid
4987,69959,BISCUIT HILL TRAVEL PLAZA,"I-40, EXIT 192",Shawnee,OK,483,2.909,-96.9395000,35.3366333,city_centroid
4988,69960,PILOT CENTER #1014- TOWN PUMP,"I-94, EXIT 213 & SR-16",Glendive,MT,807,3.419,-104.7287000,47.1008000,city_centroid
4989,69962,LUFKIN TRAVEL PLAZA,US-59 & CR-819,Lufkin,TX,618,2.81566666,-94.7074800,31.3192000,city_centroid
4990,69963,7 CLANS RED ROCK GASINO,US-177,Red Rock,OK,500,3.089,-97.1640000,36.4748000,city_centroid
4991,69964,SHEETZ #621,"I-77 & US-70, Exit 49A",Statesville,NC,46,2.849,-80.8890333,35.8155667,city_centroid
4992,69969,USA GAS,SR-47,Newfield,NJ,150,3.169,-75.0276000,39.5553000,city_centroid
4993,69974,LOVES TRAVEL STOP #672,US-77BUS & FM-1945,Sinton,TX,625,3.149,-97.5196000,28.0339000,city_centroid
4994,69975,LOVES TRAVEL STOP #703,US-50,South Hutchinson,KS,570,3.30066666,-97.9431000,38.0282000,city_centroid
4995,69976,KWIK TRIP #583,"I-94, EXIT 89 & SR-23",Wisconsin Dells,WI,420,3.23733333,-89.7665000,43.6508000,city_centroid
4996,69977,KWIK TRIP #855,US-12,Baraboo,WI,420,3.11566666,-89.7462000,43.4825000,city_centroid
4997,69978,LOVES TRAVEL STOP #678,US-271,Paris,TX,630,3.36566666,-95.5279667,33.6665000,city_centroid
4998,69979,LOVES TRAVEL STOP #681,"I-82/US-12, EXIT 80",Prosser,WA,925,4.589,-119.7710000,46.2232000,city_centroid
4999,69980,RUTTERS #70,SR-896 & SR-741,Strasburg,PA,208,4.199,-76.1848000,39.9701000,city_centroid
5000,69981,RANCHLAND GAS STATION,US-82,Benjamin,TX,770,3.299,-99.7923000,33.5840000,city_centroid
5001,69982,RUTTERS #68,US-422 & SR-934,Annville,PA,70,4.299,-76.5447000,40.3456000,city_centroid
5002,69983,MICKEY MART #57,US-250,Strasburg,OH,249,3.49233333,-81.5366000,40.6003000,city_centroid
5003,69986,YESWAY #1061,US-180 & SR-137,Lamesa,TX,612,3.099,-101.9569000,32.7367000,city_centroid
5004,69987,LOVES TRAVEL STOP #679,"I-90, EXIT 495 & SR-47",Hardin,MT,780,3.704,-107.6075000,45.7498000,city_centroid
5005,69988,LOVES TRAVEL STOP #640,"I-43, EXIT 120 & CR-OK",Sheboygan,WI,444,3.289,-87.7031333,43.7589667,city_centroid
5006,69989,LOVES TRAVEL STOP #677,US-45A,West Point,MS,615,3.259,-88.6503000,33.6076000,city_centroid
5007,69990,LOVES TRAVEL STOP #691,US-50/93 & US-6,Ely,NV,910,3.649,-114.8565500,39.2900000,city_centroid
5008,69991,WA SHE SHU TRAVEL PLAZA,US-395,Gardnerville,NV,966,3.699,-119.6693500,38.8934500,city_centroid
5009,69992,KWIK TRIP #120,SR-15 & CR-4,Saint Cloud,MN,451,3.27733333,-94.1691000,45.5563000,city_centroid
5010,69993,CEFCO #99,US-290,Giddings,TX,595,3.159,-96.9332000,30.1777000,city_centroid
5012,69996,YESWAY #1078,US-83 & SR-153,Winters,TX,575,2.999,-99.9551000,31.9620000,city_centroid
5013,69998,CASEYS #3604,US-75,Hinton,IA,527,3.299,-96.3050000,42.6040000,city_centroid
5014,69999,RUTTERS #71,"I-99, EXIT 28 & US-22",Duncansville,PA,14,4.099,-78.4383000,40.4262000,city_centroid
5015,70001,LOVES TRAVEL STOP #690,US-23,Circleville,OH,315,3.789,-82.9300000,39.5988000,city_centroid
5016,70002,LOVES TRAVEL STOP #699,US-49,Magee,MS,620,3.60733333,-89.7503000,31.8495000,city_centroid
5017,70003,SPEEDWAY #2926,SR-837,Clairton,PA,165,3.92566666,-79.9317000,40.3243000,city_centroid
5018,70004,SPEEDWAY #7775,US-23 & CR-192,Delaware,OH,315,3.619,-83.0723000,40.2932000,city_centroid
5019,70007,FLYING J #1096,"I-95, EXIT 201 & CR-524",Cocoa,FL,143,3.699,-80.7693000,28.3898000,city_centroid
5020,70007,FLYING J TRAVEL PLAZA #1096,"I-95, EXIT 201 & CR-524",Cocoa,FL,143,3.699,-80.7693000,28.3898000,city_centroid
5021,70008,Amigo's,"I-10, EXIT 661 & FM-609",Flatonia,TX,610,3.08233333,-97.0987000,29.7095000,city_centroid
5022,70009,KWIK TRIP #661,SR-69 & BUS-11,Monroe,WI,420,3.36233333,-89.6516850,42.5999790,census
5023,70010,Kwik Star #567,US-65 & SR-3,Hampton,IA,565,3.504,-93.2110000,42.7405000,city_centroid
5024,70011,KWIK TRIP #279,"US-63, EXIT 59",Rochester,MN,515,3.549,-92.4639000,44.0317000,city_centroid
5026,70014,PETRO-CARD 24 #919141,SR-179,Jamestown,MO,310,3.479,-92.4807000,38.7793000,city_centroid
5027,70016,CASEYS #2743,SR-43/SR-2 & SR-66A,Palmyra,NE,413,3.199,-96.3999000,40.7050000,city_centroid
5028,70017,PACIFIC PRIDE,I-79 & US-19,Morgantown,WV,430,3.459,-79.9584857,39.6265143,city_centroid
5029,70019,QUICKLEES #1,"I-390, EXIT 9 & SR-15",Avon,NY,190,3.999,-77.7274000,42.9030000,city_centroid
5030,70022,SHEETZ #583,US-322 & SR-655,Reedsville,PA,14,3.41566666,-77.6116000,40.6722000,city_centroid
5031,70024,KWIK TRIP #827,"I-41, EXIT 167",Green Bay,WI,582,3.499,-88.0306778,44.4973556,city_centroid
5032,70025,SPEEDWAY #6245,SR-43,Carrollton,OH,249,3.559,-81.0818000,40.5787000,city_centroid
5033,70026,SPEEDWAY #8883,I-80 EXIT 73,Peru,IL,293,3.149,-89.1265000,41.3330000,city_centroid
5034,70026,SPEEDWAY #8883,I-80 EXIT 73,Peru,IL,293,3.199,-89.1265000,41.3330000,city_centroid
5035,70027,SPEEDWAY #8851,SR-31,South Elgin,IL,293,3.659,-88.2986000,41.9969000,city_centroid
5036,70027,SPEEDWAY #8851,SR-31,South Elgin,IL,293,3.559,-88.2986000,41.9969000,city_centroid
5037,70028,LOVES TRAVEL STOP #697,"US-321, EXIT 37",Newton,NC,46,3.689,-81.2425000,35.6498000,city_centroid
5038,70029,LOVES TRAVEL STOP #696,"I-10, EXIT 843",Beaumont,TX,610,3.294,-94.1519909,30.0909091,city_centroid
5039,70030,SPEEDWAY #3991,"I-80 E, & I-94 E",Gary,IN,290,3.71233333,-87.3397125,41.5794375,city_centroid
5040,70031,SPEEDWAY #8020,US-30,Upper Sandusky,OH,550,3.799,-83.2977000,40.8249000,city_centroid
5041,70032,Kwik Star #569,US-20,Waterloo,IA,565,3.574,-92.3347500,42.4839000,city_centroid
5042,70033,KWIK TRIP #111,SR-36 & CR-15,Stillwater,MN,448,3.54066666,-92.9155500,45.0412000,city_centroid
5043,70034,SPEEDWAY #8799,I-55 EXIT 282A & SR-171,Bedford Park,IL,293,3.599,-87.6873000,41.8119000,city_centroid
5044,70035,SPEEDWAY #8064,"I-55, EXIT 178 & SR-43",West Lafayette,IN,375,3.58233333,-86.9116000,40.4192000,city_centroid
5045,70036,Speedway #3994,SR-38 & CR-21,West Chicago,IL,293,3.599,-88.2031000,41.8867000,city_centroid
5046,70037,SPEEDWAY #8738,"I-70, EXIT 23 & SR-59",Brazil,IN,375,3.699,-87.1278000,39.5210000,city_centroid
5047,70038,SPEEDWAY #1830,US-31,Grand Haven,MI,456,3.899,-86.1912000,43.0378000,city_centroid
5048,70039,TEX-BEST #527,SR-162 & SR-16,Jourdanton,TX,747,2.92066666,-98.5440000,28.9030000,city_centroid
5049,70040,TEX BEST #503,"I-35, EXIT 215 & CR-210",Kyle,TX,595,2.80566666,-97.8335000,29.9966000,city_centroid
5050,70041,LOVES TRAVEL STOP #705,"I-64/SR-33, EXIT 211 & SR-609",Providence Forge,VA,180,3.889,-77.0436000,37.4418000,city_centroid
5051,70042,Kwik Star #103,US-65,Iowa Falls,IA,565,3.374,-93.2709000,42.5138000,city_centroid
5052,70043,KWIK TRIP #571,"I-35, EXIT 235 & SR-210",Carlton,MN,515,3.319,-92.4710000,46.6484000,city_centroid
5053,70044,Thorntons #325,"I-94, EXIT 73B & US-6",South Holland,IL,365,3.699,-87.5938000,41.5979000,city_centroid
5054,70049,KWIK STAR #581,"I-380, EXIT 17",Cedar Rapids,IA,380,3.54066666,-91.6634000,42.0058625,city_centroid
5055,70050,KWIK TRIP #124,US-51,De Forest,WI,420,3.23566666,-89.3437000,43.2478000,city_centroid
5056,70053,KWIK TRIP #964,"US-12, EXIT 250 & CR-M",Middleton,WI,420,3.529,-89.5073000,43.1052000,city_centroid
5057,70054,KWIK TRIP #976,CR-241 & CR-ZZ,Oak Creek,WI,444,3.579,-87.9027000,42.8892000,city_centroid
5058,70058,KWIK TRIP #590,CR-4 & CR-22,Rochester,MN,515,3.624,-92.4639000,44.0317000,city_centroid
5059,70059,KWIK TRIP #118,US-2 & LAKESHORE DRIVE,Ashland,WI,334,3.699,-90.8439990,46.6094260,census
5060,70062,KWIK TRIP #970,SR-164 & SR-59,Waukesha,WI,444,3.53233333,-88.2003420,43.0139880,census
5061,70063,QUICK FUEL #2206,US-41,Marietta,GA,18,3.519,-84.5283500,33.9518167,city_centroid
5062,70066,KWIK TRIP #957,US-18 & CR-PD,Madison,WI,420,3.604,-89.4727455,43.0154604,census
5063,70067,KWIK TRIP #240,"I-94, EXIT 115 & CR-A",Black River Falls,WI,395,3.31233333,-90.8313000,44.2954000,city_centroid
5064,70068,LOVES TRAVEL STOP #712,"I-44, EXIT 107",Newcastle,OK,483,3.42566666,-97.6216000,35.2453000,city_centroid
5065,70069,CASEYS #3486,"I-49, EXIT 159",Harrisonville,MO,400,3.229,-94.3285000,38.6419000,city_centroid
5066,70074,CASEYS #3430,US-71 & US-136/SR-46,Maryville,MO,400,3.13733333,-94.8735000,40.3434000,city_centroid
5067,70075,KWIK TRIP #815,US-63 & SR-48,Cumberland,WI,295,3.624,-92.0314680,45.5322700,census
5068,70076,PETRO-CARD 24 #910681,SR-32,Salem,MO,392,3.099,-91.5258000,37.6170000,city_centroid
5069,70078,KWIK TRIP #573,I-94 & CR-EE,Eau Claire,WI,295,3.399,-91.5007000,44.8099667,city_centroid
5070,70079,PILOT #1118,US-60,Clovis,NM,593,4.079,-103.2133000,34.4087000,city_centroid
5071,70080,FLYING J #1117,SR-25,Rochester,IN,370,3.859,-86.2310000,41.0655000,city_centroid
5072,70080,FLYING J TRAVEL PLAZA #1117,SR-25,Rochester,IN,370,3.859,-86.2310000,41.0655000,city_centroid
5073,70081,PILOT EXPRESS #1032,SR-7,Steubenville,OH,249,3.629,-80.6560500,40.3611000,city_centroid
5074,70082,KWIK TRIP #588,US-51 & SR-70,Woodruff,WI,395,3.09566666,-89.6954870,45.9207190,census
5075,70083,KWIK TRIP #596,US-14,Black Earth,WI,420,3.444,-89.7390000,43.1322000,city_centroid
5076,70084,SPEEDWAY #4440,SR-131,Waukegan,IL,293,3.789,-87.8551000,42.3722333,city_centroid
5077,70084,SPEEDWAY #4440,SR-131,Waukegan,IL,293,3.659,-87.8551000,42.3722333,city_centroid
5078,70085,Pilot Travel Center #1114,SR-83,Bensenville,IL,290,3.559,-87.9425500,41.9525500,city_centroid
5079,70085,Pilot #1114,SR-83,Bensenville,IL,290,3.389,-87.9425500,41.9525500,city_centroid
5080,70085,Pilot Travel Center #1114,SR-83,Bensenville,IL,290,3.389,-87.9425500,41.9525500,city_centroid
5081,70085,Pilot Travel Center #1114,SR-83,Bensenville,IL,290,3.659,-87.9425500,41.9525500,city_centroid
5082,70085,Pilot #1114,SR-83,Bensenville,IL,290,3.599,-87.9425500,41.9525500,city_centroid
5083,70087,PILOT EXPRESS #1098,"I-95, EXIT 14",Newark,NJ,105,3.999,-74.1971917,40.7392333,city_centroid
5084,70088,KWIK TRIP #138,SR-13,Park Falls,WI,395,3.14733333,-90.4246000,45.9363000,city_centroid
5085,70090,SPEEDWAY #7111,"I-40, EXIT 143 & SR-13",Hurricane Mills,TN,460,3.03233333,-87.8105000,35.9240000,city_centroid
5086,70091,SPEEDWAY #7503,I-70 & I-57 EXIT 159,Effingham,IL,293,3.199,-88.5611000,39.1217000,city_centroid
5087,70091,SPEEDWAY #7503,I-70 & I-57 EXIT 159,Effingham,IL,293,3.299,-88.5611000,39.1217000,city_centroid
5088,70093,LOVES TRAVEL STOP #694,US-45/SR-5 & SR-57,Ramer,TN,435,3.46233333,-88.6017000,35.0642000,city_centroid
5089,70095,LOVES TRAVEL STOP #713,US-380 & FM-1304,Bridgeport,TX,630,2.949,-97.7810000,33.1870000,city_centroid
5090,70096,LOVES TRAVEL STOP #661,US-65 & SR-81,Pine Bluff,AR,695,3.319,-91.9215650,34.1947450,census
5091,70097,KWIK TRIP #112,SR-32 & SR-23,Sheboygan Falls,WI,444,3.29233333,-87.8242000,43.7266000,city_centroid
5092,70098,KWIK TRIP #110,US-2,Ashland,WI,334,3.699,-90.7388000,46.5586000,city_centroid
5093,70099,QUIKTRIP #1883,"I-35, EXIT 497 & US-82",Gainesville,TX,253,2.97566666,-97.0976000,33.6325500,city_centroid
5094,70100,LOVES TRAVEL STOP #718,"I-65, EXIT 158",Hope Hull,AL,720,3.26566666,-86.3932000,32.2243000,city_centroid
5095,70104,LOVES TRAVEL STOP #649,"I-76/US-6, EXIT 89",Brush,CO,800,4.089,-103.6279000,40.2603000,city_centroid
5096,70105,LOVES TRAVEL STOP #708,"I-75, EXIT 314 & CR-48",Bushnell,FL,225,3.29566666,-82.1553000,28.6611000,city_centroid
5097,70106,LOVES TRAVEL STOPS #719,"I-35, EXIT 308",Troy,TX,765,3.159,-97.2852000,31.1759000,city_centroid
5098,70106,LOVES TRAVEL STOP #719,"I-35, EXIT 308",Troy,TX,765,3.167,-97.2852000,31.1759000,city_centroid
5099,70107,LOVES TRAVEL STOP #711,"I-71, EXIT 165 & SR-97",Bellville,OH,315,3.709,-82.5175000,40.6136000,city_centroid
5100,70108,RICKY ROCKETS FUEL CENTER,SR-50 & SR-83,Midlothian,IL,291,3.199,-87.7362000,41.6350000,city_centroid
5101,70108,RICKY ROCKETS FUEL CENTER,SR-50 & SR-83,Midlothian,IL,291,3.099,-87.7362000,41.6350000,city_centroid
5102,70111,KWIK TRIP #557,"I-39, EXIT 126 & CR-V",De Forest,WI,420,3.31066666,-89.3437000,43.2478000,city_centroid
5103,70117,RUTTERS #72,"I-81, EXIT 16 & US-30",Saint Thomas,PA,70,4.399,-77.7908000,39.9241000,city_centroid
5104,70118,SPEEDWAY #7118,US-41,Smyrna,TN,460,3.01566666,-86.5048000,35.9656000,city_centroid
5105,70122,Circle K #2709301,SR-67,Decatur,AL,615,3.899,-86.9908000,34.5813000,city_centroid
5106,70124,TA Express Lamar,US-50/385,Lamar,CO,525,3.439,-102.6192000,38.0841000,city_centroid
5107,70125,SPEEDWAY #7391,I-76 EXIT 232,North Lima,OH,305,3.699,-80.6549000,40.9649000,city_centroid
5108,70126,SPEEDWAY #3535,"I-71,EXIT 165 & SR-97",Bellville,OH,315,3.599,-82.5175000,40.6136000,city_centroid
5109,70127,SPEEDWAY #2929,"US-22, US-119",New Alexandria,PA,165,3.97233333,-79.4220000,40.3987000,city_centroid
5110,70128,CIRCLE K #4703913,"I-40 E, EXIT 87",Jackson,TN,460,3.349,-88.8277667,35.6351667,city_centroid
5111,70130,SIDE TRACK,SR-57,Wrightsville,GA,85,3.31566666,-82.7262000,32.7219000,city_centroid
5112,70131,THORNTONS #323,SR-64,Lombard,IL,290,3.349,-88.0160000,41.8721000,city_centroid
5113,70131,THORNTONS #323,SR-64,Lombard,IL,290,3.299,-88.0160000,41.8721000,city_centroid
5114,70135,KUM & GO #1455,"I-44, EXIT 130",Lebanon,MO,535,3.09233333,-92.6550000,37.6850000,city_centroid
5116,70137,RUTTERS #8,"I-83, EXIT 14 & SR-182",York,PA,70,4.199,-76.6970000,39.9649875,city_centroid
5117,70140,CASEYS #3593,SR-7 & US-50,North Vernon,IN,375,3.59233333,-85.6272000,39.0018000,city_centroid
5118,70142,ONVO TRAVEL PLAZA - AVIS,"US-220, EXIT 118",Avis,PA,138,3.539,-77.3162000,41.1860000,city_centroid
5119,70143,KWIK TRIP #104,"I-94, HWY-24, EXIT 178",Clearwater,MN,448,3.27733333,-94.0452000,45.3877000,city_centroid
5120,70144,LOVES TRAVEL STOP #635,"I-49, EXIT 24 & SR-282",Alma,AR,645,3.459,-94.2073000,35.5000000,city_centroid
5121,70145,MAVERIK COUNTRY STORE #578,US-26 & US-91,Idaho Falls,ID,825,3.40233333,-111.9924600,43.4920000,city_centroid
5122,70146,MAVERIK COUNTRY STORE #567,"I-90, EXIT 291A",Spokane,WA,970,3.969,-117.3770882,47.6718765,city_centroid
5123,70146,MAVERIK COUNTRY STORE #567,"I-90, EXIT 291A",Spokane,WA,970,3.989,-117.3770882,47.6718765,city_centroid
5124,70146,MAVERIK COUNTRY STORE #567,"I-90, EXIT 291A",Spokane,WA,970,3.979,-117.3770882,47.6718765,city_centroid
5125,70146,MAVERIK COUNTRY STORE #567,"I-90, EXIT 291A",Spokane,WA,970,3.999,-117.3770882,47.6718765,city_centroid
5126,70150,LOVES TRAVEL STOP #704,"I-29, EXIT 35B & US-34",Pacific Junction,IA,319,3.789,-95.8046000,41.0271000,city_centroid
5127,70151,LOVES TRAVEL STOP #721,"I-45, EXIT 246 & FM-1183",Ennis,TX,630,3.03566666,-96.5457350,32.2864710,census
5128,70154,Stinker,"US-34, CR-56",Kersey,CO,800,3.499,-104.5288000,40.3963000,city_centroid
5129,70155,MARATHON,"US-24, I-96 EXIT 179",Redford,MI,549,4.999,-83.2953000,42.4010000,city_centroid
5130,70156,MAVERIK COUNTRY STORE #348,"US-91, SR-130",Cedar City,UT,791,3.45233333,-113.0619000,37.6775000,city_centroid
5131,70157,LOVES TRAVEL STOP #702,US-63,Waterloo,IA,565,3.769,-92.3347500,42.4839000,city_centroid
5132,70158,FLYING J #1068,"I-26, EXIT 194 & SR-16",Summerville,SC,42,3.509,-80.1898250,33.0061000,city_centroid
5133,70159,LOVES TRAVEL STOP #717,US-460 & SR-156,Disputanta,VA,180,3.56233333,-77.2732000,37.1483000,city_centroid
5134,70160,COMMON CENTS #212,I-90 & SR-337,Sheridan,WY,836,3.56066666,-106.9648000,44.7849000,city_centroid
5136,70163,KWIK TRIP #598,SR-23,Paynesville,MN,451,3.399,-94.7157000,45.3988000,city_centroid
5137,70164,ONVO TRAVEL PLAZA - BLAKESLEE,I-80 EXIT 284,Blakeslee,PA,200,3.56566666,-75.5343000,41.0485000,city_centroid
5138,70168,KWIK TRIP #575,CR-75,Saint Joseph,MN,451,3.30233333,-94.3367000,45.5651000,city_centroid
5139,70169,ROCKING Oil,SR-21,Caldwell,TX,670,3.099,-96.7143000,30.5298000,city_centroid
5140,70170,LOVES TRAVEL STOP #716,SR-3005,Elizabethtown,KY,460,3.599,-85.8687500,37.6894000,city_centroid
5141,70171,CITGO HERITAGE RIDGE,US-151 & SR-26,Waupun,WI,582,3.14733333,-88.7373000,43.6324000,city_centroid
5142,70172,MACH 1 #3,I-57 & SR-14,Benton,IL,540,3.599,-88.9227000,38.0000000,city_centroid
5143,70172,MACH 1 #3,I-57 & SR-14,Benton,IL,540,3.379,-88.9227000,38.0000000,city_centroid
5144,70174,LOVES TRAVEL STOP #701,"I-69, EXIT 176",Capac,MI,342,3.949,-82.9298000,43.0263000,city_centroid
5146,70177,MAVERIK COUNTRY STORE #497,US-160 & SR-145,Cortez,CO,614,3.41566666,-108.5837000,37.3549000,city_centroid
5147,70179,WORKMANS TRAVEL CENTER,"I-49, EXIT 78 & SR-264",Lowell,AR,645,3.40233333,-94.1308000,36.2554000,city_centroid
5148,70180,Gulf,SR-83,Bensenville,IL,297,3.099,-87.9425500,41.9525500,city_centroid
5149,70180,Gulf,SR-83,Bensenville,IL,297,3.059,-87.9425500,41.9525500,city_centroid
5150,70181,CIRCLE K #2723778,US-501 & SR-78/CR-1303,Sanford,NC,177,3.049,-79.1633333,35.4655333,city_centroid
5151,70182,SHELL,US-169,Blue Earth,MN,425,3.299,-94.0924000,43.6394000,city_centroid
5152,70183,PILOT # 1134,US-285 & CR-652,Orla,TX,593,3.759,-103.9297000,31.8640000,city_centroid
5153,70185,PILOT # 1147,SR-302,Kermit,TX,710,3.25566666,-103.0913000,31.8550000,city_centroid
5154,70187,PILOT # 1146,I-20 & SR-17,Pecos,TX,710,3.46566666,-103.5791000,31.4467000,city_centroid
5155,70188,KUM & GO #0890,I-44 (WESTBOUND),Vinita,OK,560,3.059,-95.1382000,36.6334000,city_centroid
5156,70189,HUDSON IRVING 24,SR-3A,Hudson,NH,34,3.799,-71.4121000,42.7690000,city_centroid
5157,70190,LOVES TRAVEL STOP #726,I-25 EXIT 191,Belen,NM,580,3.52233333,-106.6952000,34.6511000,city_centroid
5158,70191,LOVES TRAVEL STOP #734,"I-44, EXIT 5 & US-70",Randlett,OK,770,3.12066666,-98.4600000,34.1740000,city_centroid
5159,70192,LOVES TRAVEL STOP #720,"I-49, EXIT 94 & SR-1",Boyce,LA,730,3.174,-92.6867000,31.3216000,city_centroid
5161,70208,GOLDEN GATE PETRO,SR-648,Sparks,NV,966,3.98566666,-119.7259200,39.5835000,city_centroid
5162,70209,PUMP N PETES #42,"I-49, EXIT 66 & CR-K",Jasper,MO,416,3.199,-94.3013000,37.3362000,city_centroid
5163,70210,CASEYS #3889,SR-29 & CR-1350,Henry,IL,368,3.349,-89.3743000,41.1115000,city_centroid
5164,70214,RACETRAC #688,I-20 & SR-6,Lithia Springs,GA,18,2.97233333,-84.6469000,33.7655000,city_centroid
5165,70216,PILOT TRAVEL CENTER #1110,I-25 & SR-105,Monument,CO,803,3.639,-104.8542000,39.1007000,city_centroid
5166,70216,PILOT #1110,I-25 & SR-105,Monument,CO,803,3.579,-104.8542000,39.1007000,city_centroid
5167,70217,MR GAS #20,I-84 EXIT 165,Jerome,ID,785,3.40733333,-114.5012000,42.7178000,city_centroid
5168,70218,LOVES TRAVEL STOP #725,I-69 & SR-260,Hanson,KY,490,3.599,-87.4751000,37.4382000,city_centroid
5169,70219,LOVES TRAVEL STOP #709,US-59 & SR-116,Lufkin,TX,610,3.649,-94.7074800,31.3192000,city_centroid
5170,70220,LOVES TRAVEL STOP #497,"I-40, EXIT 154 & US-64",Statesville,NC,46,3.689,-80.8890333,35.8155667,city_centroid
5171,70221,PILOT #1092,CR-70 E,Cedar Rapids,IA,380,3.779,-91.6634000,42.0058625,city_centroid
5172,70221,PILOT TRAVEL CENTER #1092,CR-70 E,Cedar Rapids,IA,380,3.779,-91.6634000,42.0058625,city_centroid
5173,70222,GOOD TO GO #45,"US-52 & SR-55, SR-18",Fowler,IN,375,3.699,-87.3090000,40.6255000,city_centroid
5174,70223,SPEEDWAY #8749,"I-75, EXIT 116",Flint,MI,342,3.089,-83.7204706,43.0139529,city_centroid
5175,70223,SPEEDWAY #8749,"I-75, EXIT 116",Flint,MI,342,3.289,-83.7204706,43.0139529,city_centroid
5176,70223,SPEEDWAY #8749,"I-75, EXIT 116",Flint,MI,342,3.259,-83.7204706,43.0139529,city_centroid
5177,70224,GOLDEN GATE PETROLEUM,I-70 EXIT 42,Palisade,CO,810,3.549,-108.3680000,39.1032000,city_centroid
5178,70225,Union 76 Pilot,US-130,Riverton,NJ,105,3.999,-75.0050500,40.0067500,city_centroid
5179,70227,LOVES TRAVEL STOP #724,"I-75, EXIT 414 & US-41",Lake City,FL,225,3.339,-82.6480250,30.1813750,city_centroid
5181,70232,RUTTERS #73,"I-81, EXIT 8 & CR-32",Inwood,WV,70,3.659,-78.0242000,39.3701000,city_centroid
5182,70233,RUDS,SR-31 & I-94 EXIT 127,New Salem,ND,390,3.499,-101.4291000,46.8060000,city_centroid
5183,70236,LOVES TRAVEL STOP #733,"I-25, EXIT 347",Las Vegas,NM,580,3.489,-105.2272000,35.5949000,city_centroid
5184,70238,ROAD RANGER #275,"I-10, EXIT 400 & US-277",Sonora,TX,740,3.549,-100.6307000,30.5558000,city_centroid
5186,70240,MAVERIK COUNTRY STORE #370,"I-15, EXIT 10",Saint George,UT,910,3.5415,-113.5711000,37.0936000,city_centroid
5187,70241,MAVERIK COUNTRY STORE #460,SR-88,Minden,NV,966,3.52566666,-119.7314000,39.0218000,city_centroid
5188,70242,ROAD RANGER #276,"I-35, EXIT 342A",Waco,TX,765,3.049,-97.1492583,31.5548417,city_centroid
5189,70243,CASEYS #4415,US-68 & US-31W /SR-526,Bowling Green,KY,460,2.999,-86.4200500,36.9608750,city_centroid
5190,70245,YESWAY #1168,US-287 & CR-368,Iowa Park,TX,770,2.889,-98.6745000,33.9423000,city_centroid
5193,70249,Caseys #4466,US-231 & SR-100,Scottsville,KY,460,3.31233333,-86.1929000,36.7614000,city_centroid
5194,70251,Marathon,SR-42 & US-49,Hattiesburg,MS,620,3.03233333,-89.3403000,31.2882750,city_centroid
5195,70254,LOVES TRAVEL STOP #732,I-70 & CR-829,Abilene,KS,523,3.76233333,-97.2063000,38.9371000,city_centroid
5196,70255,J&H FAMILY STORE #152,SR-55,Cadillac,MI,344,3.259,-85.4300000,44.2504000,city_centroid
5197,70255,J&H FAMILY STORE #152,SR-55,Cadillac,MI,344,3.559,-85.4300000,44.2504000,city_centroid
5198,70256,PILOT TRAVEL CENTER #1128,SR-60,Bartow,FL,140,3.599,-81.8279000,27.8960500,city_centroid
5199,70256,PILOT #1128,SR-60,Bartow,FL,140,3.599,-81.8279000,27.8960500,city_centroid
5200,70257,LOVES TRAVEL STOP #739,I-2,Donna,TX,639,3.649,-98.0529000,26.1671000,city_centroid
5201,70258,CASEYS #3677,US-59 & SR-30,Slayton,MN,530,3.299,-95.7554000,43.9856000,city_centroid
5202,70262,ASAP GENERAL STORE #332,US-70 & US-377,Madill,OK,569,3.01566666,-96.7597000,34.0784000,city_centroid
5203,70263,ENMARKET #769,US-301,Statesboro,GA,195,3.699,-81.7624500,32.4389250,city_centroid
5204,70265,Speedee Mart # 2875,I-80 & CR-238,Milford,NE,413,3.43233333,-97.0576000,40.7632000,city_centroid
5205,70266,PILOT #1161,I-20,Odessa,TX,710,3.56566666,-102.3777500,31.8486000,city_centroid
5206,70267,LOVES TRAVEL STOP #728,"I-5, EXIT 238 & SR-164",Albany,OR,935,3.84733333,-123.0951500,44.6390000,city_centroid
5207,70268,CASEYS #3396,SR-92 & SR-149,Sigourney,IA,380,3.36233333,-92.1809450,41.3368780,census
5208,70269,CASEYS #3589,"I-29, EXIT 2",North Sioux City,SD,527,3.059,-96.5074000,42.5249000,city_centroid
5209,70270,CASEYS #3685,US-50/US400 & SR-25,Lakin,KS,525,3.19233333,-101.2713000,37.9382000,city_centroid
5210,70271,CASEYS #1160,US-20,Plainview,NE,470,3.229,-97.7786000,42.3467000,city_centroid
5212,70274,Kwik Star #920,US-18 & US-69,Garner,IA,433,3.399,-93.5944000,43.1144000,city_centroid
5213,70276,STAR EXPRESS #5,US-301 & SR-648,Petersburg,VA,180,3.049,-77.4198667,37.1996667,city_centroid
5214,70277,KWIK TRIP #595,SR-46,Amery,WI,448,3.56066666,-92.4014000,45.3486000,city_centroid
5215,70278,KWIK TRIP #923,"I-41, EXIT 146 & CR-N",Little Chute,WI,582,3.269,-88.3120000,44.2842000,city_centroid
5216,70279,KWIK TRIP #926,SR-19 & SR-21,New Prague,MN,448,3.29066666,-93.5805000,44.5402000,city_centroid
5217,70280,LOVES TRAVEL STOP #668,"I-25, EXIT 250 & SR-56",Berthoud,CO,800,3.39066666,-105.1055000,40.2993000,city_centroid
5218,70281,LOVES TRAVEL STOP #645,"I-75, EXIT 18",Monroe,MI,325,3.339,-83.4583500,41.9186500,city_centroid
5219,70281,LOVES TRAVEL STOP #645,"I-75, EXIT 18",Monroe,MI,325,3.239,-83.4583500,41.9186500,city_centroid
5220,70281,LOVES TRAVEL STOP #645,"I-75, EXIT 18",Monroe,MI,325,3.429,-83.4583500,41.9186500,city_centroid
5221,70281,LOVES TRAVEL STOP #645,"I-75, EXIT 18",Monroe,MI,325,3.489,-83.4583500,41.9186500,city_centroid
5222,70281,LOVES TRAVEL STOP #645,"I-75, EXIT 18",Monroe,MI,325,3.549,-83.4583500,41.9186500,city_centroid
5223,70281,LOVES TRAVEL STOP #645,"I-75, EXIT 18",Monroe,MI,325,3.389,-83.4583500,41.9186500,city_centroid
5224,70282,PLEASANT SPRINGS TRAVEL,"I-39, EXIT 147 & CR-N",Cottage Grove,WI,420,3.39066666,-89.2017000,43.0784000,city_centroid
5225,70283,SPEEDWAY #3996,US-12 & SR-120,Round Lake,IL,293,3.399,-88.1645710,42.3230050,census
5226,70283,SPEEDWAY #3996,US-12 & SR-120,Round Lake,IL,293,3.479,-88.1645710,42.3230050,census
5227,70283,SPEEDWAY #3996,US-12 & SR-120,Round Lake,IL,293,3.449,-88.1645710,42.3230050,census
5228,70284,ROBINSON CORINTH IRVING,"I-395 N, EXIT 3",Corinth,ME,170,3.93233333,-69.0109000,44.9805000,city_centroid
5229,70285,IRVING MAINWAY,SR-16 E,Dover Foxcroft,ME,170,3.86566666,-69.2045000,45.1877000,city_centroid
5230,70286,ROBINSONS IRVING,SR-7,Corinna,ME,170,3.93233333,-69.2323000,44.9260000,city_centroid
5231,70287,LOVES TRAVEL STOP #710,US-31 & SR 28,Tipton,IN,457,3.84733333,-86.0433000,40.2817000,city_centroid
5233,70292,FLYING J #1171,I-15,Mesquite,NV,910,3.70566666,-114.0849333,36.8101333,city_centroid
5234,70293,KWIK TRIP #922,US-8,Cameron,WI,295,3.664,-91.7310000,45.4038000,city_centroid
5235,70295,SPEEDWAY #8080,I-69 & US-20,Angola,IN,465,3.599,-85.0198000,41.6563000,city_centroid
5236,70296,MAVERIK COUNTRY STORE #573,SR-68 & SR-154,Riverton,UT,835,3.13566666,-111.9444000,40.4954000,city_centroid
5237,70297,KWIK STAR #509,SR-169 & BUS-20,Fort Dodge,IA,433,3.20233333,-94.1807000,42.5088000,city_centroid
5238,70298,LOVES TRAVEL STOP #740,"I-95, EXIT 38 & SR-68",Yemassee,SC,42,3.419,-80.8129000,32.6430000,city_centroid
5244,70301,GOLDEN GATE TRUCKSTOP,I-80 & SR-535,Elko,NV,787,3.599,-115.6487500,40.8690000,city_centroid
5245,70302,KWIK TRIP #117,CR-9 & CR-4,Duluth,MN,334,3.499,-92.1320000,46.7872455,city_centroid
5246,70303,Kwik Star #1004,US-63,Waterloo,IA,565,3.574,-92.3347500,42.4839000,city_centroid
5247,70304,Rusty Lantern,"I-95, EXIT 109A & SR-202",Augusta,ME,170,3.88733333,-69.7789750,44.3409000,city_centroid
5248,70305,LOVES TRAVEL STOP #737,I-40/US-270,El Reno,OK,483,3.344,-97.9591000,35.5335000,city_centroid
5249,70306,KWIK STAR #1001,US-6,Newton,IA,320,3.249,-93.0455000,41.6992000,city_centroid
5250,70307,KWIK TRIP #592,"I-35, EXIT 159 & CR-1",Rush City,MN,451,3.37733333,-92.9655000,45.6855000,city_centroid
5251,70308,KWIK TRIP #946,SR-32,Pulaski,WI,582,3.45733333,-88.2634000,44.6611000,city_centroid
5252,70309,PILOT #1165,SR-18 & SR-128,Jal,NM,593,3.36566666,-103.1997000,32.1128000,city_centroid
5253,70310,LANCASTER CONVENIENCE,US-2 & US-70,Lancaster,MA,34,3.70566666,-71.6868000,42.4510000,city_centroid
5254,70311,RACING MART,SR-8,Adams,MA,215,3.699,-73.1172000,42.6223000,city_centroid
5256,70314,CASEYS #2721,US-34,Lincoln,NE,413,3.3365,-96.6889462,40.8213692,city_centroid
5257,70318,LOVES TRAVEL STOP #738,"I-30/US-67, EXIT 122 & SR-19/SR-11",Sulphur Springs,TX,723,3.309,-95.5966500,33.1364500,city_centroid
5258,70319,SPEEDWAY #3650,"I-76, EXIT 11 & SR-261",Wadsworth,OH,305,3.699,-81.7336500,41.0320000,city_centroid
5259,70320,SPEEDWAY #7177,"I-24, EXIT 158 & SR-27",Jasper,TN,285,3.014,-85.5897000,35.0970000,city_centroid
5260,70321,PILOT TRAVEL CENTER #1132,SR-171 & SR-78,Brawley,CA,900,4.759,-115.5296000,32.9792000,city_centroid
5261,70321,PILOT TRAVEL CENTER #1132,SR-171 & SR-78,Brawley,CA,900,4.799,-115.5296000,32.9792000,city_centroid
5262,70321,PILOT #1132,SR-171 & SR-78,Brawley,CA,900,4.859,-115.5296000,32.9792000,city_centroid
5263,70321,PILOT #1132,SR-171 & SR-78,Brawley,CA,900,4.899,-115.5296000,32.9792000,city_centroid
5264,70322,INDIAN HILL IRVING,SR 6,Greenville,ME,170,3.86566666,-69.5844000,45.4716000,city_centroid
5265,70323,LOVES TRAVEL STOP #750,I-74 EXIT 206,Oakwood,IL,280,3.589,-87.7825000,40.1167000,city_centroid
5266,70323,LOVES TRAVEL STOP #750,I-74 EXIT 206,Oakwood,IL,280,3.389,-87.7825000,40.1167000,city_centroid
5267,70323,LOVES TRAVEL STOP #750,I-74 EXIT 206,Oakwood,IL,280,3.489,-87.7825000,40.1167000,city_centroid
5268,70324,LOVES TRAVEL STOP #729,CR-17 & US-20,Goshen,IN,465,3.72233333,-85.8517667,41.6024333,city_centroid
5269,70325,KWIK STAR #927,US-169 & US-169 BUS/US-20 BUS,Fort Dodge,IA,433,3.20233333,-94.1807000,42.5088000,city_centroid
5270,70326,PILOT #1207,"I-20, EXIT 79 & SR-464",Monahans,TX,710,3.46566666,-102.9003000,31.5813000,city_centroid
5271,70328,Thorntons #7,US-12 & US-45,Franklin Park,IL,290,3.329,-87.8734000,41.9339000,city_centroid
5272,70328,Thorntons #7,US-12 & US-45,Franklin Park,IL,290,3.379,-87.8734000,41.9339000,city_centroid
5273,70328,Thorntons #7,US-12 & US-45,Franklin Park,IL,290,3.679,-87.8734000,41.9339000,city_centroid
5274,70329,1 STOP TRAVEL PLAZA,US-14 & US-83,Pierre,SD,571,3.38233333,-100.3211000,44.3695000,city_centroid
5275,70331,LOVES TRAVEL STOP #707,"I-64, EXIT 21",Covington,VA,185,3.649,-79.9870000,37.7802000,city_centroid
5276,70333,KWIK STAR #932,"I-80, EXIT 143 & CR-S14",Altoona,IA,320,2.959,-93.4724000,41.6475000,city_centroid
5277,70334,KWIK TRIP #1021,SR-11 & CR-E,Brodhead,WI,420,3.41566666,-89.3714000,42.6111000,city_centroid
5278,70336,SPEEDWAY #3962,"I-39, EXIT 3 & SR-9",Roscoe,IL,293,3.469,-88.9943000,42.4217000,city_centroid
5279,70337,LOVES TRAVEL STOP #700,I-10 EXIT 404 & SR-467,Sonora,TX,710,3.64733333,-100.6307000,30.5558000,city_centroid
5280,70338,LOVES TRAVEL STOP #747,"I-75, EXIT 90",Sidney,OH,411,3.34566666,-84.1588500,40.2858000,city_centroid
5281,70340,PIT STOP,SR-53 & SR-74,Joliet,IL,399,3.499,-88.0707500,41.5133500,city_centroid
5282,70341,LOVES TRAVEL STOP #741,US-29,Reidsville,NC,65,3.999,-79.7186500,36.3676500,city_centroid
5283,70342,AF TRUCK CENTER,"I-294, EXIT 33 & SR-64",Melrose Park,IL,293,3.459,-87.8690667,41.9074333,city_centroid
5284,70343,PILOT TRAVEL CENTER #1103,"I-5, EXIT 208 & SR-530",Arlington,WA,962,4.559,-122.1121000,48.1829000,city_centroid
5285,70344,KWIK TRIP #928,US-169,Princeton,MN,451,3.399,-93.5961000,45.5851000,city_centroid
5286,70345,LOVES TRAVEL STOP #742,"I-196, EXIT 52",Holland,MI,406,4.089,-86.1226333,42.7900667,city_centroid
5287,70346,Kwik Star #924,SR-17 & US-20 EXIT 140,Webster City,IA,433,3.20233333,-93.8262000,42.4657000,city_centroid
5288,70349,WEIGELS #90,SR-139 & SR-66,Kodak,TN,405,3.199,-83.6171000,35.9722000,city_centroid
5289,70350,CIRCLE K #2741859,CR-802,Brownsville,TX,665,3.029,-97.4933800,25.9420400,city_centroid
5290,70351,MAVERIK COUNTRY STORE #606,US-91,Franklin,ID,825,3.579,-111.7871000,42.0288000,city_centroid
5291,70352,KWIK TRIP #1019,CR-5 & SR-65,Isanti,MN,448,3.474,-93.2365210,45.4929280,census
5292,70353,ASAP General Store #314,"US-62, US-81, SR-9",Chickasha,OK,483,3.13233333,-97.9441000,35.0397000,city_centroid
5294,70358,FOOD N FUEL #25,SR-15 & US-12,Milbank,SD,248,3.369,-96.6255000,45.2061000,city_centroid
5295,70359,PILOT # 1185,"I-15, EXIT 9 3",Littlefield,AZ,910,3.689,-113.9297000,36.8872000,city_centroid
5296,70359,PILOT DEALER #1185,"I-15, EXIT 9 3",Littlefield,AZ,910,3.709,-113.9297000,36.8872000,city_centroid
5297,70360,MAVERIK COUNTRY STORE #595,"I-84, EXIT 28",Caldwell,ID,785,3.369,-116.7496667,43.6687333,city_centroid
5298,70361,MAVERIK COUNTRY STORE #599,US-89 & CR-122,Thayne,WY,825,3.669,-111.0114000,42.9330000,city_centroid
5299,70366,FAST STOP,US-41,Escanaba,MI,360,3.399,-87.0890000,45.7659000,city_centroid
5300,70371,KENT KWIK #440,US-277,Haskell,TX,575,3.539,-99.7309000,33.1580000,city_centroid
5301,70373,KWIK TRIP #791,US-45 & SR-54,New London,WI,582,3.484,-88.7554000,44.3928000,city_centroid
5302,70374,LOVES TRAVEL STOP #746,I-72 & SR-121,Decatur,IL,280,3.449,-88.9611400,39.8473400,city_centroid
5303,70374,LOVES TRAVEL STOP #746,I-72 & SR-121,Decatur,IL,280,3.489,-88.9611400,39.8473400,city_centroid
5304,70375,QUIKTRIP #1853,US-81,Decatur,TX,630,2.899,-97.5740000,33.2351000,city_centroid
5306,70377,WEIGELS #81,I-81 & SR-32,Morristown,TN,405,3.259,-83.2875333,36.2112667,city_centroid
5307,70379,SPEEDWAY #7209,US-411 & SR-20,Cartersville,GA,18,3.11566666,-84.7938500,34.1974500,city_centroid
5309,70383,SPEEDWAY #4400,I-10 & SR-59,Loxley,AL,715,3.28233333,-87.7562000,30.6180000,city_centroid
5310,70385,LONGHORN EXPRESS,US-70,Ardmore,OK,253,3.009,-97.1903000,34.2066000,city_centroid
5311,70388,PILOT #1205,"I-20, EXIT 80",Monahans,TX,710,3.46566666,-102.9003000,31.5813000,city_centroid
5312,70389,PILOT #1145,SR-191,Midland,TX,710,3.56566666,-102.0802125,31.9653750,city_centroid
5313,70390,FLYING J #1206,SR-302 & CR-313,Kermit,TX,710,3.25566666,-103.0913000,31.8550000,city_centroid
5314,70391,MACH 1 #12,I-57 EXIT 65,West Frankfort,IL,510,3.299,-88.9307000,37.8979000,city_centroid
5315,70391,MACH 1 #12,I-57 EXIT 65,West Frankfort,IL,510,3.199,-88.9307000,37.8979000,city_centroid
5316,70403,MAVERIK COUNTRY STORE #607,"I-90, EXIT 1",Post Falls,ID,970,3.37566666,-116.9434500,47.7192500,city_centroid
5318,70405,LOVES TRAVEL STOP #760,SR-18 & SR-234,Eunice,NM,593,3.329,-103.1594000,32.4392000,city_centroid
5319,70406,LOVES TRAVEL STOP #754,SR-251,Rochelle,IL,520,3.749,-89.0710000,41.9282000,city_centroid
5320,70406,LOVES TRAVEL STOP #754,SR-251,Rochelle,IL,520,3.849,-89.0710000,41.9282000,city_centroid
5321,70407,BOLLA MARKET,"I-495, EXIT 57",Islandia,NY,83,3.639,-73.1709000,40.8067000,city_centroid
5322,70407,BOLLA MARKET,"I-495, EXIT 57",Islandia,NY,83,3.539,-73.1709000,40.8067000,city_centroid
5323,70407,BOLLA MARKET,"I-495, EXIT 57",Islandia,NY,83,3.599,-73.1709000,40.8067000,city_centroid
5324,70408,BOLLA MARKET,"I-495, EXIT 64",Medford,NY,83,4.039,-72.9852000,40.8174000,city_centroid
5325,70408,BOLLA MARKET,"I-495, EXIT 64",Medford,NY,83,3.639,-72.9852000,40.8174000,city_centroid
5326,70408,BOLLA MARKET,"I-495, EXIT 64",Medford,NY,83,3.539,-72.9852000,40.8174000,city_centroid
5327,70409,SPEEDWAY #6512,"I-196, EXIT 49 & SR-40",Holland,MI,456,3.899,-86.1226333,42.7900667,city_centroid
5328,70410,SPEEDWAY #4107,I-285 & US-78,Stone Mountain,GA,18,3.529,-84.1567000,33.8129250,city_centroid
5329,70411,MARATHON,SR-72,Elberton,GA,16,3.899,-82.8448000,34.1082000,city_centroid
5330,70413,CASEYS #3782,US-169 & SR-2,Mount Ayr,IA,320,3.164,-94.2321000,40.7142000,city_centroid
5331,70415,GARDEN TRUCK STOP,SR-55 /EXIT 35,Vineland,NJ,150,3.999,-75.0000333,39.4778333,city_centroid
5332,70416,ALLSUPS CONVENIENCE STORE #2361,US-54 & US-287,Stratford,TX,585,2.95733333,-101.9886000,36.3335000,city_centroid
5333,70417,CASEYS #3434,US-63,Denver,IA,565,3.499,-92.3417000,42.6731000,city_centroid
5335,70420,Circle K #2709302,SR-67,Decatur,AL,615,3.50733333,-86.9908000,34.5813000,city_centroid
5336,70421,CASEYS #3581,US-62/US-67,Corning,AR,695,3.28233333,-90.5870000,36.4155000,city_centroid
5337,70422,CIRCLE K #2741675,"I-10, EXIT 134",Tolleson,AZ,930,3.519,-112.2774000,33.4347000,city_centroid
5338,70423,LOVES TRAVEL STOP #763,I-90 & US-20,Hampshire,IL,290,3.649,-88.5170000,42.0807000,city_centroid
5339,70423,LOVES TRAVEL STOP #763,I-90 & US-20,Hampshire,IL,290,3.449,-88.5170000,42.0807000,city_centroid
5340,70423,LOVES TRAVEL STOP #763,I-90 & US-20,Hampshire,IL,290,3.459,-88.5170000,42.0807000,city_centroid
5341,70423,LOVES TRAVEL STOP #763,I-90 & US-20,Hampshire,IL,290,3.549,-88.5170000,42.0807000,city_centroid
5342,70423,LOVES TRAVEL STOP #763,I-90 & US-20,Hampshire,IL,290,3.489,-88.5170000,42.0807000,city_centroid
5343,70424,LOVES TRAVEL STOP #743,"I-75, EXIT 144A",Bridgeport,MI,260,3.589,-83.8549000,43.3553000,city_centroid
5344,70424,LOVES TRAVEL STOP #743,"I-75, EXIT 144A",Bridgeport,MI,260,3.289,-83.8549000,43.3553000,city_centroid
5345,70424,LOVES TRAVEL STOP #743,"I-75, EXIT 144A",Bridgeport,MI,260,3.479,-83.8549000,43.3553000,city_centroid
5346,70424,LOVES TRAVEL STOP #743,"I-75, EXIT 144A",Bridgeport,MI,260,3.279,-83.8549000,43.3553000,city_centroid
5347,70424,LOVES TRAVEL STOP #743,"I-75, EXIT 144A",Bridgeport,MI,260,3.389,-83.8549000,43.3553000,city_centroid
5348,70425,LOVES TRAVEL STOP #731,"I-79, EXIT 105 & SR-108",Slippery Rock,PA,165,4.249,-80.0468000,41.0454000,city_centroid
5349,70426,BISHOPS TRAVEL CENTER,US-27,Attapulgus,GA,20,3.699,-84.4846000,30.7493000,city_centroid
5350,70427,PARKERS #64 (DISCOUNT AVAILABLE),SR-307,Savannah,GA,195,3.03233333,-81.1007769,32.0269615,city_centroid
5351,70428,PARKERS #63 (DISCOUNT AVAILABLE),US-301,Jesup,GA,195,3.11566666,-81.8574000,31.5714667,city_centroid
5352,70429,BP,SR-76,Adel,GA,10,2.969,-83.4213000,31.1251000,city_centroid
5354,70431,TA EXPRESS HOLSTEIN #941,I-20 E,Holstein,IA,527,3.559,-95.5650000,42.4948000,city_centroid
5355,70432,GAS N WASH,SR-43,Frankfort,IL,365,3.499,-87.8248000,41.5094000,city_centroid
5356,70432,GAS N WASH,SR-43,Frankfort,IL,365,3.599,-87.8248000,41.5094000,city_centroid
5357,70433,GAS N WASH,SR-126,Plainfield,IL,290,3.599,-88.2125000,41.6069667,city_centroid
5358,70434,HUCKS FOOD & FUEL #371,SR-148 & SR-142,Mount Vernon,IL,340,3.099,-88.9105000,38.3170000,city_centroid
5359,70436,CASEYS #3492,US-36,Marysville,KS,413,3.299,-96.6422000,39.8428000,city_centroid
5361,70438,BREAU BRIDGE TRUCKSTOP AND CASINO,SR-94,Breaux Bridge,LA,730,3.229,-91.8296000,30.2948000,city_centroid
5362,70439,CHEVRON,I-20 & SR-151,Arcadia,LA,590,3.189,-92.9245000,32.5556000,city_centroid
5363,70440,MOUND MINI MART,I-696,Warren,MI,325,3.699,-83.0241286,42.4925714,city_centroid
5364,70441,BREAK TIME #3165,US-50 & SR-13,Warrensburg,MO,400,3.29233333,-93.7273000,38.7667000,city_centroid
5365,70442,GOLDEN GATE PETRO,I-580 & US-50,Carson City,NV,966,3.599,-119.7696333,39.1470500,city_centroid
5366,70443,GLUCKSTADT FLEETWAY,"I-55, EXIT 112",Madison,MS,760,3.199,-90.1120500,32.4644500,city_centroid
5367,70445,CASEYS #3514,SR-1,Oakes,ND,341,3.38233333,-98.2257000,46.1095000,city_centroid
5368,70446,ALLSUPS CONVENIENCE STORE #2220,US-285,Loving,NM,640,3.599,-104.0914000,32.2740000,city_centroid
5369,70447,84 QUIK STOP,"I-84, EXIT 3 & US-6",New Hampton,NY,120,3.699,-74.4435000,41.3627000,city_centroid
5370,70447,84 QUIK STOP,"I-84, EXIT 3 & US-6",New Hampton,NY,120,3.459,-74.4435000,41.3627000,city_centroid
5371,70448,CIRCLE K #4707623,"I-81, EXIT 31",Brewerton,NY,220,4.089,-76.1351000,43.2252000,city_centroid
5372,70450,QUEENSBURY,SR-149,Queensbury,NY,12,3.789,-73.6818000,43.3290000,city_centroid
5373,70452,LOVES TRAVEL STOP #749,SR-78,Westmorland,CA,900,4.849,-115.5914000,33.0380000,city_centroid
5374,70452,LOVES TRAVEL STOP #749,SR-78,Westmorland,CA,900,4.789,-115.5914000,33.0380000,city_centroid
5375,70452,LOVES TRAVEL STOP #749,SR-78,Westmorland,CA,900,4.779,-115.5914000,33.0380000,city_centroid
5376,70452,LOVES TRAVEL STOP #749,SR-78,Westmorland,CA,900,4.889,-115.5914000,33.0380000,city_centroid
5377,70453,MARIETTA PETROLEUM,"I-35, EXIT 15 & SR-32",Marietta,OK,253,2.92233333,-97.1148000,33.9431000,city_centroid
5378,70454,DANDY MINI MART #36,US-220,Monroeton,PA,200,4.03233333,-76.4872000,41.7135000,city_centroid
5379,70455,RUTTERS #37,US-332/US-22 & SR-75,Mifflintown,PA,70,4.099,-77.3761000,40.5727000,city_centroid
5380,70456,RUTTERS #67,SR-16 & SR-75,Mercersburg,PA,70,4.399,-77.9073000,39.8195000,city_centroid
5381,70457,RUTTERS #15,"I-83, EXIT 22 & SR-4009",York,PA,70,4.199,-76.6970000,39.9649875,city_centroid
5382,70458,STOP-A MINIT,US-25 & SR-418,Pelzer,SC,30,2.899,-82.4673000,34.6461000,city_centroid
5383,70459,GET N GO #22,I-90 & SR-115,Sioux Falls,SD,530,2.939,-96.7303600,43.5476800,city_centroid
5384,70460,ALLSUPS CONVENIENCE STORE #2371,US-87,San Angelo,TX,612,3.20566666,-100.4454800,31.4593600,city_centroid
5385,70461,CIRCLE K #2741074,I-35 & FM-1103,New Braunfels,TX,740,2.844,-98.1323333,29.7274667,city_centroid
5386,70463,CIRCLE K #2741496,US-290,Chappell Hill,TX,670,2.999,-96.2347000,30.1833000,city_centroid
5387,70464,GOLDEN GATE PETEROLEUM 24 RD,US-6,Grand Junction,CO,810,3.539,-108.5305143,39.0617143,city_centroid
5388,70466,Circle K #2741925,SR-19,Trinity,TX,670,2.899,-95.3403000,30.9420000,city_centroid
5390,70468,CIRCLE K #2741325,I-14 & SR-121,Belton,TX,765,2.88566666,-97.4720000,31.0723000,city_centroid
5391,70469,TA EXPRESS #286,I-30 & SR-423,Mount Vernon,TX,637,3.299,-95.2181000,33.1702000,city_centroid
5394,70476,KWIK TRIP #1037,SR-65/23,Mora,MN,451,3.394,-93.2942000,45.8958000,city_centroid
5395,70478,TA Express Salina,"I-70, EXIT 56",Salina,UT,835,3.649,-111.8811000,38.9560000,city_centroid
5396,70479,CROSSROADS MARKET,US-60 & SR-657,Gladstone,VA,185,3.439,-78.8508000,37.5473000,city_centroid
5397,70480,BIG B TRUCK STOP,"I-90, EXIT 321",Sprague,WA,962,3.899,-117.9897000,47.3247000,city_centroid
5398,70481,GOHL POST BP,"I-39, EXIT 100",Endeavor,WI,420,3.17566666,-89.4617000,43.6963000,city_centroid
5399,70482,BIG D OIL #19,SR-259 & SR-387,Midwest,WY,790,3.459,-106.2800000,43.4114000,city_centroid
5400,70483,BOLLA MARKET,SR-27 & CR-47,Copiague,NY,83,3.439,-73.3963000,40.6778000,city_centroid
5401,70483,BOLLA MARKET,SR-27 & CR-47,Copiague,NY,83,3.399,-73.3963000,40.6778000,city_centroid
5402,70484,ALLSUPS CONVENIENCE STORE #2117,SR-18 & CR-97,Lovington,NM,700,3.104,-103.3488000,32.9512000,city_centroid
5403,70485,ALLSUPS CONVENIENCE STORE #2145,SR-132,Hobbs,NM,593,3.38233333,-103.1621000,32.7457000,city_centroid
5404,70488,ALLSUPS CONVENIENCE STORE #2365,US-380 & SR-214,Plains,TX,700,3.369,-102.8294000,33.1894000,city_centroid
5405,70491,MFA OIL PETRO CARD 24,US-36,Hamilton,MO,276,3.24066666,-93.9909000,39.7364000,city_centroid
5406,70492,KWIK TRIP #1033,US-51 EXIT 191B,Wausau,WI,395,3.454,-89.6695000,44.9397333,city_centroid
5407,70493,LOVES TRAVEL STOP #759,US-63/SR-11,Hazen,AR,695,3.22566666,-91.5767000,34.7838000,city_centroid
5408,70494,7-ELEVEN #37570,I-76/US-6,Commerce City,CO,800,3.639,-104.9226000,39.8171000,city_centroid
5409,70495,LOVES TRAVEL STOP #689,US-65 & US-82,Lake Village,AR,695,3.269,-91.2825000,33.3274000,city_centroid
5410,70496,KWIK TRIP #1015,"I-43, EXIT 171",Denmark,WI,582,3.36233333,-87.8270000,44.3594000,city_centroid
5411,70498,KWIK TRIP #939,"SR-29, EXIT 101",Stanley,WI,295,3.469,-90.9389000,44.9689000,city_centroid
5412,70500,STRIPES 7FLEET #42526,SR-289,Lubbock,TX,700,3.05566666,-101.8859000,33.5644895,city_centroid
5413,70501,STRIPES 7FLEET #42527,SR-191 & US-349,Midland,TX,710,3.47233333,-102.0802125,31.9653750,city_centroid
5414,70502,STRIPES 7FLEET #42532,SR-302 & FM-1936,Odessa,TX,710,3.099,-102.3777500,31.8486000,city_centroid
5415,70503,STRIPES 7FLEET #42491,US-67 & SR-137,Big Lake,TX,710,3.549,-101.4673300,31.1917250,census
5416,70505,STRIPES #42593,LOOP 289 & MLK BLVD,Lubbock,TX,700,2.96566666,-101.8859000,33.5644895,city_centroid
5417,70507,ALLSUPS CONVENIENCE STORE #2154,SR-206 / US-283,Coleman,TX,575,3.159,-99.4270000,31.8287000,city_centroid
5418,70508,7-ELEVEN #34715,I-294 EXIT 20,Schiller Park,IL,290,4.579,-87.8692000,41.9563000,city_centroid
5419,70509,ALLSUPS CONVENIENCE STORE #2108,US-377 & US-183,Early,TX,575,2.93233333,-98.9342500,31.7647500,city_centroid
5420,70510,ALLSUPS CONVENIENCE STORE #2147,SR-6 & CR-454,De Leon,TX,630,3.159,-98.5489000,32.1087000,city_centroid
5421,70516,STRIPES 7FLEET #42528,"I-20, EXIT 217 & SR-139",Colorado City,TX,575,2.899,-100.8609000,32.3987000,city_centroid
5422,70527,THORNTONS #164,I-65 EXIT 16 & US-31,Memphis,IN,415,3.62566666,-85.7775000,38.4642000,city_centroid
5423,70530,LOVES TRAVEL STOP #767,FM-511 & SR-48,Brownsville,TX,625,3.15566666,-97.4933800,25.9420400,city_centroid
5424,70538,SPEEDWAY #9329,"I-64 EXIT 43, SR 395 & 2823",Waddy,KY,410,3.149,-85.1288000,38.1054000,city_centroid
5425,70539,PILOT #1174,"I-70/SR-1, EXIT 147",Marshall,IL,510,3.299,-87.6923000,39.4220000,city_centroid
5426,70539,PILOT TRAVEL CENTER #1174,"I-70/SR-1, EXIT 147",Marshall,IL,510,3.499,-87.6923000,39.4220000,city_centroid
5427,70539,PILOT TRAVEL CENTER #1174,"I-70/SR-1, EXIT 147",Marshall,IL,510,3.359,-87.6923000,39.4220000,city_centroid
5428,70539,PILOT #1174,"I-70/SR-1, EXIT 147",Marshall,IL,510,3.499,-87.6923000,39.4220000,city_centroid
5429,70539,PILOT TRAVEL CENTER #1174,"I-70/SR-1, EXIT 147",Marshall,IL,510,3.299,-87.6923000,39.4220000,city_centroid
5430,70540,LOVES TRAVEL STOP #674,US-27 & SR-60,Lake Wales,FL,140,3.55233333,-81.5929000,27.8806333,city_centroid
5431,70541,Kwik Star#1012,US-71 & SR-9,Spirit Lake,IA,440,3.299,-95.1123000,43.4262000,city_centroid
5432,70543,ALLSUPS CONVENIENCE STORE #2078,US-60,White Deer,TX,585,2.969,-101.1740000,35.4278000,city_centroid
5433,70544,ALLSUPS CONVENIENCE STORE #2100,US-87,Odonnell,TX,700,3.099,-101.8271000,32.9773000,city_centroid
5434,70545,ALLSUPS CONVENIENCE STORE #2205,SR-83,Denver City,TX,700,3.36566666,-102.8313000,32.9711000,city_centroid
5435,70546,ALLSUPS CONVENIENCE STORE #2370,US-287 & SR-70,Clarendon,TX,585,2.929,-100.8952000,34.9529000,city_centroid
5436,70547,ALLSUPS CONVENIENCE STORE #2140,SR-114,Bridgeport,TX,630,2.899,-97.7810000,33.1870000,city_centroid
5437,70548,ALLSUPS CONVENIENCE STORE #2114,US-84,Muleshoe,TX,700,3.19066666,-102.7496000,34.2193000,city_centroid
5438,70549,ALLSUPS CONVENIENCE STORE #2194,214 PLAINS HIGHWAY,Denver City,TX,700,3.38233333,-102.8190240,32.9665007,census
5439,70550,TEXACO #379545,US-290,Giddings,TX,595,3.399,-96.9332000,30.1777000,city_centroid
5440,70551,KWIK TRIP #1047,SR-100 & SR-59,Milwaukee,WI,444,3.54066666,-87.9579405,43.0509730,city_centroid
5441,70552,KWIK TRIP #941,US-2,Duluth,MN,334,3.499,-92.1320000,46.7872455,city_centroid
5442,70553,KWIK TRIP #1028,US-59,Worthington,MN,425,3.16566666,-95.6059000,43.6286000,city_centroid
5443,70554,HORSESHOE CONVENIENCE,SR 302 & IC 200,Mentone,TX,710,3.10733333,-103.5988000,31.7068000,city_centroid
5444,70555,THORNTONS #615,I-40 EXIT 188,Kingston Springs,TN,460,2.98233333,-87.1156000,36.0953000,city_centroid
5445,70556,ZIP ZONE EXPRESS,US-23,Catlettsburg,KY,255,3.699,-82.6321000,38.3799000,city_centroid
5446,70557,LOVES TRAVEL STOP #727,"I-44, EXIT 283 & US-69",Big Cabin,OK,560,3.41233333,-95.2246000,36.5340000,city_centroid
5447,70558,LOVES TRAVEL STOP #752,"I-43, EXIT 25 & SR-67",Elkhorn,WI,520,3.24066666,-88.5462000,42.7009000,city_centroid
5448,70559,KWIK TRIP #1026,"HWY-23/ HWY-169, EXIT 23",Milaca,MN,453,3.369,-93.6453000,45.7795000,city_centroid
5449,70560,PILOT DEALER #1235,"I-8, EXIT 42",Tacna,AZ,900,3.599,-113.9763000,32.6934000,city_centroid
5450,70560,PILOT #1235,"I-8, EXIT 42",Tacna,AZ,900,3.659,-113.9763000,32.6934000,city_centroid
5451,70561,PILOT #1143,I-20 & SR-302,Odessa,TX,710,3.599,-102.3777500,31.8486000,city_centroid
5452,70562,SPEEDWAY #7161,I-65 & US-31,Portland,TN,460,3.024,-86.5059000,36.5673000,city_centroid
5453,70563,PILOT DEALER #1234,US-93 & CR-145,Willow Beach,AZ,910,3.839,-114.5001000,35.7759000,city_centroid
5454,70563,PILOT #1234,US-93 & CR-145,Willow Beach,AZ,910,3.899,-114.5001000,35.7759000,city_centroid
5455,70564,SPEEDWAY #7236,"I-90/SR-2, EXIT 151",Avon,OH,305,3.659,-82.0204000,41.4467000,city_centroid
5456,70565,Kwik Star #1025,SR-9/SR-4,Estherville,IA,425,3.33233333,-94.8180000,43.4017000,city_centroid
5457,70567,LEDGEWOOD BP,I-80/SR-46,Ledgewood,NJ,115,3.299,-74.6554000,40.8780000,city_centroid
5458,70571,LOVES TRAVEL STOP #748,"I-90, I-80 & SR-49",Edon,OH,550,3.88733333,-84.7570000,41.5842000,city_centroid
5459,70572,LOVES TRAVEL STOP #745,I-94,Saint Clair,MI,342,3.949,-82.5133000,42.8255000,city_centroid
5460,70573,KWIK TRIP #1038,US-12,Prairie Du Sac,WI,420,3.484,-89.7452000,43.2956000,city_centroid
5461,70574,SPEEDWAY #3961,"I-55, EXIT 109",Williamsville,IL,318,3.299,-89.5487000,39.9542000,city_centroid
5462,70575,SPEEDWAY #6721,SR 51,Mc Kees Rocks,PA,165,3.899,-80.0876000,40.4717000,city_centroid
5463,70576,KWIK TRIP #593,"I-94, EXIT 41 & SR-25",Menomonie,WI,295,3.574,-91.9265000,44.8718000,city_centroid
5464,70577,SPEEDWAY #3715,US-30,Crest Hill,IL,293,3.299,-88.0987000,41.5548000,city_centroid
5465,70577,SPEEDWAY #3715,US-30,Crest Hill,IL,293,3.359,-88.0987000,41.5548000,city_centroid
5466,70578,COMMON CENTS #125,"I-90/US-14, EXIT 61",Rapid City,SD,506,3.20733333,-103.2643750,44.0673000,city_centroid
5467,70579,Exxon/One9 #1338,I-35 & CR-372,Jarrell,TX,765,2.88566666,-97.5942000,30.8119000,city_centroid
5468,70580,LOVES TRAVEL STOP #753,I-90 EXIT 96 & SR-474,Missoula,MT,820,3.674,-114.0341143,46.8837143,city_centroid
5469,70581,LOVES TRAVEL STOP #773,"SR-14 & I-59/20, EXIT 40",Eutaw,AL,615,3.13733333,-87.9303000,32.8889000,city_centroid
5470,70582,Kwik Star #1039,I-80 EXIT 301,Bettendorf,IA,270,3.649,-90.4942000,41.5509000,city_centroid
5471,70583,LOVES TRAVEL STOP #783,US-60 & US-63,Willow Springs,MO,535,3.419,-91.9405000,36.9958000,city_centroid
5472,70584,PILOT TRAVEL CENTER #1209,"I-20, EXIT 136 & SR-349",Midland,TX,710,3.56566666,-102.0737530,31.9716610,census
5473,70585,PILOT TRAVEL CENTER #1211,US-385 & CR-1910,Andrews,TX,710,3.639,-102.5409000,32.3201000,city_centroid
5474,70586,MAVERIK COUNTRY STORE #610,I-80,Winnemucca,NV,966,3.389,-117.7534500,41.0214000,city_centroid
5475,70587,MAVERIK COUNTRY STORE #623,US-89,Gunnison,UT,835,3.419,-111.8167000,39.1545000,city_centroid
5476,70588,SPEEDWAY #7217,I-70 EXIT 49,Smithton,PA,165,3.91566666,-79.7381000,40.1553000,city_centroid
5477,70590,CIRCLE K #2722291,US-1 & SR-206,Saint Augustine,FL,75,3.379,-81.3127620,29.7564810,census
5478,70591,SPEEDWAY #6465,"I-77, EXIT 101",Canton,OH,249,3.60733333,-81.3847250,40.8151437,city_centroid
5479,70592,LOVES TRAVEL STOP #751,"I-20, EXIT 87",Elgin,SC,135,3.42566666,-80.8113000,34.1620000,city_centroid
5480,70593,LOVES TRAVEL STOP #735,I-75/SR-401,Calhoun,GA,285,3.279,-84.9428000,34.4995500,city_centroid
5481,70595,SPEEDWAY #6509,"I-74, EXIT 206",Oakwood,IL,280,3.199,-87.7825000,40.1167000,city_centroid
5482,70595,SPEEDWAY #6509,"I-74, EXIT 206",Oakwood,IL,280,3.349,-87.7825000,40.1167000,city_centroid
5483,70595,SPEEDWAY #6509,"I-74, EXIT 206",Oakwood,IL,280,3.299,-87.7825000,40.1167000,city_centroid
5484,70596,SPEEDWAY #7208,I-85 EXIT 137,Jefferson,GA,16,3.119,-83.5708000,34.1062000,city_centroid
5485,70597,SPEEDWAY #9394,SR-4 & US-25,Lexington,KY,410,3.129,-84.5006111,38.0310722,city_centroid
5487,70599,Jet Food Store,US-278,Warrenton,GA,85,3.41566666,-82.6357000,33.4091000,city_centroid
5488,70600,KWIK STAR #1027,US-65,Mason City,IA,433,3.264,-93.1982000,43.1517500,city_centroid
5489,70601,24/7 TRAVEL STORE,I-70 EXIT 275,Abilene,KS,523,2.994,-97.2063000,38.9371000,city_centroid
5490,70603,ROAD RANGER #277,"I-30, EXIT 201 & SR-8",New Boston,TX,766,3.08066666,-94.4375000,33.4619000,city_centroid
5491,70604,KWIK STAR #940,US-69 & SR-9,Forest City,IA,433,3.449,-93.6356000,43.2692000,city_centroid
5492,70605,SPEEDWAY #1042,"I-55 & SR-50, EXIT 286",Cicero,IL,291,3.599,-87.7602000,41.8378000,city_centroid
5493,70605,SPEEDWAY #1042,"I-55 & SR-50, EXIT 286",Cicero,IL,291,3.569,-87.7602000,41.8378000,city_centroid
5494,70606,SPEEDWAY #7179,"I-65 & SR-101, EXIT 38",Smiths Grove,KY,415,3.06566666,-86.1938000,37.0581000,city_centroid
5495,70607,SPEEDWAY #8544,"I-55 & US-6, EXIT 24B",Channahon,IL,291,3.249,-88.2138000,41.4347000,city_centroid
5496,70607,SPEEDWAY #8544,"I-55 & US-6, EXIT 24B",Channahon,IL,291,3.299,-88.2138000,41.4347000,city_centroid
5497,70608,KWIK TRIP #1017,US-10/SR-47,Anoka,MN,451,3.624,-93.4186000,45.2825000,city_centroid
5498,70609,JP TRAVEL PLAZA,"I-75, EXIT 205 & SR-16",Jackson,GA,18,3.159,-83.9784000,33.2820000,city_centroid
5499,70611,Shell,US-6 & SR-3,Kendallville,IN,370,3.499,-85.2609000,41.4482000,city_centroid
5500,70612,SHREES TRUCK STOP #2,I-90 EXIT 101,Thorp,WA,920,3.839,-120.6712000,47.0679000,city_centroid
5501,70612,SHREES TRUCK STOP #2,I-90 EXIT 101,Thorp,WA,920,3.809,-120.6712000,47.0679000,city_centroid
5502,70612,SHREES TRUCK STOP #2,I-90 EXIT 101,Thorp,WA,920,3.859,-120.6712000,47.0679000,city_centroid
5503,70615,THORNTONS #0334,I-57 EXIT 350 & SR-83,Posen,IL,365,3.399,-87.6872000,41.6277000,city_centroid
5505,70618,LOVES TRAVEL STOP #744,"I-270 N, EXIT 49",Lockbourne,OH,315,3.45566666,-82.9744500,39.8117000,city_centroid
5506,70619,KWIK TRIP #1049,US-212 & CR-68,Glencoe,MN,448,3.524,-94.1616000,44.7780000,city_centroid
5507,70620,LOVES TRAVEL STOP #779,I-30 EXIT 97,Malvern,AR,635,3.499,-92.8292000,34.3557000,city_centroid
5508,70621,FRIENDLY GUS STORE #24,I-16 EXIT 53 & SR-19,Dublin,GA,85,3.399,-82.9265500,32.4997000,city_centroid
5509,70622,SPEEDWAY #6781,US-422,Douglassville,PA,208,3.799,-75.7397000,40.2709000,city_centroid
5510,70623,SPEEDWAY #1127,"I-55, EXIT 267 & SR-53",Bolingbrook,IL,293,3.589,-88.1138000,41.6883000,city_centroid
5511,70623,SPEEDWAY #1127,"I-55, EXIT 267 & SR-53",Bolingbrook,IL,293,3.299,-88.1138000,41.6883000,city_centroid
5512,70624,KWIK STAR #929,I-74 EXIT 2,Bettendorf,IA,270,3.599,-90.4942000,41.5509000,city_centroid
5513,70625,BROWNVILLE IRVING,SR-11,Brownville,ME,170,3.93233333,-69.0423000,45.3412000,city_centroid
5514,70626,GOLDEN GATE PETROLEUM,"I-70, EXIT 97",Silt,CO,810,3.459,-107.6657000,39.5028000,city_centroid
5515,70628,PILOT #1195,"I-90, EXIT 106",Ellensburg,WA,977,3.959,-120.5163000,46.9996000,city_centroid
5516,70628,PILOT #1195,"I-90, EXIT 106",Ellensburg,WA,977,3.859,-120.5163000,46.9996000,city_centroid
5517,70628,PILOT #1195,"I-90, EXIT 106",Ellensburg,WA,977,3.839,-120.5163000,46.9996000,city_centroid
5518,70628,PILOT #1195,"I-90, EXIT 106",Ellensburg,WA,977,3.899,-120.5163000,46.9996000,city_centroid
5519,70629,KWIK TRIP #930,"I-35, EXIT 147 & SR-95",North Branch,MN,448,3.40233333,-92.9802000,45.5114000,city_centroid
5520,70630,SPEEDWAY #3632,"I-76, EXIT 33 & SR-43",Kent,OH,249,3.53233333,-81.3497333,41.1487000,city_centroid
5521,70632,CIRCLE K #4706705,SR-394,Crete,IL,365,3.499,-87.6027000,41.4390000,city_centroid
5522,70634,CORNER MARKET #101,US-83 & SR-96,Scott City,KS,525,3.359,-100.9064000,38.4823000,city_centroid
5523,70635,CIRCLE K #4705706,US-224 & SR-99,Willard,OH,249,3.599,-82.7275500,41.0579500,city_centroid
5524,70637,CIRCLE K #2704111,I-2/US-83 & CR-493,Donna,TX,639,3.009,-98.0529000,26.1671000,city_centroid
5525,70638,LOVES TRAVEL STOP #769,"I-70, EXIT 358A & US-75",Topeka,KS,570,3.284,-95.6983895,39.0416158,city_centroid
5526,70640,LOVES TRAVEL STOP #794,SR-3/SR-33,Watonga,OK,483,3.37566666,-98.4175000,35.8538000,city_centroid
5527,70641,LOVES TRAVEL STOP #706,"I-81/I-64, EXIT 213",Staunton,VA,185,3.649,-79.0640000,38.1583500,city_centroid
5528,70642,LOVES TRAVEL STOP #776,"I-20, EXIT 15",Vicksburg,MS,760,3.549,-90.8516333,32.3534667,city_centroid
5529,70643,LOVES TRAVEL STOP #774,US-431/CR-248,Smiths Station,AL,720,3.194,-85.0985000,32.5401000,city_centroid
5530,70644,KWIK TRIP #1031,I-494 EXIT 20,Delano,MN,451,3.524,-93.8016000,45.0342000,city_centroid
5532,70646,KWIK TRIP #1051,I-43 & CR-N,Green Bay,WI,582,3.44066666,-88.0306778,44.4973556,city_centroid
5533,70647,PILOT #1227,I-20 EXIT 66,Pyote,TX,710,3.46566666,-103.1267000,31.5387000,city_centroid
5534,70648,BARRINGTON APPLEGREEN,SR-125 & SR-9,Barrington,NH,178,3.899,-71.0377000,43.2027000,city_centroid
5535,70649,KWIK TRIP #931,SR-95,North Branch,MN,448,3.42733333,-92.9802000,45.5114000,city_centroid
5536,70650,MAVERIK COUNTRY STORE #581,"I-15 N, EXIT 334 & SR-193",Clearfield,UT,835,3.33566666,-112.0634333,41.0679000,city_centroid
5537,70651,WALBURG TRAVEL CENTER,"I-35, EXIT 266",Georgetown,TX,595,2.83233333,-97.7133250,30.6561250,city_centroid
5538,70652,ROADYS MACH 1 #14,I-57 EXIT 94,Mount Vernon,IL,574,3.099,-88.9105000,38.3170000,city_centroid
5539,70652,ROADYS MACH 1 #14,I-57 EXIT 94,Mount Vernon,IL,574,3.199,-88.9105000,38.3170000,city_centroid
5540,70652,ROADYS MACH 1 #14,I-57 EXIT 94,Mount Vernon,IL,574,3.299,-88.9105000,38.3170000,city_centroid
5541,70653,MACH 1 #24,I-74 EXIT 215A & SR-1,Tilton,IL,280,3.199,-87.6440000,40.0964000,city_centroid
5542,70653,MACH 1 #24,I-74 EXIT 215A & SR-1,Tilton,IL,280,3.299,-87.6440000,40.0964000,city_centroid
5543,70654,PILOT #1269,I-10 EXIT 378,San Simon,AZ,980,3.309,-109.1748000,32.0423000,city_centroid
5544,70654,PILOT DEALER #1269,I-10 EXIT 378,San Simon,AZ,980,3.334,-109.1748000,32.0423000,city_centroid
5545,70655,GOLDEN GATE PETROLEUM,US-6,Grand Junction,CO,810,3.499,-108.5305143,39.0617143,city_centroid
5546,70656,LOVES TRAVEL STOP #757,"US-23, EXIT 25",Milan,MI,325,3.579,-83.6776000,42.0914000,city_centroid
5547,70656,LOVES TRAVEL STOP #757,"US-23, EXIT 25",Milan,MI,325,3.649,-83.6776000,42.0914000,city_centroid
5548,70656,LOVES TRAVEL STOP #757,"US-23, EXIT 25",Milan,MI,325,3.489,-83.6776000,42.0914000,city_centroid
5549,70656,LOVES TRAVEL STOP #757,"US-23, EXIT 25",Milan,MI,325,3.569,-83.6776000,42.0914000,city_centroid
5550,70657,INTERFUEL,I-96 EXIT 167,Springfield,VA,60,3.899,-77.2241500,38.7873833,city_centroid
5551,70658,CASEYS #3708,SR-235,New Carlisle,OH,411,3.259,-84.0217000,39.9300000,city_centroid
5552,70660,CASEYS #3852,"I-35, EXIT 33 & US-34",Creston,IA,320,3.349,-94.3471000,41.0499000,city_centroid
5553,70661,CASEYS #3238,US-52 EXIT 64 & CR-12,Oronoco,MN,451,3.51566666,-92.4850000,44.1489000,city_centroid
5554,70662,GETGO #3202,I-79 EXIT 183A,Erie,PA,240,3.899,-80.0682786,42.1187071,city_centroid
5555,70663,LENNYS GAS N WASH BOURBONNAIS,US-45/US-52,Bourbonnais,IL,296,3.399,-87.8790000,41.1661000,city_centroid
5556,70663,LENNYS GAS N WASH BOURBONNAIS,US-45/US-52,Bourbonnais,IL,296,3.299,-87.8790000,41.1661000,city_centroid
5557,70665,POCO LOCO MARKET,I-35 EXIT 219,Buda,TX,595,2.89233333,-97.8534000,30.0918000,city_centroid
5559,70667,EZ TRIP #1226,"I-84, EXIT 104 & US-97",Wasco,OR,935,3.239,-120.7304000,45.5974000,city_centroid
5560,70668,LOVES TRAVEL STOP #784,US-30 & CR-9,Schuyler,NE,486,3.28233333,-97.0628000,41.4591000,city_centroid
5561,70669,TA EXPRESS BIGGS,"I-84, EXIT 104 & US-97",Wasco,OR,935,3.199,-120.7304000,45.5974000,city_centroid
5562,70670,MAVERIK COUNTRY STORE #625,"I-215, EXIT 27 & CR-68",North Salt Lake,UT,835,3.44233333,-111.9191000,40.8446000,city_centroid
5563,70673,PAC PRIDE,SR-202,Mesa,AZ,930,4.024,-111.7550267,33.4145667,city_centroid
5564,70674,ALLTOWN FRESH #769,SR-111,Ayer,MA,34,3.649,-71.5788000,42.5591000,city_centroid
5566,70677,PAC PRIDE,US-60,Glendale,AZ,930,4.024,-112.2000500,33.5807000,city_centroid
5569,70681,PETRO STOP,US-60,Mesa,AZ,930,4.01566666,-111.7550267,33.4145667,city_centroid
5570,70682,LOVES TRAVEL STOP #758,"I-255/US-50, EXIT 15",East Saint Louis,IL,540,3.589,-90.1252714,38.6060429,city_centroid
5571,70682,LOVES TRAVEL STOP #758,"I-255/US-50, EXIT 15",East Saint Louis,IL,540,3.489,-90.1252714,38.6060429,city_centroid
5572,70682,LOVES TRAVEL STOP #758,"I-255/US-50, EXIT 15",East Saint Louis,IL,540,3.379,-90.1252714,38.6060429,city_centroid
5573,70682,LOVES TRAVEL STOP #758,"I-255/US-50, EXIT 15",East Saint Louis,IL,540,3.689,-90.1252714,38.6060429,city_centroid
5574,70686,HOLIDAY STATIONSTORE #2746471,US-12,Hudson,WI,448,3.539,-92.7271000,44.9842000,city_centroid
5575,70687,RUTTERS #87,"I-99, EXIT 78B & SR-150",Bellefonte,PA,70,4.01566666,-77.7732000,40.8978000,city_centroid
5577,70692,RUTLAND ROUTE 7 IRVING,US-4 & US-7,Rutland,VT,170,3.699,-72.9717000,43.6123500,city_centroid
5578,70693,MAPCO #3507,US-76 & SR-71,Dalton,GA,285,3.119,-84.9607250,34.7680000,city_centroid
5579,70695,ALLSUPS CONVENIENCE STORE #2132,US-54 & US-380,Carrizozo,NM,580,3.28233333,-105.8696000,33.6496000,city_centroid
5580,70696,DK #11822,I-20 EXIT 131,Midland,TX,612,2.85733333,-102.0802125,31.9653750,city_centroid
5581,70698,ALLSUPS CONVENIENCE STORE #2038,US-54,Logan,NM,585,3.199,-103.4383000,35.3681000,city_centroid
5582,70699,QUIK STOP,US-79,Paris,TN,490,2.959,-88.3093000,36.3005000,city_centroid
5583,70700,PATRIOT FUELING CENTER,US-231/SR-9,Wetumpka,AL,720,3.199,-86.1573500,32.5774500,city_centroid
5584,70704,KUM & GO #0702,"I-44, EXIT 6 & SR-86",Joplin,MO,535,3.009,-94.5095667,37.0758667,city_centroid
5585,70705,CASEYS #3464,SR-48 & CR-10,Morrisonville,IL,280,3.759,-89.4541000,39.4153000,city_centroid
5586,70705,CASEYS #3464,SR-48 & CR-10,Morrisonville,IL,280,3.999,-89.4541000,39.4153000,city_centroid
5587,70705,CASEYS #3464,SR-48 & CR-10,Morrisonville,IL,280,3.959,-89.4541000,39.4153000,city_centroid
5588,70706,BIG APPLE TRAVEL CENTER,I-44/US-71,Joplin,MO,416,3.21233333,-94.5095667,37.0758667,city_centroid
5589,70707,TA Express West Point #283,"I-85/SR-403, EXIT 2 & SR-18",West Point,GA,720,3.66566666,-85.1197000,32.8337000,city_centroid
5590,70708,LOVES TRAVEL STOP #785,"I-96, EXIT 90",Grand Ledge,MI,406,3.949,-84.7373000,42.7529000,city_centroid
5591,70709,VP Racing Fuels,SR-19,Center,MO,540,3.16566666,-91.5398000,39.5154000,city_centroid
5592,70710,LOVES TRAVEL STOP #799,US-72 & SR-15,Walnut,MS,655,3.559,-88.9053000,34.9527000,city_centroid
5594,70714,PILOT TRAVEL CENTER #1281,US-89,Page,AZ,910,3.999,-111.4558000,36.9147000,city_centroid
5595,70714,PILOT DEALER #1281,US-89,Page,AZ,910,3.999,-111.4558000,36.9147000,city_centroid
5597,70718,ROAD RANGER #278,"I-40, EXIT 216 & US-49",Brinkley,AR,695,3.199,-91.1886000,34.8781000,city_centroid
5598,70719,FAST LANE #31,"I-70, EXIT 183",Jonesburg,MO,540,3.299,-91.3019000,38.8717000,city_centroid
5599,70720,SPEEDWAY #4453,SR-23,Sauk Rapids,MN,451,3.189,-94.1591000,45.6040000,city_centroid
5600,70722,SPEEDWAY #9935,I-90 EXIT 35 & SR-298,Syracuse,NY,190,4.099,-76.1532455,43.0529500,city_centroid
5601,70723,SPEEDWAY #9932,I-99 EXIT 8 & SR-417,Painted Post,NY,190,4.099,-77.1194000,42.1710000,city_centroid
5602,70724,LOVES TRAVEL STOP #790,"I-95, EXIT108",Summerton,SC,135,3.509,-80.3606000,33.5946000,city_centroid
5603,70725,LOVES TRAVEL STOP #782,"I-24 & US-41, EXIT 86",Oak Grove,KY,415,3.14233333,-87.4255000,36.6652000,city_centroid
5604,70726,CASEYS #1195,US-36,Belleville,KS,336,3.339,-97.6290000,39.8241000,city_centroid
5605,70727,CASEYS #2998,US-75 & SR-23,Pipestone,MN,530,3.449,-96.2652000,43.9893000,city_centroid
5606,70728,CASEYS #3245,US-81,Freeman,SD,530,3.299,-97.4601000,43.3605000,city_centroid
5607,70729,CASEYS #3785,US-14,Fort Pierre,SD,571,3.399,-100.4043000,44.3426000,city_centroid
5608,70730,CASEYS #3855,US-81,Yankton,SD,572,3.139,-97.3986000,42.8821000,city_centroid
5609,70731,PILOT TRAVEL CENTERS #1181,IL-38 E,Rochelle,IL,520,3.759,-89.0710000,41.9282000,city_centroid
5610,70731,PILOT #1181,IL-38 E,Rochelle,IL,520,3.759,-89.0710000,41.9282000,city_centroid
5611,70732,MAVERIK COUNTRY STORE #627,I-15 EXIT 303,Salt Lake City,UT,835,3.44233333,-111.8778419,40.7262129,city_centroid
5612,70733,CASEYS #1607,US-63,Macon,MO,392,3.29066666,-92.4622000,39.7481000,city_centroid
5613,70735,CASEYS #1778,SR-267/SR-111,Brighton,IL,574,3.279,-90.1443000,39.0361000,city_centroid
5614,70735,CASEYS #1778,SR-267/SR-111,Brighton,IL,574,3.299,-90.1443000,39.0361000,city_centroid
5615,70735,CASEYS #1778,SR-267/SR-111,Brighton,IL,574,3.239,-90.1443000,39.0361000,city_centroid
5616,70736,CASEYS #1941,"I-35, EXIT 90 & SR-160",Ankeny,IA,320,3.139,-93.5974000,41.7203000,city_centroid
5617,70737,CASEYS #2272,I-80/US-6 EXIT 155 & SR-117,Colfax,IA,320,3.099,-93.2588000,41.6788000,city_centroid
5618,70738,QUIKTRIP #7061,I-49 EXIT 39A,Joplin,MO,413,3.02233333,-94.5095667,37.0758667,city_centroid
5619,70739,CASEYS #2602,US-36/SR-5 & SR-11,Brookfield,MO,276,3.249,-93.0719000,39.7846000,city_centroid
5620,70740,JACK FLASH,"I-70, EXIT 82 & SR 128",Altamont,IL,574,3.099,-88.7481000,39.0634000,city_centroid
5621,70740,JACK FLASH,"I-70, EXIT 82 & SR 128",Altamont,IL,574,3.199,-88.7481000,39.0634000,city_centroid
5622,70741,CASEYS #3590,US-27,Geneva,IN,465,3.594,-84.9621000,40.6071000,city_centroid
5623,70742,CASEYS #3653,SR-14,Greene,IA,433,3.599,-92.8024000,42.8958000,city_centroid
5624,70743,CASEYS #3659,US-10 & SR-115,Randall,MN,250,3.48566666,-94.5005000,46.0734000,city_centroid
5625,70744,CASEYS #3686,I-80 EXIT 81,Utica,IL,296,2.969,-89.0008000,41.3630000,city_centroid
5626,70744,CASEYS #3686,I-80 EXIT 81,Utica,IL,296,2.999,-89.0008000,41.3630000,city_centroid
5627,70744,CASEYS #3686,I-80 EXIT 81,Utica,IL,296,3.159,-89.0008000,41.3630000,city_centroid
5628,70745,CASEYS #3752,",",Mountain Lake,MN,425,3.40233333,-94.9273000,43.9390000,city_centroid
5629,70746,CASEYS #3085,US-34 & SR-14,Aurora,NE,330,3.099,-97.9978005,40.8727280,census
5630,70747,CASEYS #3702,US-377/SR-99 & SR-9,Seminole,OK,560,3.02566666,-96.6694500,35.2383000,city_centroid
5631,70748,CASEYS #3717,US-218,Vinton,IA,380,3.199,-91.9892000,42.1743000,city_centroid
5632,70749,CASEYS #3719,US-160,Ulysses,KS,525,3.409,-101.3488000,37.5792000,city_centroid
5633,70750,CASEYS #3787,"I-35, EXIT 222",Blackwell,OK,483,2.999,-97.2867000,36.8006000,city_centroid
5634,70751,CASEYS #3795,"I-43, EXIT 96",Saukville,WI,444,3.289,-87.9568000,43.3913000,city_centroid
5635,70752,CASEYS #3755,SR-7/SR-27,Russellville,AR,645,3.419,-93.0977250,35.3231000,city_centroid
5636,70753,CASEYS #3798,"I-44, EXIT 211",Drumright,OK,560,3.119,-96.5198000,35.9931000,city_centroid
5637,70754,CASEYS #3758,US-77,Douglass,KS,570,3.264,-96.9948000,37.5195000,city_centroid
5638,70755,CASEYS #3809,US-56 & SR-51,Hugoton,KS,525,3.39233333,-101.3346000,37.1682000,city_centroid
5639,70756,CASEYS #3780,US-40,Tonganoxie,KS,400,3.159,-95.1051000,39.1026000,city_centroid
5640,70757,CASEYS #3811,US-69,McAlester,OK,560,3.22566666,-95.7644500,34.9298000,city_centroid
5641,70759,CASEYS #3832,"I-35, EXIT 40A & US-14",Janesville,MN,425,3.58233333,-93.7095000,44.1168000,city_centroid
5642,70760,CASEYS #2730,US-34 & SR-15,Seward,NE,413,3.369,-97.0966000,40.9066000,city_centroid
5643,70761,CASEYS #3841,"US-61, EXIT 5",Kieler,WI,335,3.489,-90.6026000,42.5814000,city_centroid
5644,70763,CASEYS #3854,"US-20, EXIT 275 & SR-13",Manchester,IA,380,3.54566666,-91.4490000,42.4834000,city_centroid
5645,70764,CASEYS #3856,"I-51, EXIT 48 & SR-251",Tonica,IL,520,3.199,-89.0890000,41.2327000,city_centroid
5646,70764,CASEYS #3856,"I-51, EXIT 48 & SR-251",Tonica,IL,520,3.099,-89.0890000,41.2327000,city_centroid
5647,70764,CASEYS #3856,"I-51, EXIT 48 & SR-251",Tonica,IL,520,3.069,-89.0890000,41.2327000,city_centroid
5648,70765,CEFCO #103,SR-36,Temple,TX,765,2.96566666,-97.3802400,31.0685000,city_centroid
5649,70767,CASEYS #3493,SR-72,Shannon,IL,520,3.699,-89.7481000,42.1610000,city_centroid
5650,70768,CASEYS #3497,SR-29,South Pekin,IL,368,3.699,-89.6518000,40.4945000,city_centroid
5651,70768,CASEYS #3497,SR-29,South Pekin,IL,368,3.619,-89.6518000,40.4945000,city_centroid
5652,70768,CASEYS #3497,SR-29,South Pekin,IL,368,3.679,-89.6518000,40.4945000,city_centroid
5653,70769,CASEYS #3527,US-169 & US-60,Nowata,OK,307,3.18233333,-95.6404000,36.6946000,city_centroid
5654,70770,CASEYS #3528,SR-92,Washington,IA,380,3.271,-91.6987000,41.3015000,city_centroid
5655,70771,CASEYS #3545,US-14/CR-27,Sleepy Eye,MN,425,3.33233333,-94.7273000,44.2821000,city_centroid
5656,70772,CASEYS #3554,"I-70, EXIT 52",Mulberry Grove,IL,368,3.489,-89.2463000,38.9311000,city_centroid
5657,70773,CASEYS #3575,US-36,Seneca,KS,413,3.159,-96.0316000,39.8473000,city_centroid
5658,70774,CASEYS #3079,"US-20, EXIT 71 & US-71",Early,IA,440,3.299,-95.1726000,42.4483000,city_centroid
5659,70775,CASEYS #3576,US-56,Overbrook,KS,400,3.19566666,-95.5616000,38.7922000,city_centroid
5660,70776,CASEYS #3579,US-36,Smith Center,KS,330,3.179,-98.7842000,39.8042000,city_centroid
5661,70778,CASEYS #3588,"I-75 N, EXIT 69",Tipp City,OH,411,3.099,-84.1663000,39.9420000,city_centroid
5662,70779,CASEYS #3204,"I-80, EXIT 29 & I-880, EXIT 29A",Minden,IA,319,3.159,-95.5519000,41.4654000,city_centroid
5663,70780,CASEYS #3306,SR-15 & CR-47/CR-136,Saint Cloud,MN,522,3.249,-94.2462300,45.4717000,census
5664,70782,CASEYS #3465,"I-80, EXIT 285 & US-30",Gibbon,NE,330,3.049,-98.8543000,40.7444000,city_centroid
5665,70783,ENMARKET #820,"I-95/SR-405, EXIT 109 & SR-21",Port Wentworth,GA,195,3.09066666,-81.1632000,32.1491000,city_centroid
5666,70784,CIRCLE K #2723046,"I-95, EXIT 41 & SR-59/CR2252",Hope Mills,NC,63,2.909,-78.9354000,34.9536000,city_centroid
5669,70787,LOVES TRAVEL STOP #778,"I-16, EXIT 143 & US-280",Ellabell,GA,135,3.29566666,-81.4983000,32.1273000,city_centroid
5670,70788,SPEEDWAY #1031,"I-480 & I-271, EXIT 26",Bedford,OH,305,3.649,-81.5232000,41.3921000,city_centroid
5671,70789,7FLEET #46080,"I-41 & US-41, EXIT 133",Neenah,WI,360,3.449,-88.4709000,44.1834500,city_centroid
5672,70790,LOVES TRAVEL STOP #788,"I-70, EXIT 175",New Florence,MO,540,3.12233333,-91.4909000,38.9023000,city_centroid
5673,70791,LOVES TRAVEL STOP #791,"I-40, EXIT 126",Holladay,TN,460,3.12233333,-88.0912000,35.8951000,city_centroid
5674,70792,ANEW TRAVEL CENTER,US-6/34 & CR-410,Cambridge,NE,475,3.364,-100.1676000,40.2808000,city_centroid
5675,70793,LOVES TRAVEL STOPS #119,"I-70, EXIT 160",Green River,UT,835,3.299,-110.1598000,39.0002000,city_centroid
5676,70793,LOVES TRAVEL STOP #119,"I-70, EXIT 160",Green River,UT,835,3.391,-110.1598000,39.0002000,city_centroid
5677,70794,CASEYS #3747,SR-103 & CR-96,Carey,OH,411,3.17566666,-83.4026965,40.9394730,census
5679,70797,QUICK FUEL #3176,"I-35E, EXIT 442",Carrollton,TX,637,3.01566666,-96.8831250,32.9882750,city_centroid
5680,70798,QUICK FUEL #1926,"I-90, EXIT 171B & US-14",Janesville,WI,420,3.399,-89.0504500,42.7046500,city_centroid
5681,70831,FLYERS #768,"I-80, EXIT 19 & SR-659",Sparks,NV,966,4.05233333,-119.7259200,39.5835000,city_centroid
5682,70832,FLYERS #766,SR-648,Sparks,NV,966,4.059,-119.7259200,39.5835000,city_centroid
5684,70845,FLYERS #759,"I-80, EXIT 19",Sparks,NV,966,4.05066666,-119.7259200,39.5835000,city_centroid
5685,70855,FLYERS #761,"I-580, EXIT 5",Carson City,NV,966,3.699,-119.7696333,39.1470500,city_centroid
5686,70858,SPEEDWAY #1012,"I-65, EXIT 158 & CR-6",Hope Hull,AL,720,3.05233333,-86.3932000,32.2243000,city_centroid
5687,70859,FLYERS #732,I-580 & US-50,Carson City,NV,966,3.699,-119.7696333,39.1470500,city_centroid
5688,70860,FLYERS #726,"I-80, EXIT 303",Elko,NV,966,3.629,-115.6487500,40.8690000,city_centroid
5690,70870,ESSENTIAL FUELS,US-26,Scottsbluff,NE,795,3.599,-103.6645500,41.8693000,city_centroid
5691,70871,ALLTOWN MARKETS #835,"I-95, EXIT 62",Madison,CT,100,4.239,-72.6153000,41.3090000,city_centroid
5692,70873,TA LAKE CITY #288,"I-75, EXIT 414",Lake City,FL,225,3.299,-82.6480250,30.1813750,city_centroid
5693,70874,CIRCLE T,SR-6 & SR-515,Navasota,TX,670,3.43233333,-96.0594000,30.3576000,city_centroid
5694,70875,FUEL MAXX #57,SR-105 & SR-146,Liberty,TX,610,3.13233333,-94.7421250,30.2469960,census
5695,70876,JIFFY MART,SR-123/SR-12,Walpole,NH,12,3.68566666,-72.4155000,43.0765000,city_centroid
5696,70877,LOVES TRAVEL STOP #770,"US-41, EXIT 1A",Wadsworth,IL,444,3.819,-87.9040000,42.4460000,city_centroid
5697,70877,LOVES TRAVEL STOP #770,"US-41, EXIT 1A",Wadsworth,IL,444,3.759,-87.9040000,42.4460000,city_centroid
5698,70878,MAVERIK COUNTRY STORE #630,I-15 EXIT 13,Malad City,ID,825,3.394,-112.2620000,42.1808000,city_centroid
5700,70880,RUTTERS #81,SR-61 & SR-73,Leesport,PA,208,3.89733333,-75.9944000,40.4152000,city_centroid
5701,70881,RUTTERS #79,"I-99/US-220, EXIT 28 US-22/SR-764",Duncansville,PA,14,4.099,-78.4383000,40.4262000,city_centroid
5702,70882,RUTTERS #77,US-11/US-15 & US-22,Duncannon,PA,70,4.294,-77.0473000,40.4087000,city_centroid
5703,70883,RUTTERS #41,US-422,Lebanon,PA,70,3.799,-76.4172000,40.3564000,city_centroid
5704,70884,RUTTERS #75,SR-194 & SR-550,Walkersville,MD,70,3.93233333,-77.3484000,39.4787000,city_centroid
5705,70885,KWIK TRIP #1061,CR-CE & CR-HH,Combined Locks,WI,582,3.549,-88.3133000,44.2666000,city_centroid
5706,70887,LOVES TRAVEL STOP #781,"I-20, EXIT 113 & SR-83",Madison,GA,16,3.849,-83.4618000,33.5947000,city_centroid
5707,70888,HUTCHS #125,US-283,Altus,OK,483,2.999,-99.3272500,34.6432500,city_centroid
5708,70889,TRUCK WORLD,I-90 EXIT 241 & SR-7,Conneaut,OH,305,3.359,-80.5803000,41.9345000,city_centroid
5709,70890,PILOT #1299,US-287 & SR-148,Henrietta,TX,770,3.12566666,-98.2600000,33.8196000,city_centroid
5710,70891,QUARLES #4908,I-64 EXIT 297,Chesapeake,VA,130,3.52566666,-76.2835250,36.7560375,city_centroid
5713,70894,QUARLES #4009,US-301,Waldorf,MD,60,3.759,-76.9326500,38.5900000,city_centroid
5714,70895,QUARLES #4011/SHELL,I-95 EXIT 118,Woodford,VA,180,2.899,-77.4399000,38.0847000,city_centroid
5715,70896,QUARLES #4200,US-522,Front Royal,VA,60,3.699,-78.1796000,38.9268000,city_centroid
5716,70897,QUARLES #4302,SR-801 & SR-42,Broadway,VA,60,3.459,-78.7875000,38.6083000,city_centroid
5717,70898,QUARLES #4303,"I-81 EXIT 243, US-11",Harrisonburg,VA,60,2.899,-78.8581000,38.4574750,city_centroid
5718,70899,QUARLES #4304,"I-64 EXIT 96, SR-624",Waynesboro,VA,180,3.799,-78.9035000,38.0774000,city_centroid
5720,70901,QUARLES #4307,"I-81 EXIT 137, US-11/460",Salem,VA,185,3.559,-80.0681500,37.2868500,city_centroid
5721,70902,QUARLES #4309,US-460/29,Lynchburg,VA,185,3.774,-79.1560500,37.3720375,city_centroid
5723,70904,QUARLES #4400,I-95 EXIT 166A,Lorton,VA,60,4.059,-77.2159000,38.6986000,city_centroid
5725,70906,QUARLES #4403,"I-95 EXIT 29A, US-1",Beltsville,MD,22,3.899,-76.9158500,39.0401500,city_centroid
5726,70907,QUARLES #4404,I-95 EXIT 43A,Elkridge,MD,22,3.499,-76.7531000,39.2058000,city_centroid
5727,70908,QUARLES #4407,I-495 EXIT 11A,Upper Marlboro,MD,60,3.899,-76.7982000,38.8342400,city_centroid
5728,70909,QUARLES #4408,SR-201,Bladensburg,MD,60,3.699,-76.9261000,38.9421000,city_centroid
5729,70910,QUARLES #4409,I-95 EXIT 50B,Baltimore,MD,22,3.499,-76.6213000,39.3124154,city_centroid
5730,70912,QUARLES #4411,"I-695 EXIT 1, SR-173",Curtis Bay,MD,22,3.499,-76.5597000,39.2109000,city_centroid
5731,70913,QUARLES #4412,I-270 EXIT 8,Rockville,MD,60,3.759,-77.1445333,39.0882667,city_centroid
5732,70914,QUARLES #4413,I-495 EXIT 15A,Capitol Heights,MD,60,3.899,-76.8953333,38.8694667,city_centroid
5733,70915,QUARLES #4414,I-95 EXIT 60,Baltimore,MD,22,3.449,-76.6213000,39.3124154,city_centroid
5734,70916,TA Express White Hills,US-93,Willow Beach,AZ,910,3.779,-114.5001000,35.7759000,city_centroid
5735,70917,QUARLES #4416,US-13,Salisbury,MD,194,3.659,-75.5983333,38.3738667,city_centroid
5736,70918,QUARLES #4417,I-895 EXIT 8B,Curtis Bay,MD,22,3.499,-76.5597000,39.2109000,city_centroid
5737,70919,QUARLES #4422,US-13,New Castle,DE,243,3.699,-75.6049333,39.6065000,city_centroid
5738,70920,QUARLES #4423,SR-100 EXIT 11,Glen Burnie,MD,22,3.699,-76.6014667,39.1020667,city_centroid
5739,70921,QUARLES #4424,SR-5,Clinton,MD,60,3.899,-76.9026000,38.7549000,city_centroid
5740,70922,QUARLES #4425,US-50 EXIT 5,Hyattsville,MD,60,3.899,-76.9395000,38.9637000,city_centroid
5741,70923,QUARLES #4426,SR-124,Gaithersburg,MD,60,3.759,-77.1951250,39.1526125,city_centroid
5742,70924,QUARLES #4427,I-276 EXIT 351,Levittown,PA,153,3.84566666,-74.8466000,40.1533600,city_centroid
5743,70925,QUARLES #4430,US-13,Sharon Hill,PA,160,3.869,-75.2695000,39.9035000,city_centroid
5744,70926,QUARLES #4431,US-22,Allentown,PA,90,3.989,-75.5101000,40.6015000,city_centroid
5745,70927,QUARLES #4434,SR-617,Springfield,VA,60,4.059,-77.2241500,38.7873833,city_centroid
5746,70928,QUARLES #4435,"I-95 EXIT 41, US-1",Jessup,MD,22,3.499,-76.7922000,39.1484000,city_centroid
5747,70929,QUARLES #4503,US-11,Martinsburg,WV,60,3.959,-77.9536400,39.4660000,city_centroid
5748,70930,QUARLES #4504,I-81 EXIT 313A,Winchester,VA,60,3.799,-78.2048000,39.1918750,city_centroid
5749,70931,QUARLES #4505,SR-65,Hagerstown,MD,60,3.899,-77.7174750,39.6237250,city_centroid
5750,70933,QUARLES #4507,US-11,Winchester,VA,60,3.799,-78.2048000,39.1918750,city_centroid
5751,70934,QUARLES #4509,I-270 EXIT 31B,Frederick,MD,60,3.599,-77.4076000,39.4222000,city_centroid
5752,70935,QUARLES #4511,I-70 EXIT 55,Frederick,MD,60,3.599,-77.4076000,39.4222000,city_centroid
5753,70937,QUARLES #4603,US-29/211,Warrenton,VA,60,3.799,-77.7993667,38.7235667,city_centroid
5754,70938,QUARLES #4605,SR-606,Sterling,VA,60,3.659,-77.4217250,39.0144500,city_centroid
5755,70939,QUARLES #4606,SR-234,Manassas,VA,60,3.859,-77.4708667,38.7491667,city_centroid
5756,70940,QUARLES #4607,SR-28,Manassas,VA,60,3.859,-77.4708667,38.7491667,city_centroid
5757,70941,QUARLES #4934,US-60,Sandston,VA,180,3.259,-77.2758000,37.5157000,city_centroid
5758,70942,QUARLES #4608,SR-657,Chantilly,VA,60,3.659,-77.4145667,38.8720333,city_centroid
5759,70943,QUARLES #4700,US-15BUS/29BUS,Culpeper,VA,60,3.799,-77.9928000,38.5117000,city_centroid
5760,70944,QUARLES #4701,US-15 BUS & US-522,Culpeper,VA,60,3.799,-77.9928000,38.5117000,city_centroid
5761,70945,QUARLES #4944,US-17,Bealeton,VA,60,3.759,-77.7561000,38.5453000,city_centroid
5762,70946,QUARLES #4703,US-29 & SR-616,Ruckersville,VA,180,3.699,-78.4074000,38.2586000,city_centroid
5764,70948,QUARLES #4804,I-40 EXIT 211,Greensboro,NC,65,3.649,-79.8169000,36.0855231,city_centroid
5765,70949,QUARLES #4805,US-1 EXIT 95,Apex,NC,177,3.999,-78.8408000,35.7225000,city_centroid
5766,70950,QUARLES #4807,I-40 EXIT 203,Kernersville,NC,65,3.199,-80.0784000,36.1182000,city_centroid
5767,70951,QUARLES #4947,SR-7,Leesburg,VA,60,3.659,-77.5683000,39.1132667,city_centroid
5768,70952,QUARLES #4810,I-540 EXIT 4A,Raleigh,NC,177,3.709,-78.6436350,35.8221150,city_centroid
5770,70954,QUARLES #4811,SR-50/US-70,Garner,NC,177,3.599,-78.5975000,35.6813000,city_centroid
5772,70956,QUARLES #4813,SR-133,Wilmington,NC,245,3.779,-77.8802750,34.2212375,city_centroid
5775,70959,QUARLES #4814,US-117,Wilmington,NC,245,3.799,-77.8802750,34.2212375,city_centroid
5776,70960,QUARLES #4962,"I-81, EXIT 222, US-250",Staunton,VA,185,2.899,-79.0640000,38.1583500,city_centroid
5777,70961,QUARLES #4815,"I-140, EXIT 14",Wilmington,NC,245,3.799,-77.8802750,34.2212375,city_centroid
5778,70962,QUARLES #4965,"I-295, EXIT 37A, US-360",Warsaw,VA,180,3.759,-76.7665000,37.9695000,city_centroid
5779,70963,QUARLES #4817,"US-70, EXIT 333",Selma,NC,205,3.799,-78.2640000,35.5565000,city_centroid
5780,70964,SEALSTON DELI,"I-95, EXIT 130A, SR-3",King George,VA,180,3.499,-77.1260000,38.2811000,city_centroid
5781,70965,QUARLES #4822,US-401,Raleigh,NC,177,3.709,-78.6436350,35.8221150,city_centroid
5782,70966,QUARLES #4927,SR-10 & SR-145,Chesterfield,VA,180,3.699,-77.6005500,37.3628000,city_centroid
5784,70968,QUARLES #4928,"I-95, EXIT 86A & SR-656",Ashland,VA,180,3.674,-77.4784000,37.7395000,city_centroid
5785,70969,QUARLES #4824,I-40 EXIT 210,Greensboro,NC,65,3.699,-79.8169000,36.0855231,city_centroid
5786,70970,QUARLES #4931,US-60 & SR-603,Powhatan,VA,180,3.699,-77.9189000,37.5421000,city_centroid
5787,70971,QUARLES #4932,"I-64, EXIT 173 & SR-623",Rockville,VA,180,3.699,-77.7000000,37.7337000,city_centroid
5788,70973,QUARLES #4826,US HWY 29/70,High Point,NC,65,3.66566666,-79.9933667,35.9862333,city_centroid
5791,70976,QUARLES #4827,I-40 EXIT 203,Kernersville,NC,65,3.199,-80.0784000,36.1182000,city_centroid
5792,70977,QUARLES #4828,I-440 EXIT 13B,Raleigh,NC,177,3.709,-78.6436350,35.8221150,city_centroid
5793,70978,QUARLES #4829,I-40 EXIT 298A,Raleigh,NC,177,3.599,-78.6436350,35.8221150,city_centroid
5794,70979,QUARLES #4830,I-540 EXIT 3,Raleigh,NC,177,3.719,-78.6436350,35.8221150,city_centroid
5795,70980,QUARLES #4938,"I-64, EXIT 159 & SR-522",Gum Spring,VA,180,3.699,-77.9375000,37.7982000,city_centroid
5796,70982,EXXON/QUARLES #4942,"I-64/33, EXIT 205 & SR-249",Quinton,VA,180,3.509,-77.1486000,37.5185000,city_centroid
5797,70983,QUARLES #4943,"I-295, EXIT 22A & SR-5",Henrico,VA,180,3.699,-77.4368000,37.5382000,city_centroid
5798,70984,QUARLES #4831,US-64 EXIT 470,Rocky Mount,NC,205,3.409,-77.8033800,35.9380800,city_centroid
5799,70985,QUARLES #4832,I-40 EXIT 189,Winston Salem,NC,65,3.57233333,-80.2694100,36.0790800,city_centroid
5800,70986,QUARLES #4833,US-1,Youngsville,NC,177,3.699,-78.4744000,36.0249000,city_centroid
5802,70988,QUARLES #4909,I-664 EXIT 3,Hampton,VA,244,3.42566666,-76.3520222,37.0423667,city_centroid
5804,70990,QUARLES #4915,I-664 EXIT 2,Hampton,VA,244,3.42566666,-76.3520222,37.0423667,city_centroid
5805,70991,QUARLES #4917,I-64 EXIT 255,Newport News,VA,130,3.41066666,-76.4967375,37.0996750,city_centroid
5806,70992,QUARLES #4904,I-64 EXIT 197B,Sandston,VA,180,3.259,-77.2758000,37.5157000,city_centroid
5807,70993,QUARLES #4905,I-95 EXIT 89,Ashland,VA,180,3.699,-77.4784000,37.7395000,city_centroid
5809,70995,QUARLES #4910,I-95 EXIT 61B,Chester,VA,180,3.799,-77.3771000,37.3452000,city_centroid
5810,70996,QUARLES #4912,I-64 EXIT 136,Troy,VA,180,3.899,-78.2535000,37.9636000,city_centroid
5811,70997,QUARLES #4913,SR-76,Midlothian,VA,180,3.699,-77.6464333,37.4744667,city_centroid
5812,70998,QUARLES #4916,I-246 EXIT 6,Portsmouth,VA,130,3.46566666,-76.3418714,36.8359857,city_centroid
5814,71002,QUARLES #4922,US-250,Charlottesville,VA,180,3.899,-78.4793000,38.0530333,city_centroid
5816,71004,QUARLES #4924,US-1 & SR-688,Doswell,VA,180,3.699,-77.5125000,37.8417000,city_centroid
5819,71007,HAYDEN TRAVEL CENTER,"I-65, EXIT 284 & SR-160",Warrior,AL,615,3.129,-86.8198000,33.8529000,city_centroid
5820,71009,WEIGELS #80,"I-40, EXIT 435 & US-321",Newport,TN,405,3.11566666,-83.1952000,35.9607000,city_centroid
5822,71011,Global,"I-84 E, EXIT 2 & US-6 E",Danbury,CT,100,3.459,-73.4356250,41.3798500,city_centroid
5823,71012,ALLTOWN MARKETS #838,"I-95 N, EXIT 12",Darien,CT,100,3.83233333,-73.4853000,41.0768000,city_centroid
5824,71013,ALLTOWN MARKETS #647,SR-3 EXIT 5,Plymouth,MA,175,3.959,-70.6702333,41.9464333,city_centroid
5825,71014,Global,"I-95, EXIT 43 & US-1",Elkridge,MD,22,3.099,-76.7531000,39.2058000,city_centroid
5826,71018,KWIK STAR #1076,US-218,Vinton,IA,565,3.199,-91.9892000,42.1743000,city_centroid
5827,71019,KWIK TRIP #489,SR-3,Northfield,MN,448,3.524,-93.1668000,44.4587000,city_centroid
5828,71020,Fast Trac 21,SR-21 & CR-50,Caldwell,TX,670,3.299,-96.7143000,30.5298000,city_centroid
5829,71021,Amoco,"I-39 & HWY 23, EXIT 54",Oglesby,IL,290,3.199,-89.0553000,41.2928000,city_centroid
5830,71021,Amoco,"I-39 & HWY 23, EXIT 54",Oglesby,IL,290,3.249,-89.0553000,41.2928000,city_centroid
5831,71022,TEX BEST #530,"I-10, EXIT 628 & SR-80",Luling,TX,595,3.009,-97.6499000,29.6826000,city_centroid
5832,71023,LOVES TRAVEL STOP #853,SR-302 & CR-313,Kermit,TX,710,3.25066666,-103.0913000,31.8550000,city_centroid
5833,71024,LOVES TRAVEL STOP #804,US-34/US-67,Monmouth,IL,270,3.449,-90.6448000,40.9107000,city_centroid
5834,71024,LOVES TRAVEL STOP #804,US-34/US-67,Monmouth,IL,270,3.389,-90.6448000,40.9107000,city_centroid
5835,71024,LOVES TRAVEL STOP #804,US-34/US-67,Monmouth,IL,270,3.349,-90.6448000,40.9107000,city_centroid
5836,71025,KWIK TRIP #644,SR-57 & SR-32,New Holstein,WI,582,3.39066666,-88.1571000,44.0062500,city_centroid
5837,71027,Kwik Star #1068,I-35,Story City,IA,320,2.959,-93.5988000,42.1835000,city_centroid
5838,71029,CASEYS #6445,I-355 EXIT 27 & SR-64,Lombard,IL,293,3.349,-88.0160000,41.8721000,city_centroid
5839,71030,QUIKTRIP #1469,"I-10, EXIT 248 & SR-77",Marana,AZ,980,3.06233333,-111.2097500,32.4176000,city_centroid
5840,71032,MAVERIK COUNTRY STORE #416,US-50 & US-95,Fallon,NV,966,3.52566666,-118.7817500,39.4719000,city_centroid
5841,71033,MAVERIK COUNTRY STORE #560,I-580 & US-50,Carson City,NV,966,3.589,-119.7696333,39.1470500,city_centroid
5842,71034,MAVERIK COUNTRY STORE #635,I-15 EXIT 57,Cedar City,UT,791,3.44233333,-113.0619000,37.6775000,city_centroid
5843,71036,GOLDEN GATE PETRO,US-550,Montrose,CO,810,3.43566666,-107.8997667,38.4377000,city_centroid
5844,71037,SUNOCO,US-220 EXIT 111,Lock Haven,PA,138,3.599,-77.4436000,41.1425000,city_centroid
5845,71039,TURNPIKE MARKET EXPRESS,SR-5,Newton Falls,OH,573,3.259,-80.9701000,41.1910000,city_centroid
5846,71042,SINCLAIR,I-580/US-395 EXIT 6,Carson City,NV,966,3.599,-119.7696333,39.1470500,city_centroid
5848,71047,LOVES TRAVEL STOP #722,"I-17, EXIT 262 & SR-69",Mayer,AZ,930,3.68066666,-112.1296000,34.3655000,city_centroid
5849,71050,GILL MART CORNER STORE,US-131 & SR-216,Three Rivers,MI,465,3.699,-85.6358350,42.0275070,census
5850,71051,SHEETZ #683,I-83 EXIT 28,York,PA,70,3.259,-76.6970000,39.9649875,city_centroid
5851,71053,ROAD RANGER #279,"I-57, EXIT 45 & SR-148",Marion,IL,275,3.699,-88.9294000,37.7257000,city_centroid
5852,71053,ROAD RANGER #279,"I-57, EXIT 45 & SR-148",Marion,IL,275,3.379,-88.9294000,37.7257000,city_centroid
5853,71055,LOVES TRAVEL STOP #793,"I-840, EXIT 67 & COUCHVILLE PIKE",Mount Juliet,TN,460,3.25233333,-86.5104500,36.1949000,city_centroid
5854,71056,SPEEDWAY #1044,US-72 & SR-20,Decatur,AL,615,3.42566666,-86.9908000,34.5813000,city_centroid
5855,71057,LOVES TRAVEL STOP #795,US-97/US-26 & HALL RD,Madras,OR,935,3.689,-121.1349000,44.6376000,city_centroid
5856,71058,KWIK TRIP #1090,SR-19 & SR-21,New Prague,MN,448,3.349,-93.5805000,44.5402000,city_centroid
5857,71059,CIRCLE K #2706781,US-17 & SR-200,Yulee,FL,75,3.34233333,-81.5904000,30.6227500,city_centroid
5858,71060,CIRCLE K #2701537,"I-77, EXIT 100 & SR-89",Mount Airy,NC,65,2.859,-80.6119000,36.5007000,city_centroid
5859,71061,CIRCLE K #2702344,US-78 & SR-39,Williston,SC,135,3.799,-81.4161000,33.3926000,city_centroid
5860,71062,MAVERIK COUNTRY STORE #637,"I-70, EXIT 56 & US-89",SALINA,UT,835,3.44233333,-111.8811000,38.9560000,city_centroid
5862,71064,LOVES TRAVEL STOP #798,I-57 EXIT 212,Tuscola,IL,280,3.289,-88.2816000,39.7995000,city_centroid
5863,71064,LOVES TRAVEL STOP #798,I-57 EXIT 212,Tuscola,IL,280,3.389,-88.2816000,39.7995000,city_centroid
5864,71064,LOVES TRAVEL STOP #798,I-57 EXIT 212,Tuscola,IL,280,3.489,-88.2816000,39.7995000,city_centroid
5865,71065,MAVERIK COUNTRY STORE #429,US-40 & SR-121,Roosevelt,UT,835,3.439,-110.0108000,40.3102000,city_centroid
5866,71066,Circle K #2745067,"I-75, EXIT 155",Macon,GA,85,3.089,-83.6622857,32.8193143,city_centroid
5867,71067,7-ELEVEN #41219,I-385 EXIT 9,Laurens,SC,30,3.099,-82.0143000,34.4990000,city_centroid
5868,71071,KWIK TRIP #1074,SR-35,Somerset,WI,448,3.524,-92.6865000,45.1331000,city_centroid
5869,71072,LOVES TRAVEL STOP #801,I-75 EXIT 102,Cordele,GA,10,3.309,-83.7844500,31.9369000,city_centroid
5870,71073,LOVES TRAVEL STOP #803,I-57 EXIT 54B,Marion,IL,540,3.739,-88.9294000,37.7257000,city_centroid
5871,71073,LOVES TRAVEL STOP #803,I-57 EXIT 54B,Marion,IL,540,3.749,-88.9294000,37.7257000,city_centroid
5872,71074,Speedway #7764,SR-72 & SR-25,Dundee,IL,293,3.279,-88.2578570,42.0935280,census
5873,71075,TEXAS TRAVEL CENTER,"I-35, EXIT 277",Jarrell,TX,595,2.83233333,-97.5942000,30.8119000,city_centroid
5874,71076,Kwik Star #589,US-151,Marion,IA,380,3.524,-91.5941000,42.0411000,city_centroid
5875,71077,COMMUNITY CO OPS LAKE PARK,US-10,Lake Park,MN,341,3.509,-96.0670000,46.8176000,city_centroid
5877,71080,BIG INDIAN SMOKE SHOP,I-90 & US-20,Irving,NY,38,2.929,-79.0596000,42.5739000,city_centroid
5878,71080,BIG INDIAN SMOKE SHOP,I-90 & US-20,Irving,NY,38,3.029,-79.0596000,42.5739000,city_centroid
5881,71085,Sunoco,SR-49,Greenville,OH,317,3.599,-84.6342000,40.0987000,city_centroid
5882,71086,THORNTONS #318,SR-59 & SR-38,West Chicago,IL,290,3.649,-88.2031000,41.8867000,city_centroid
5883,71086,THORNTONS #318,SR-59 & SR-38,West Chicago,IL,290,3.699,-88.2031000,41.8867000,city_centroid
5884,71087,HALF SUN TRAVEL PLAZA,"I-90, EXIT 176",Moses Lake,WA,920,4.029,-119.2891000,47.1374000,city_centroid
5885,71087,HALF SUN TRAVEL PLAZA,"I-90, EXIT 176",Moses Lake,WA,920,3.569,-119.2891000,47.1374000,city_centroid
5886,71088,KARDES,US-151,Monticello,IA,335,3.399,-91.1989000,42.2326000,city_centroid
5887,71090,CEFCO #2076,US-60 & SR-207,Panhandle,TX,585,2.94566666,-101.4304000,35.3808000,city_centroid
5888,71091,BREAK TIME #3163,US-63 & CR-M,Moberly,MO,310,3.46233333,-92.4358000,39.4202000,city_centroid
5889,71094,BP,US-63 & SR-137,Eddyville,IA,320,3.379,-92.6221000,41.1533000,city_centroid
5890,71095,HOBO PANTRY #29,US-84/SR-12 & SR-95,Gordon,AL,20,3.659,-85.1234000,31.1002000,city_centroid
5891,71096,GAS N WASH,US-30 & SR-394,Chicago Heights,IL,365,3.499,-87.6130000,41.5074000,city_centroid
5892,71097,THORNTONS #329,"I-55, EXIT 267 & SR-53",Romeoville,IL,290,3.309,-88.0696000,41.6404000,city_centroid
5893,71097,THORNTONS #329,"I-55, EXIT 267 & SR-53",Romeoville,IL,290,3.359,-88.0696000,41.6404000,city_centroid
5894,71098,DANDY MINI MART #74,US-6 & SR-187,Wysox,PA,32,3.999,-76.3994520,41.7741250,census
5895,71099,THORNTONS #336,"I-57, EXIT 335 & SR-50",Monee,IL,365,3.399,-87.7748000,41.4191000,city_centroid
5896,71099,THORNTONS #336,"I-57, EXIT 335 & SR-50",Monee,IL,365,3.349,-87.7748000,41.4191000,city_centroid
5897,71099,THORNTONS #336,"I-57, EXIT 335 & SR-50",Monee,IL,365,3.459,-87.7748000,41.4191000,city_centroid
5898,71099,THORNTONS #336,"I-57, EXIT 335 & SR-50",Monee,IL,365,3.409,-87.7748000,41.4191000,city_centroid
5899,71101,FOOD N FUEL,"I-55, EXIT 244 & SR-53",Elwood,IL,365,3.499,-88.0864000,41.4260000,city_centroid
5900,71101,FOOD N FUEL,"I-55, EXIT 244 & SR-53",Elwood,IL,365,3.599,-88.0864000,41.4260000,city_centroid
5902,71103,FAT DOGS NORTH PLATTE SOUTH,"I-80, EXIT 177 & US-83",North Platte,NE,475,3.074,-100.7607500,41.0895000,city_centroid
5903,71104,SPINX #364,"I-26, EXIT 194",Summerville,SC,475,3.399,-80.1898250,33.0061000,city_centroid
5904,71105,SHEPHERD 700,US-64 & CR-450,Alva,OK,337,3.219,-98.6722000,36.8016000,city_centroid
5906,71107,SPARKYS ONE STOP,"US-20, EXIT 96 & SR-4",Rockwell City,IA,343,3.21566666,-94.6292000,42.3961000,city_centroid
5907,71108,Stuckeyâ€™s Travel Center West,"I-10, EXIT 819 & FM-1663",Anahuac,TX,610,2.80733333,-94.5930000,29.6620000,city_centroid
5908,71109,KWIK TRIP #1067,"SR-13, BETWEEN FAIRWAY & TRINITY DR",Phillips,WI,295,3.31566666,-90.4169300,45.7077400,census
5909,71110,KWIK TRIP #1121,"I-94 & SR-26, EXIT 267",Watertown,WI,420,3.289,-88.7169500,43.2347000,city_centroid
5910,71111,MAPCO #5167,"I-59, EXIT 21B & SR-35",Fort Payne,AL,285,3.479,-85.7390500,34.4633000,city_centroid
5911,71112,BERKSHIRE ENERGY,"I-91, EXIT 8 & SR-80",New Haven,CT,100,3.549,-72.9253125,41.3166750,city_centroid
5912,71113,PLATEU TRAVEL PLAZA,"I-95, EXIT 39A & US-1",Madras,OR,935,3.359,-121.1349000,44.6376000,city_centroid
5913,71114,SHEETZ #672,"I-95, EXIT 11B & SR-606",Woodford,VA,180,2.899,-77.4399000,38.0847000,city_centroid
5914,71115,FASTBREAK #6,US-50/US-151 & US-41,Vincennes,IN,510,4.039,-87.5098000,38.6734000,city_centroid
5915,71116,CEFCO #101,US-59 & SR-49,Jefferson,TX,766,2.899,-94.3655000,32.8059000,city_centroid
5917,71118,THORNTONS #0331,"I-35/US-51, EXIT 3 & CR-9",Roscoe,IL,520,3.469,-88.9943000,42.4217000,city_centroid
5918,71118,THORNTONS #0331,"I-35/US-51, EXIT 3 & CR-9",Roscoe,IL,520,3.419,-88.9943000,42.4217000,city_centroid
5919,71119,PARKER'S #69 (DISCOUNT AVAILABLE),"I-95/SR-405, EXIT 102 & US-80",Pooler,GA,195,3.12233333,-81.2520000,32.1149000,city_centroid
5920,71120,GAS PRO TRAVEL CENTER,US-25 & SR-56,Waynesboro,GA,135,3.799,-81.9908000,33.1013000,city_centroid
5921,71121,HAT CREEK TRAVEL,"I-10/US-70, EXIT 82A & US-180",Deming,NM,640,2.919,-107.7435000,32.2358000,city_centroid
5922,71123,ONE9 XPRESS FUEL #1264,"I-10, EXIT 203",Eloy,AZ,930,3.139,-111.5833000,32.7509000,city_centroid
5923,71123,XPRESS FUEL DBA ONE9 #1264,"I-10, EXIT 203",Eloy,AZ,930,3.139,-111.5833000,32.7509000,city_centroid
5925,71126,QUIKTRIP #1177,I-77 & US-21,Blythewood,SC,46,3.07566666,-80.9758000,34.1911000,city_centroid
5926,71127,QUIKTRIP #4044,"I-10, EXIT 609",Seguin,TX,740,2.94566666,-97.9670000,29.5865500,city_centroid
5928,71131,7-ELEVEN #38816,"I-85, EXIT 66 & US-29",Spartanburg,SC,210,3.30566666,-81.8951714,34.9361714,city_centroid
5929,71132,CEFCO #104,US-259 & SR-315,Mount Enterprise,TX,618,2.959,-94.6235000,31.9125000,city_centroid
5930,71133,AMIGOS TRAVEL CENTER,"I-35, EXIT 85 & FM-117",Dilley,TX,740,3.399,-99.1747000,28.6782000,city_centroid
5931,71134,ALLSUPS CONVENIENCE STORE #2376,US-54/US-285 & US-60,Vaughn,NM,580,3.499,-105.1926000,34.6241000,city_centroid
5932,71136,CIRCLE K #2706788,"I-795, EXIT 22 & US-70, EXIT 356",Goldsboro,NC,205,3.39233333,-78.0079500,35.3624250,city_centroid
5933,71138,LUMMI BAY MARKET,"I-5, EXIT 260",Bellingham,WA,850,3.759,-122.4585250,48.7503000,city_centroid
5934,71139,GAS N WASH,SR-47 & CR-9,Yorkville,IL,290,3.599,-88.4438000,41.6387000,city_centroid
5935,71140,BP,"I-94, EXIT 267 & SR-26, EXIT 30",Jefferson,WI,420,3.209,-88.8078000,43.0006000,city_centroid
5936,71141,CASEYS #3901,"I-55, EXIT 178 & CR-23",Lexington,IL,368,3.339,-88.8062000,40.6357000,city_centroid
5937,71141,CASEYS #3901,"I-55, EXIT 178 & CR-23",Lexington,IL,368,3.359,-88.8062000,40.6357000,city_centroid
5938,71142,LOVES TRAVEL STOP #775,US-20 & SR-2,Rockford,IL,520,3.349,-89.0676182,42.2736818,city_centroid
5939,71142,LOVES TRAVEL STOP #775,US-20 & SR-2,Rockford,IL,520,3.289,-89.0676182,42.2736818,city_centroid
5940,71142,LOVES TRAVEL STOP #775,US-20 & SR-2,Rockford,IL,520,3.229,-89.0676182,42.2736818,city_centroid
5941,71142,LOVES TRAVEL STOP #775,US-20 & SR-2,Rockford,IL,520,3.269,-89.0676182,42.2736818,city_centroid
5942,71143,CASEYS #3904,SR-141,Manning,IA,319,3.209,-95.0556000,41.9072000,city_centroid
5943,71144,CASEYS #3675,US-12 & US-75,Ortonville,MN,250,3.379,-96.4596000,45.3296000,city_centroid
5944,71145,CASEYS #3905,I-74/US-421 EXIT 113,Shelbyville,IN,372,3.599,-85.7875000,39.5043000,city_centroid
5945,71146,CASEYS #2968,US-34,Eagle,NE,413,3.239,-96.4290000,40.8169000,city_centroid
5946,71147,CASEYS #3910,US-177 & SR-33,Perkins,OK,560,3.01566666,-97.0441000,35.9768000,city_centroid
5947,71148,CASEYS #1892,US-65,Sheffield,IA,433,3.15233333,-93.2156000,42.8779000,city_centroid
5948,71149,KOUNTRY KORNER,SR-20,Mount Pleasant,MI,260,3.619,-84.8227667,43.6022000,city_centroid
5949,71150,LOVES TRAVEL STOP #812,"I-84, EXIT 141",Bliss,ID,785,3.78566666,-114.9104000,42.9449000,city_centroid
5950,71151,LOVES TRAVEL STOP #880,US-50 & SR-130,Olney,IL,510,3.289,-88.0809000,38.7334000,city_centroid
5951,71151,LOVES TRAVEL STOP #880,US-50 & SR-130,Olney,IL,510,3.189,-88.0809000,38.7334000,city_centroid
5952,71151,LOVES TRAVEL STOP #880,US-50 & SR-130,Olney,IL,510,3.389,-88.0809000,38.7334000,city_centroid
5953,71151,LOVES TRAVEL STOP #880,US-50 & SR-130,Olney,IL,510,3.339,-88.0809000,38.7334000,city_centroid
5954,71152,LOVES TRAVEL STOP #841,"US-24, EXIT 41",Napoleon,OH,550,3.705,-84.1433000,41.3910000,city_centroid
5955,71152,LOVES TRAVEL STOPS #841,"US-24, EXIT 41",Napoleon,OH,550,3.689,-84.1433000,41.3910000,city_centroid
5956,71153,KWIK TRIP #1083,SR-35,Osceola,WI,451,3.499,-92.6971000,45.3218000,city_centroid
5957,71154,KWIK TRIP #489,CR-3,DUNDAS,MN,448,3.499,-93.2037000,44.3955000,city_centroid
5958,71155,KWIK TRIP #1124,"SR-16, EXIT 184",Sussex,WI,444,3.37733333,-88.2271000,43.1441000,city_centroid
5959,71158,CIRCLE K #2707533,"SR-570, EXIT 3 & SR-572",Lakeland,FL,225,3.53233333,-81.9670364,28.0435273,city_centroid
5960,71160,CIRCLE K #4706316,"I-96, EXIT 46 & SR-6, EXIT 15",Caledonia,MI,371,3.699,-85.5244000,42.8187000,city_centroid
5961,71160,CIRCLE K #4706316,"I-96, EXIT 46 & SR-6, EXIT 15",Caledonia,MI,371,3.639,-85.5244000,42.8187000,city_centroid
5962,71161,CIRCLE K #2720931,"I-95, EXIT 107 & US-301",Kenly,NC,205,3.149,-78.1382000,35.6077000,city_centroid
5963,71162,CIRCLE K #4705694,US-20 & CR-245,Norwalk,OH,305,3.614,-82.6078000,41.2403000,city_centroid
5964,71163,DANDY MINI MART #68,"I-86/SR-17, EXIT 51A & CR-64",Elmira,NY,32,3.899,-76.8188000,42.1055400,city_centroid
5965,71164,DANDY MINI MART #59,SR-287,Middlebury Center,PA,138,3.999,-77.3128000,41.8664000,city_centroid
5966,71165,PALMETTO EXPRESS #115,"I-26, EXIT 125 & US-176",Gaston,SC,135,3.199,-81.1174000,33.8337000,city_centroid
5967,71166,MAVERIK COUNTRY STORE #616,US-50,Montrose,CO,810,3.39566666,-107.8997667,38.4377000,city_centroid
5968,71167,LOVES TRAVEL STOP #768,"I-55, EXIT 247",Channahon,IL,290,3.489,-88.2138000,41.4347000,city_centroid
5969,71167,LOVES TRAVEL STOP #768,"I-55, EXIT 247",Channahon,IL,290,3.349,-88.2138000,41.4347000,city_centroid
5970,71167,LOVES TRAVEL STOP #768,"I-55, EXIT 247",Channahon,IL,290,3.449,-88.2138000,41.4347000,city_centroid
5971,71167,LOVES TRAVEL STOP #768,"I-55, EXIT 247",Channahon,IL,290,3.389,-88.2138000,41.4347000,city_centroid
5972,71167,LOVES TRAVEL STOP #768,"I-55, EXIT 247",Channahon,IL,290,3.549,-88.2138000,41.4347000,city_centroid
5973,71168,LOVES TRAVEL STOP #797,"I-80, EXIT 176",Winnemucca,NV,966,3.744,-117.7534500,41.0214000,city_centroid
5974,71169,LOVES TRAVEL STOP #879,"I-69 EXIT,286 & US-24 & SR-9",Huntington,IN,370,3.50066666,-85.5054000,40.8811000,city_centroid
5975,71170,LOVES TRAVEL STOP #849,"I-94, EXIT 292 & CR-21",Valley City,ND,390,3.969,-98.0033000,46.9268000,city_centroid
5976,71171,TEXSTAR TRAVEL CENTER,I-35 EXIT 302,Temple,TX,765,2.91233333,-97.3802400,31.0685000,city_centroid
5977,71172,ZIPPY JS #18,CR-577 & CR-80,Brenham,TX,670,3.199,-96.4002500,30.1721500,city_centroid
5978,71173,ENMARKET #828,"I-95/SR-405, EXIT 102 & US-80",Pooler,GA,195,3.08233333,-81.2520000,32.1149000,city_centroid
5979,71176,QUIKTRIP #1710,US-23/SR-365,Gainesville,GA,16,3.34566666,-83.8630400,34.3080600,city_centroid
5980,71177,COMO TRAVEL CENTER,"I-55, EXIT 257 & SR-310",Como,MS,435,3.079,-89.9155000,34.5137000,city_centroid
5981,71179,7-ELEVEN #41332,"I-26, EXIT 76 & SR-219",Newberry,SC,210,3.33233333,-81.6157000,34.2847000,city_centroid
5982,71181,7-ELEVEN #38637,"I-85, EXIT 72 & I-585/US-176",Spartanburg,SC,210,3.11566666,-81.8951714,34.9361714,city_centroid
5983,71185,SHEETZ #698,"I-78/US-22, EXIT 45 & SR-863",Kutztown,PA,90,3.329,-75.7774000,40.5214000,city_centroid
5984,71186,7-ELEVEN #36837,US-29 & SR-904,Anderson,SC,30,3.089,-82.7018500,34.4819333,city_centroid
5985,71187,KWIK TRIP #1041,SR-11 & CR-H,Sturtevant,WI,444,3.794,-87.9146040,42.6982800,census
5986,71188,QUIKTRIP #1722,"I-75, EXIT 153",Macon,GA,85,3.089,-83.6622857,32.8193143,city_centroid
5987,71189,QUIKTRIP #1198,"I-20, EXIT 55",Lexington,SC,135,3.129,-81.2357333,33.9390333,city_centroid
5988,71190,LOVES TRAVEL STOPS #888,"I-80/US-30, EXIT 85 & SR-374",Green River,WY,835,3.589,-109.4714000,41.5196000,city_centroid
5989,71190,LOVES TRAVEL STOP #888,"I-80/US-30, EXIT 85 & SR-374",Green River,WY,835,3.707,-109.4714000,41.5196000,city_centroid
5990,71191,MAVERIK COUNTRY STORE #631,I-80/5600 WEST,Salt Lake City,UT,835,3.459,-111.8778419,40.7262129,city_centroid
5991,71193,ASAP GENERAL STORE #308,US-60 & SR-123,Bartlesville,OK,560,3.191,-95.9480000,36.7348250,city_centroid
5992,71194,ASAP GENERAL STORE #104,"I-40, EXIT 84 & US-54",Weatherford,OK,483,3.13233333,-98.6996000,35.5350000,city_centroid
5993,71195,ASAP GENERAL STORE #301,"I-40, EXIT 108 & US-281/SR-8",Geary,OK,483,3.13233333,-98.3905000,35.6217000,city_centroid
5994,71196,ASAP GENERAL STORE #302,SR-33 & SR 54,Thomas,OK,483,3.13233333,-98.7388000,35.7382000,city_centroid
5995,71197,ASAP GENERAL STORE #304,US-60/SR-51 & US-283,Arnett,OK,483,3.23233333,-99.6514000,36.0522000,city_centroid
5996,71198,LOVES TRAVEL STOP #844,"I-90, EXIT 233 & SR-74",Saint Charles,MN,515,3.569,-92.0517000,43.9585000,city_centroid
5997,71199,LOVES TRAVEL STOP #814,"I-22, EXIT 14 & CR-35",Hamilton,AL,576,3.55566666,-88.0085000,34.1534000,city_centroid
6000,71202,QUIKTRIP #1181,"I-26, EXIT 154B & US-301",Orangeburg,SC,42,3.23566666,-80.8660750,33.5144250,city_centroid
6001,71206,JACKSONS FOOD STORES #138,US-95/SR-339 & SR-208,Yerington,NV,966,3.679,-119.1903175,38.8317420,census
6002,71207,GAS N WASH,"I-80, EXIT 148B & SR-43",Tinley Park,IL,365,3.679,-87.8196000,41.5730500,city_centroid
6003,71207,GAS N WASH,"I-80, EXIT 148B & SR-43",Tinley Park,IL,365,3.499,-87.8196000,41.5730500,city_centroid
6004,71207,GAS N WASH,"I-80, EXIT 148B & SR-43",Tinley Park,IL,365,3.599,-87.8196000,41.5730500,city_centroid
6006,71209,RACETRAC #2529,"I-75, EXIT 285 & SR-52",San Antonio,FL,225,3.31566666,-82.2882000,28.3371000,city_centroid
6008,71211,KUM & GO #0138,US-67,Jacksonville,AR,695,3.099,-92.1260000,34.8926000,city_centroid
6009,71212,KUM & GO #0426,BUS-71,Springdale,AR,735,3.149,-94.1253250,36.1785750,city_centroid
6010,71213,KUM & GO #0429,US-62,Rogers,AR,735,3.009,-94.1292667,36.3284000,city_centroid
6011,71214,MAVERIK #5317,"I-76, EXIT 22",Brighton,CO,800,3.234,-104.8228000,39.9527000,city_centroid
6012,71215,MAVERIK #5319,SR-392 & SR-257,Windsor,CO,800,3.159,-104.9004000,40.4806000,city_centroid
6013,71216,Maverik Country Store #5337,"I-35, EXIT 102 & SR-210",Huxley,IA,320,3.09233333,-93.6024000,41.8994000,city_centroid
6014,71217,KUM & GO #0185,US-65,Bondurant,IA,320,3.095,-93.4527000,41.7017000,city_centroid
6015,71218,KUM & GO #1435,US-65,Fair Grove,MO,535,3.15566666,-93.1428000,37.3721000,city_centroid
6016,71219,KUM & GO #1568,"I-44, EXIT 156",Waynesville,MO,535,3.099,-92.2105000,37.7676000,city_centroid
6018,71223,SCOOBA JUNCTION,US-45 & SR-16,Scooba,MS,705,3.21566666,-88.4883000,32.8402000,city_centroid
6019,71227,TEX BEST #529,SR-16 & SR-1604,Von Ormy,TX,740,3.049,-98.6677000,29.2750000,city_centroid
6020,71228,SHELL,"I-80, EXIT 279 & SR-10",Gibbon,NE,330,3.299,-98.8543000,40.7444000,city_centroid
6021,71229,THE PRIDE OF PALATINE,"I-90, EXIT 65 & SR-62",Palatine,IL,290,3.399,-88.0285500,42.1170000,city_centroid
6022,71230,THE PRIDE OF LAKE COUNTY,US-12 & SR-53,Lake Zurich,IL,290,3.349,-88.0769000,42.2165000,city_centroid
6023,71232,GATEWAY TRAVEL CENTER,US-16 & US-85,Newcastle,WY,822,3.324,-104.1843370,43.8488730,census
6024,71233,Fuel America Travel Center #2,"I-35, EXIT 32",Encinal,TX,693,3.049,-99.3563000,28.0405000,city_centroid
6025,71234,CHEVRON #352305,I-610 & SR-47,Chalmette,LA,725,3.139,-89.9562500,29.9571000,city_centroid
6026,71239,CASEYS #3926,"I-29, EXIT 84 & SR-118",Mound City,MO,400,3.15733333,-95.2138000,40.1362000,city_centroid
6027,71240,LOVES TRAVEL STOP #764,I-24 EXIT 117,Hillsboro,TN,285,3.32566666,-85.9724000,35.3699000,city_centroid
6028,71241,WEIGLES #58,"I-40, Exit 356A & SR-58",Kingston,TN,405,3.169,-84.4971000,35.8528000,city_centroid
6029,71242,LAST STOP TRAVEL CENTER,US-93,Willow Beach,AZ,910,3.49566666,-114.5001000,35.7759000,city_centroid
6030,71244,MAVERIK COUNTRY STORE #644,"I-84/I-15, EXIT 344 & SR-39",Ogden,UT,835,3.37233333,-111.9692778,41.2324889,city_centroid
6033,71247,LOVES TRAVEL STOP #848,"I-59, Exit 104",Sandersville,MS,705,3.16233333,-89.0414000,31.7909000,city_centroid
6034,71248,RACETRAC #2560,"I-4, EXIT-55",Davenport,FL,140,3.289,-81.6386750,28.2319500,city_centroid
6035,71249,RACETRAC #2589,"I-20, EXIT 185",Oxford,AL,587,2.999,-85.8328000,33.5815000,city_centroid
6036,71250,NAVAJO BLUE TRAVEL CENTER,I-40 EXIT 219,Flagstaff,AZ,930,3.609,-111.6415750,35.1910500,city_centroid
6037,71251,RUTTERS #91,US-30 & SR-772,Gap,PA,208,4.199,-75.9978000,40.0020000,city_centroid
6038,71252,QUIKTRIP #1178,"I-26, EXIT 54 & SR-72",Clinton,SC,210,3.099,-81.8772000,34.4707000,city_centroid
6039,71253,QUIKTRIP #4066,"I-35, EXIT 122 & SR-173",Devine,TX,740,2.96566666,-98.9090000,29.1521000,city_centroid
6040,71255,Fuel N Treat,"I-70/US-40, EXIT 84 & CR-J",Nelson,MO,401,3.284,-93.0311000,39.0104000,city_centroid
6041,71256,SIGNAL FOOD STORE #120,US-60,Seymour,MO,535,3.02566666,-92.7857000,37.1667000,city_centroid
6042,71257,FARMERS UNION SOUTHERN VALLEY,US-75 & SR-210,Wahpeton,ND,341,3.499,-96.6687000,46.2912000,city_centroid
6043,71259,LOVES TRAVEL STOP #846,I-10 EXIT 10,Irvington,AL,715,3.16566666,-88.2396000,30.4802000,city_centroid
6044,71260,LOVES TRAVEL STOP #881,US HWY 224 & OH 225,Diamond,OH,573,3.45233333,-81.0425000,41.0935000,city_centroid
6045,71261,Una Travel Center,I-94 EXIT 228,Roseville,MI,325,3.899,-82.9387000,42.5034000,city_centroid
6046,71262,LOVES TRAVEL STOP #892,"I-70, EXIT 118 & SR-310",Etna,OH,315,3.46066666,-82.6837000,39.9572000,city_centroid
6047,71263,Loves Travel Stop # 660,"I-25, Exit 49",Walsenburg,CO,796,4.249,-104.7798000,37.6465000,city_centroid
6049,71265,U SAVE FOOD STORES 1,SR-39/SR-55,Richwood,WV,44,3.599,-80.5445000,38.2230000,city_centroid
6050,71266,LOVES TRAVEL STOP #787,"I-81, EXIT 30 & SR-70",Mosheim,TN,405,3.55566666,-82.9674000,36.1839000,city_centroid
6051,71267,LOVES TRAVEL STOP #878,"US-131/SR-43, EXIT 44",Kalamazoo,MI,431,3.649,-85.5841333,42.2910333,city_centroid
6052,71267,LOVES TRAVEL STOP #878,"US-131/SR-43, EXIT 44",Kalamazoo,MI,431,3.589,-85.5841333,42.2910333,city_centroid
6053,71267,LOVES TRAVEL STOP #878,"US-131/SR-43, EXIT 44",Kalamazoo,MI,431,3.689,-85.5841333,42.2910333,city_centroid
6054,71268,MAVERIK COUNTRY STORE #650,SR 85 & W 900 S,West Jordan,UT,835,3.43233333,-111.9910667,40.6083333,city_centroid
6055,71269,Maverik Country Store #652,I-84 & SR 79,Jerome,ID,787,3.394,-114.5012000,42.7178000,city_centroid
6056,71270,QUIKTRIP #7904,I-20 EXIT 285,Abilene,TX,575,2.87566666,-99.7410125,32.4460250,city_centroid
6057,71271,MAVERIK COUNTRY STORE #672,SR-69,Dewey,AZ,930,3.219,-112.2567000,34.5368000,city_centroid
6058,71275,ALLSUPS CONVENIENCE STORE #2272,US-67/US-84,Bangs,TX,575,2.93233333,-99.1568000,31.7503000,city_centroid
6059,71276,Circle K #2706617,I-4 EXIT 28,Lakeland,FL,225,3.25066666,-81.9670364,28.0435273,city_centroid
6061,71278,Kwik Trip #1506,SR-26,Fort Atkinson,WI,420,3.57733333,-88.8467000,42.9229000,city_centroid
6062,71281,Pride (One9 Fuel Network) #1213,"I-40, Exit 25",Yucca,AZ,910,3.559,-114.1494000,34.8722000,city_centroid
6063,71281,Pride Travel Center dba One9 #1213,"I-40, Exit 25",Yucca,AZ,910,3.559,-114.1494000,34.8722000,city_centroid
6064,71282,QuikTrip #4128,SR-71,Bastrop,TX,595,2.96566666,-97.2921000,30.1388000,city_centroid
6065,71283,QUIKTRIP #7135,US-17,Hardeeville,SC,195,2.999,-81.0669000,32.2635000,city_centroid
6066,71284,Loves Travel Stop #889,"I-22, Exit 30",Holly Springs,MS,435,3.31566666,-89.4692000,34.7573500,city_centroid
6068,71286,RACETRAC #2323,I-75 EXIT 128,Fort Myers,FL,225,3.299,-81.8459000,26.5625000,city_centroid
6069,71287,RACETRAC #482,I-310 EXIT 2A,Saint Rose,LA,725,3.12566666,-90.3124000,29.9581000,city_centroid
6070,71288,SHEETZ #700,"I-270, EXIT 49 & SR-317",Groveport,OH,315,3.059,-82.9300667,39.8961667,city_centroid
6071,71289,7-ELEVEN #38835,I-75 EXIT 139,Fort Myers,FL,225,3.599,-81.8459000,26.5625000,city_centroid
6072,71290,LOVES TRAVEL STOP #808,"US-19/SR-3, EXIT 3 & US-82",Albany,GA,10,3.789,-84.1645889,31.5641444,city_centroid
6073,71291,HUCKS FOOD & FUEL #351 DBA ONE9 #1286,"I-57, Exit 116",Salem,IL,574,3.239,-88.9481000,38.6264000,city_centroid
6074,71291,HUCKS FOOD & FUEL #351 DBA ONE9 #1286,"I-57, Exit 116",Salem,IL,574,3.139,-88.9481000,38.6264000,city_centroid
6075,71291,HUCKS FOOD & FUEL #351,"I-57, Exit 116",Salem,IL,574,3.139,-88.9481000,38.6264000,city_centroid
6076,71291,HUCKS FOOD & FUEL #351,"I-57, Exit 116",Salem,IL,574,3.099,-88.9481000,38.6264000,city_centroid
6077,71295,MOUNTAINEER MART #33,US-33/119,Buckhannon,WV,44,3.899,-80.2407000,38.9755000,city_centroid
6078,71298,QUIKTRIP #1923,"I-45, EXIT 229",Corsicana,TX,641,2.849,-96.4565333,32.0476333,city_centroid
6079,71299,QUIKTRIP #7903,"I-35, EXIT 331",Waco,TX,765,2.95566666,-97.1492583,31.5548417,city_centroid
6080,71300,SPEEDWAY #1407,"I-94, EXIT 145",Jackson,MI,385,3.599,-84.4025750,42.2482000,city_centroid
6081,71300,SPEEDWAY #1407,"I-94, EXIT 145",Jackson,MI,385,3.549,-84.4025750,42.2482000,city_centroid
6082,71301,Atlanta IL Visitors Center,I-55 EXIT 140,Atlanta,IL,280,3.399,-89.2300000,40.2586000,city_centroid
6083,71302,KWIK STAR #1107,I-380 EXIT 18,Cedar Rapids,IA,380,3.574,-91.6634000,42.0058625,city_centroid
6084,71303,KWIK TRIP #1132,SR-21,Omro,WI,582,3.37733333,-88.7519000,44.0357000,city_centroid
6085,71305,AMIGO'S COUNTRY STORE,"I-35, EXIT 122 & SR-173",Devine,TX,740,3.099,-98.9090000,29.1521000,city_centroid
6086,71307,Speedway #1221,"I-24/69, EXIT 27 & US-62",Calvert City,KY,415,3.449,-88.3811000,37.0147000,city_centroid
6087,71308,QUIKTRIP #7145,"I-40, EXIT 239A",Lebanon,TN,460,2.91566666,-86.2855000,36.1788000,city_centroid
6088,71309,SUGAR CROSSING CONVENIENCE,US-33 & CR-63,Lancaster,OH,315,3.38233333,-82.6031000,39.7187000,city_centroid
6089,71310,CIRCLE K #2722120,US-441/27,Summerfield,FL,140,3.52566666,-82.0243000,29.0046000,city_centroid
6090,71311,CIRCLE K #708,"I-85, EXIT 64 & US-29",Opelika,AL,50,3.26566666,-85.3464333,32.6001333,city_centroid
6091,71313,LOVES TRAVEL STOP #821,"US-70, Exit W Main St",Durant,OK,253,3.489,-96.2882500,33.9640500,city_centroid
6092,71314,Loves Travel Stop #806,I-20 Exit 124,Monroe,LA,760,3.16733333,-92.0942429,32.5011143,city_centroid
6093,71315,KWIK TRIP #1062,SR-33,West Bend,WI,444,3.55566666,-88.1904000,43.4331000,city_centroid
6094,71316,KWIK TRIP #1084,SR-97,Marshfield,WI,395,3.47566666,-90.1751000,44.6652000,city_centroid
6095,71318,LOVES TRAVEL STOP #800,SR-83,Elk Grove Village,IL,290,3.449,-87.9817000,42.0057500,city_centroid
6096,71318,LOVES TRAVEL STOP #800,SR-83,Elk Grove Village,IL,290,3.379,-87.9817000,42.0057500,city_centroid
6097,71318,LOVES TRAVEL STOP #800,SR-83,Elk Grove Village,IL,290,3.489,-87.9817000,42.0057500,city_centroid
6098,71318,LOVES TRAVEL STOP #800,SR-83,Elk Grove Village,IL,290,3.549,-87.9817000,42.0057500,city_centroid
6099,71318,LOVES TRAVEL STOP #800,SR-83,Elk Grove Village,IL,290,3.649,-87.9817000,42.0057500,city_centroid
6100,71318,LOVES TRAVEL STOP #800,SR-83,Elk Grove Village,IL,290,3.589,-87.9817000,42.0057500,city_centroid
6101,71319,LOVES TRAVEL STOP #868,"I-95, EXIT 223",Mims,FL,143,3.689,-80.8663000,28.6974000,city_centroid
6102,71320,TA EXPRESS EDGERTON #284,I-35 EXIT 205,Edgerton,KS,400,3.699,-95.0094000,38.7811000,city_centroid
6103,71321,Kwik Star #1119,US-18,Emmetsburg,IA,433,3.449,-94.6825000,43.1082000,city_centroid
6104,71322,KWIK TRIP #1101,US-141,Crivitz,WI,582,3.304,-88.0780000,45.2617000,city_centroid
6105,71323,MAVERIK COUNTRY STORE #517,SR-114 & E MILL RD,Orem,UT,835,3.44066666,-111.6556750,40.2673500,city_centroid
6106,71324,7-ELEVEN #38992,"I-85/US-29, EXIT 40 & I-185, EXIT 12",Piedmont,SC,30,3.499,-82.4702000,34.7244000,city_centroid
6107,71325,QUIKTRIP #7223,"I-20, EXIT 23 & SR-782-2",Bossier City,LA,745,2.89233333,-93.6804000,32.5436250,city_centroid
6108,71326,CIRCLE K #4705730,"I-480 & SR-82, EXIT 36",Twinsburg,OH,249,3.989,-81.4559000,41.3289000,city_centroid
6110,71328,IRVING,US-1,Norwood,MA,170,3.694,-71.2033000,42.1868000,city_centroid
6111,71329,SPEEDWAY #1439,I-20 Exit 100,Mc Calla,AL,615,2.90233333,-87.1024000,33.2845000,city_centroid
6112,71330,JORDAN MINI MART,SR- 31 & CR-59,Jordan,NY,220,3.799,-76.4598000,43.0651000,city_centroid
6113,71330,JORDAN MINI MART,SR- 31 & CR-59,Jordan,NY,220,3.859,-76.4598000,43.0651000,city_centroid
6114,71331,KWIK TRIP #1106,SR-13 & SR-64,Medford,WI,395,3.42233333,-90.3503000,45.1512000,city_centroid
6115,71332,ALLSUPS CONVENIENCE STORE #2308,SR-128 & SR-18,Jal,NM,710,3.129,-103.1997000,32.1128000,city_centroid
6116,71333,ALLSUPS CONVENIENCE STORE #2105,"I-20, EXIT 332 & US-183",Cisco,TX,575,2.929,-98.9705160,32.3740910,census
6117,71334,ALLSUPS CONVENIENCE STORE #2278,SR-302 & SR-18,Kermit,TX,710,3.089,-103.0865830,31.8474590,census
6118,71335,ALLSUPS CONVENIENCE STORE #2367,"I-27/US-87, EXIT 49B & US-70",Plainview,TX,585,2.909,-101.7764500,34.1325500,city_centroid
6119,71336,ALLSUPS CONVENIENCE STORE #2180,US-84 & US-180,Snyder,TX,612,2.98566666,-100.9175500,32.7315000,city_centroid
6120,71337,ALLSUPS CONVENIENCE STORE #2229,US-377 & SR-108,Stephenville,TX,630,3.159,-98.2152000,32.2183500,city_centroid
6121,71338,KWIK TRIP #755,US-18,Fennimore,WI,335,3.424,-90.6550000,42.9886000,city_centroid
6122,71339,CASEYS #3934,"I-35, EXIT 89 & CO-R6F",Ankeny,IA,320,3.099,-93.5974000,41.7203000,city_centroid
6123,71340,KWIK TRIP #180,US-14/SR-68,New Ulm,MN,425,3.349,-94.4644000,44.3044000,city_centroid
6124,71341,QUIKTRIP #7147,"I-40, EXIT 172 & SR-46",Dickson,TN,460,2.91566666,-87.3762500,36.1114500,city_centroid
6125,71342,CASEYS #3505,US-212,Stewart,MN,425,3.369,-94.4516000,44.7259000,city_centroid
6126,71343,ALLSUPS CONVENIENCE STORE #2014,US-377/US-67,Dublin,TX,630,3.159,-98.3455000,32.0909000,city_centroid
6127,71344,ALLSUPS CONVENIENCE STORE #2061,US-84 & US-380,Post,TX,700,2.944,-101.3922000,33.2017000,city_centroid
6128,71345,ALLSUPS CONVENIENCE STORE #2084,US-377 & CR-234,Brownwood,TX,575,2.949,-99.0418000,31.7748000,city_centroid
6129,71346,ALLSUPS CONVENIENCE STORE #2094,US-277 & US-83,Abilene,TX,575,2.889,-99.7410125,32.4460250,city_centroid
6130,71347,ALLSUPS CONVENIENCE STORE #2128,"I-20, EXIT 301 & CR-276",Clyde,TX,575,2.889,-99.4691083,32.4087725,census
6131,71348,ALLSUPS CONVENIENCE STORE #2142,US-62/US-180,Hobbs,NM,593,3.38233333,-103.1621000,32.7457000,city_centroid
6132,71349,ALLSUPS CONVENIENCE STORE #2204,SR-115 & CR-201,Wink,TX,710,3.089,-103.1561000,31.7527000,city_centroid
6133,71350,ALLSUPS CONVENIENCE STORE #2206,US-385 & SR-176,Andrews,TX,710,3.39233333,-102.5409000,32.3201000,city_centroid
6134,71351,ALLSUPS CONVENIENCE STORE #2207,US-377/US-67 & SR-36,Comanche,TX,575,3.159,-98.6082000,31.9116000,city_centroid
6135,71352,ALLSUPS CONVENIENCE STORE #2223,US-285 & SR-357,Artesia,NM,700,3.399,-104.3677500,32.7960000,city_centroid
6136,71353,ALLSUPS CONVENIENCE STORE #2246,US-84 & SR-268,Melrose,NM,585,3.81233333,-103.6325000,34.4479000,city_centroid
6137,71354,ALLSUPS CONVENIENCE STORE #2247,US-377 & SR-16,Comanche,TX,575,3.16233333,-98.6082000,31.9116000,city_centroid
6138,71355,ALLSUPS CONVENIENCE STORE #2249,US-377 & US-281,Stephenville,TX,630,3.159,-98.2152000,32.2183500,city_centroid
6139,71356,ALLSUPS CONVENIENCE STORE #2266,I-20 & US-285,Pecos,TX,710,3.379,-103.5791000,31.4467000,city_centroid
6140,71357,ALLSUPS CONVENIENCE STORE #2279,SR-115 & SR-18,Kermit,TX,710,3.089,-103.0913000,31.8550000,city_centroid
6141,71358,ALLSUPS CONVENIENCE STORE #2285,US-285 & US-62,Carlsbad,NM,593,3.194,-104.2666000,32.3769500,city_centroid
6142,71359,ALLSUPS CONVENIENCE STORE #2350,"I-20, EXIT 285 & US-83",Abilene,TX,575,2.87566666,-99.7410125,32.4460250,city_centroid
6143,71360,ALLSUPS CONVENIENCE STORE #2353,US-76/US-277,San Angelo,TX,612,3.19566666,-100.4454800,31.4593600,city_centroid
6144,71361,ALLSUPS CONVENIENCE STORE #2358,US-277/US-87,Wall,TX,612,3.20566666,-100.3076000,31.3741000,city_centroid
6145,71362,ALLSUPS CONVENIENCE STORE #2359,US-377/US-67 & CR-498,Stephenville,TX,630,3.159,-98.2152000,32.2183500,city_centroid
6146,71363,ALLSUPS CONVENIENCE STORE #2360,FM-988 & FM-8,Stephenville,TX,630,3.159,-98.2152000,32.2183500,city_centroid
6147,71364,QUICK FUEL #3188,I-75,Sidney,OH,317,3.33233333,-84.1588500,40.2858000,city_centroid
6148,71365,COLES BP,SR 49,Brownsville,WI,582,3.099,-88.5230000,43.6028000,city_centroid
6149,71366,AMOCO,SR 31,Kenosha,WI,444,3.719,-87.8455800,42.5826800,city_centroid
6150,71367,ROAD RANGER #280,"I-20, EXIT 79 & SR-464",Monahans,TX,710,3.459,-102.9003000,31.5813000,city_centroid
6151,71368,Kwik Star #1071,I-280 E and US-61 N,Davenport,IA,270,3.324,-90.5874000,41.5517714,city_centroid
6153,71370,MAVERIK COUNTRY STORE #645,"I-40, Exit 16",Gallup,NM,580,3.159,-108.7515000,35.4948333,city_centroid
6154,71371,BREAK TIME #3167,US-65 & HWY-HH,Sedalia,MO,310,3.294,-93.2260940,38.7420000,census
6155,71372,Simonson Station,US-71 & SR-34,Park Rapids,MN,458,3.599,-95.0383000,46.9377000,city_centroid
6156,71376,7-ELEVEN #41127,SR-29,Labelle,FL,95,3.559,-81.4364000,26.7477000,city_centroid
6157,71377,7-ELEVEN #38485,I-76 Exit 25,Brighton,CO,800,3.599,-104.8228000,39.9527000,city_centroid
6160,71381,KWIK TRIP #1112,US-63 & SR-77,Hayward,WI,295,3.639,-91.2783000,45.9552000,city_centroid
6161,71382,KWIK TRIP #346,US-151 BUS & CR-G/CR-D,Beaver Dam,WI,582,3.19566666,-88.8912320,43.4273560,census
6162,71383,Caseys #3940,I-69 & SR 4,Ashley,IN,465,3.59733333,-85.0504000,41.5347000,city_centroid
6163,71384,CASEYS #3944,I-29 & CR-106,Tea,SD,530,3.199,-96.8177000,43.4711000,city_centroid
6164,71385,CASEYS #3907,I-675 & SR-235,Fairborn,OH,411,3.679,-84.0198000,39.8053000,city_centroid
6165,71386,CASEYS #3952,SR-1 & SR-9,Hoopeston,IL,368,3.249,-87.6662000,40.4639000,city_centroid
6166,71386,CASEYS #3952,SR-1 & SR-9,Hoopeston,IL,368,3.259,-87.6662000,40.4639000,city_centroid
6167,71386,CASEYS #3952,SR-1 & SR-9,Hoopeston,IL,368,3.189,-87.6662000,40.4639000,city_centroid
6168,71386,CASEYS #3952,SR-1 & SR-9,Hoopeston,IL,368,3.239,-87.6662000,40.4639000,city_centroid
6169,71387,CASEYS #3954,"I-80, Exit 168",Newton,IA,320,3.249,-93.0455000,41.6992000,city_centroid
6170,71388,CASEYS #3850,US HWY 77,Wahoo,NE,319,3.174,-96.6219000,41.2117000,city_centroid
6171,71389,SPEEDWAY #1590,"I-95, EXIT 193",Dillon,SC,205,3.12566666,-79.3770000,34.4146000,city_centroid
6172,71390,SPEEDWAY #7269,I-270 EXIT 6B,Granite City,IL,540,3.519,-90.1106000,38.7261000,city_centroid
6173,71390,SPEEDWAY #7269,I-270 EXIT 6B,Granite City,IL,540,3.379,-90.1106000,38.7261000,city_centroid
6174,71390,SPEEDWAY #7269,I-270 EXIT 6B,Granite City,IL,540,3.459,-90.1106000,38.7261000,city_centroid
6175,71391,QUIKTRIP #7210,I-40 EXIT 142,North Little Rock,AR,695,3.049,-92.2723500,34.7902875,city_centroid
6176,71392,Loves Travel Stop #834,SR 17 & SR 1,Grant Park,IL,290,3.329,-87.6480000,41.2477000,city_centroid
6177,71392,Loves Travel Stop #834,SR 17 & SR 1,Grant Park,IL,290,3.379,-87.6480000,41.2477000,city_centroid
6178,71393,CASEYS #3303,HWY 15 AND HWY 55,Kimball,MN,451,3.199,-94.3028000,45.3436000,city_centroid
6179,71394,QUIKTRIP #955,"I-35W, EXIT 26A & US-67",Alvarado,TX,630,2.97566666,-97.2130000,32.4395000,city_centroid
6180,71395,KWIK TRIP #340,US-18 & SR-23,Dodgeville,WI,420,3.489,-90.1408500,42.9729500,city_centroid
6181,71397,RACEWAY #6971,US-82/SR-520,Leesburg,GA,10,3.109,-84.1593000,31.6812000,city_centroid
6182,71398,KWIK STAR #1089,SR 415,Polk City,IA,320,3.159,-93.6893000,41.7549000,city_centroid
6183,71399,Loves Travel Stop #809,"I-70 & MO Hwy D, Exit 31",Bates City,MO,400,3.22066666,-94.0798000,39.0219000,city_centroid
6185,71402,FIREBIRD FUEL #6196,US-60 & SR-303,Surprise,AZ,930,3.383,-112.3853800,33.6378000,city_centroid
6191,71410,Flyers #3213,"US-60, Exit 181",Mesa,AZ,930,3.35233333,-111.7550267,33.4145667,city_centroid
6192,71411,Flyers #3214,"I-10, Exit 161C",Chandler,AZ,930,3.35233333,-111.8502375,33.2925875,city_centroid
6193,71412,FLYERS #3215,SR 87,Chandler,AZ,930,3.35233333,-111.8502375,33.2925875,city_centroid
6199,71428,KWIK TRIP #1140,SR-69/SR-92 & HWY-CC,Belleville,WI,420,3.604,-89.5377000,42.8669000,city_centroid
6201,71430,QUIKTRIP #7144,US-31W,Goodlettsville,TN,460,2.91566666,-86.7172500,36.3324000,city_centroid
6202,71433,Kwik Star #1146,US HWY 151,Cedar Rapids,IA,380,3.624,-91.6634000,42.0058625,city_centroid
6203,71434,KWIK STAR #1154,"SR 18 & SR 60, Exit 34",Sheldon,IA,433,3.199,-95.8401000,43.1808000,city_centroid
6205,71436,GOOD 2 GO #213,I-90 EXIT 58 & US-16,Buffalo,WY,836,3.525,-106.7073000,44.3485000,city_centroid
6206,71437,GOOD 2 GO #121,I-15 EXIT 113,Idaho Falls,ID,825,3.479,-111.9924600,43.4920000,city_centroid
6207,71438,LOVES TRAVEL STOP #893,US-80 & SR-307,Savannah,GA,195,3.289,-81.1007769,32.0269615,city_centroid
6208,71439,LOVES TRAVEL STOP #802,I-10 EXIT 26,Milton,FL,20,3.339,-87.0856750,30.6413750,city_centroid
6209,71440,MAVERIK COUNTRY STORE #667,"I-90, EXIT 289 & SR-27",Spokane,WA,970,3.989,-117.3770882,47.6718765,city_centroid
6210,71440,MAVERIK COUNTRY STORE #667,"I-90, EXIT 289 & SR-27",Spokane,WA,970,3.999,-117.3770882,47.6718765,city_centroid
6211,71440,MAVERIK COUNTRY STORE #667,"I-90, EXIT 289 & SR-27",Spokane,WA,970,3.969,-117.3770882,47.6718765,city_centroid
6212,71440,MAVERIK COUNTRY STORE #667,"I-90, EXIT 289 & SR-27",Spokane,WA,970,3.979,-117.3770882,47.6718765,city_centroid
6213,71441,MAVERIK COUNTRY STORE #678,US-191,Vernal,UT,835,3.44233333,-109.5378000,40.4480500,city_centroid
6214,71442,RACETRAC #2597,"I-65, EXIT 91 & US-31W",Elizabethtown,KY,415,2.919,-85.8687500,37.6894000,city_centroid
6215,71443,LOVES TRAVEL STOP #810,US-33 & SR-540,Bellefontaine,OH,411,3.35233333,-83.7571000,40.3605000,city_centroid
6216,71444,One9 #1318,"I-44, Exit 88",Strafford,MO,416,2.98566666,-93.1066000,37.2797000,city_centroid
6217,71445,SPEEDWAY #1051,I-90 & I-94 Exit 69,Mauston,WI,420,3.299,-90.0641000,43.7934000,city_centroid
6218,71446,SPEEDWAY #4221,I-80 Exit 292,Davenport,IA,320,3.749,-90.5874000,41.5517714,city_centroid
6219,71447,KWIK TRIP #612,SR-116,Winneconne,WI,582,3.53233333,-88.7214000,44.1187000,city_centroid
6221,71450,MAVERIK COUNTRY STORE #664,I-25 EXIT 203,Los Lunas,NM,580,3.20233333,-106.7115000,34.7806000,city_centroid
6222,71452,ALLSUPS CONVENIENCE STORE #2016,SR-214 & SR-114,Morton,TX,700,3.399,-102.7594000,33.7251000,city_centroid
6224,71454,ALLSUPS CONVENIENCE STORE #2036,SR-18,Hobbs,NM,593,3.399,-103.1621000,32.7457000,city_centroid
6225,71455,ALLSUPS CONVENIENCE STORE #2043,US-62,Idalou,TX,700,2.96566666,-101.6786000,33.6504000,city_centroid
6226,71456,ALLSUPS CONVENIENCE STORE #2058,"I-40, Exit 332 & SR-209",Tucumcari,NM,585,3.355,-103.7179000,35.1680000,city_centroid
6227,71457,ALLSUPS CONVENIENCE STORE #2075,US-70 & SR-6,Crowell,TX,770,3.199,-99.6983000,33.9912000,city_centroid
6228,71458,ALLSUPS CONVENIENCE STORE #2082,SR-70,Spur,TX,700,3.199,-100.8571000,33.4790000,city_centroid
6229,71460,ALLSUPS CONVENIENCE STORE #2101,SR-136,Fritch,TX,585,3.149,-101.5845000,35.6441000,city_centroid
6230,71461,ALLSUPS CONVENIENCE STORE #2111,US-87 &,Texline,TX,585,2.96566666,-102.9845000,36.3740000,city_centroid
6231,71462,ALLSUPS CONVENIENCE STORE #2138,CR-61,Hobbs,NM,593,3.38233333,-103.1621000,32.7457000,city_centroid
6232,71463,ALLSUPS CONVENIENCE STORE #2146,SR-18,Hobbs,NM,593,3.21233333,-103.1621000,32.7457000,city_centroid
6233,71464,ALLSUPS CONVENIENCE STORE #2153,US-277,Haskell,TX,575,3.539,-99.7309000,33.1580000,city_centroid
6234,71465,ALLSUPS CONVENIENCE STORE #2173,US-20,Sweetwater,TX,575,2.84566666,-100.3979000,32.4726000,city_centroid
6235,71466,ALLSUPS CONVENIENCE STORE #2185,US-380 & 9TH ST,Aspermont,TX,575,3.36566666,-100.2344000,33.1301000,city_centroid
6236,71467,ALLSUPS CONVENIENCE STORE #2192,SR-86 & SR-207,Silverton,TX,585,3.159,-101.3169000,34.4641000,city_centroid
6237,71468,ALLSUPS CONVENIENCE STORE #2212,SR-6,Stamford,TX,575,3.129,-99.7859000,32.9453000,city_centroid
6238,71469,ALLSUPS CONVENIENCE STORE #2227,SR-114,Morton,TX,700,3.399,-102.7594000,33.7251000,city_centroid
6239,71470,ALLSUPS CONVENIENCE STORE #2267,"I-20, EXIT 42 & CR-761",Pecos,TX,710,3.379,-103.5791000,31.4467000,city_centroid
6240,71471,ALLSUPS CONVENIENCE STORE #2269,SR-524 & CR-658,Carlsbad,NM,593,3.249,-104.2666000,32.3769500,city_centroid
6241,71472,ALLSUPS CONVENIENCE STORE #2276,HWY 84 & CR-466,Hermleigh,TX,612,2.97233333,-100.7547000,32.6294000,city_centroid
6242,71473,ALLSUPS CONVENIENCE STORE #2378,US-BUS 287 & SR-25,Electra,TX,770,2.999,-98.9155000,34.0362000,city_centroid
6243,71474,PILOT #1292,US-290 & SR-21,Paige,TX,765,3.499,-97.1198000,30.1858000,city_centroid
6244,71476,KWIK TRIP #493,US HWY 12,Whitewater,WI,420,3.499,-88.7429000,42.8272000,city_centroid
6245,71477,KWIK TRIP #1141,SR 54,Luxemburg,WI,582,3.48233333,-87.7156000,44.5506000,city_centroid
6246,71478,RACEWAY #6970,SR-1 & Coker Rd,Rome,GA,193,3.199,-85.2042750,34.2895500,city_centroid
6247,71479,RACETRAC #118,I-575 & SR-15,Jasper,GA,193,3.309,-84.4759000,34.4620000,city_centroid
6248,71480,Loves Travel Stop #836,US-87,Dalhart,TX,585,3.43566666,-102.5177000,36.0732000,city_centroid
6249,71481,Loves Travel Stop #843,"I-29, Exit 187",Drayton,ND,341,3.56566666,-97.2156000,48.6104000,city_centroid
6250,71482,LOVES TRAVEL STOP #789,"I-15, Exit 277",Great Falls,MT,815,3.77233333,-111.2808400,47.5269600,city_centroid
6251,71484,CIRCLE K #2745064,"I-75/SR-401, EXIT 101 & US-280/SR-30",Cordele,GA,10,2.999,-83.7844500,31.9369000,city_centroid
6252,71485,Circle K #2709088,US-521 & SR-9,Lancaster,SC,46,3.299,-80.7340667,34.7385667,city_centroid
6253,71486,HUCKS FOOD & FUEL #338,US-50/US-150 & US-41 BUS,Vincennes,IN,510,3.959,-87.5098000,38.6734000,city_centroid
6254,71486,HUCKS FOOD & FUEL #338 DBA PILOT DEALER #1294,US-50/US-150 & US-41 BUS,Vincennes,IN,510,3.959,-87.5098000,38.6734000,city_centroid
6255,71487,LOVES TRAVEL STOP #835,"I-15, EXIT 163 & SR-99",Fillmore,UT,835,3.685,-112.3313000,38.9805000,city_centroid
6256,71487,LOVES TRAVEL STOPS #835,"I-15, EXIT 163 & SR-99",Fillmore,UT,835,3.599,-112.3313000,38.9805000,city_centroid
6257,71488,LOVES TRAVEL STOP #816,"I-90, EXIT 284",Kimball,SD,506,3.57066666,-98.9584000,43.7467000,city_centroid
6258,71490,LOVES TRAVEL STOP #818,"I-20, EXIT 205 & SR-46",Heflin,AL,615,3.20733333,-85.5885000,33.6115000,city_centroid
6259,71491,SPEEDWAY #1520,"I-55, EXIT 58 & SR-80",Matthews,MO,460,3.189,-89.6287000,36.7154000,city_centroid
6260,71492,LOVES TRAVEL STOP #839,"I-64, EXIT 92",Leavenworth,IN,415,3.949,-86.3838000,38.1865000,city_centroid
6261,71493,NEW TRAVEL PLAZA,I-20 EXIT 86,Ruston,LA,590,3.06566666,-92.6472000,32.5543667,city_centroid
6262,71494,SPEEDWAY/7FLEET #7008,"I-90, EXIT 48A & SR-77",Corfu,NY,190,3.889,-78.3929000,42.9777000,city_centroid
6263,71495,SPEEDWAY #1212,"I-65, EXIT 99 & US-31",Greenwood,IN,375,3.59733333,-86.1399500,39.6092000,city_centroid
6264,71496,SPEEDWAY/7fleet #1052,US-30 & SR-57,Orrville,OH,249,3.499,-81.7741000,40.8458000,city_centroid
6265,71498,KWIK TRIP #1143,US HWY 45,Antigo,WI,395,3.50733333,-89.1419000,45.1314000,city_centroid
6266,71499,KWIK TRIP #1130,US HWY 151/18,Mount Horeb,WI,420,3.589,-89.7414000,43.0020000,city_centroid
6267,71500,KWIK TRIP #1114,SR-35,Holmen,WI,515,3.33066666,-91.2497000,43.9761000,city_centroid
6268,71502,ROAD RANGER #281,I-20 EXIT 332,Cisco,TX,575,3.14066666,-98.9865000,32.3800000,city_centroid
6269,71503,LOVES TRAVEL STOP #093,US-80 & US-400/US-50,Garden City,KS,525,3.729,-100.8621000,37.9769000,city_centroid
6270,71504,MAVERIK COUNTRY STORE #378,"I-84/I-15, EXIT 346 & SR-126",Ogden,UT,835,3.379,-111.9692778,41.2324889,city_centroid
6271,71505,KWIK TRIP #1029,I-43 & SR-20,East Troy,WI,444,3.174,-88.4092000,42.8035000,city_centroid
6272,71506,KWIK STAR #1165,SR-60,Sibley,IA,433,3.224,-95.7424000,43.4069000,city_centroid
6273,71509,MAPLEFIELDS IRVING,I-91 & US-2,Saint Johnsbury,VT,39,3.599,-72.0051000,44.4272000,city_centroid
6274,71510,RACETRAC #2601,"I-64, Exit 58",Frankfort,KY,410,2.919,-84.8726000,38.2210333,city_centroid
6275,71511,RACETRAC #2592,US HWY 29,Athens,GA,16,3.31233333,-83.3847875,33.9570250,city_centroid
6277,71514,LOVES TRAVEL STOP #817,SR-136,Santa Teresa,NM,640,3.26233333,-106.6821000,31.8394000,city_centroid
6278,71515,LOVES TRAVEL STOP #824,"I-64 & SR-37, Exit 80",Mount Vernon,IL,574,3.589,-88.9105000,38.3170000,city_centroid
6279,71515,LOVES TRAVEL STOP #824,"I-64 & SR-37, Exit 80",Mount Vernon,IL,574,3.349,-88.9105000,38.3170000,city_centroid
6280,71515,LOVES TRAVEL STOP #824,"I-64 & SR-37, Exit 80",Mount Vernon,IL,574,3.449,-88.9105000,38.3170000,city_centroid
6281,71515,LOVES TRAVEL STOP #824,"I-64 & SR-37, Exit 80",Mount Vernon,IL,574,3.389,-88.9105000,38.3170000,city_centroid
6282,71516,LOVES TRAVEL STOP #833,"I-90, EXIT 61 & US-20",Ripley,NY,38,3.879,-79.7121000,42.2482000,city_centroid
6283,71517,7-ELEVEN #41905,I-85 & CR-2120,Salisbury,NC,46,3.749,-80.4824250,35.6586500,city_centroid
6284,71518,SPEEDWAY/7Fleet #9305,SR-18 & SR-1,Forrest City,AR,460,3.174,-90.7892000,35.0086000,city_centroid
6285,71519,SPEEDWAY #1506,US-231 & SR-271,Montgomery,AL,720,3.04233333,-86.2745444,32.3602500,city_centroid
6286,71520,KWIK TRIP #1104,SR-35/65 & SR-29,River Falls,WI,451,3.40566666,-92.6313000,44.8550000,city_centroid
6287,71521,KWIK TRIP #1065,US-12 & SR-89,Whitewater,WI,420,3.424,-88.7429000,42.8272000,city_centroid
6288,71522,Y NOT STOP BARBER SPUR,SR-10 & SR-13,Ville Platte,LA,730,3.499,-92.2737000,30.6924000,city_centroid
6289,71523,QUIKTRIP #7170,I-59 EXIT 77,Cottondale,AL,615,2.91566666,-87.3871000,33.1767000,city_centroid
6290,71524,Loves Travel Stop #813,"I-77, Exit 112",North Canton,OH,249,3.62733333,-81.3784000,40.7989000,city_centroid
6291,71525,LOVES TRAVEL STOP #796,"I-40, EXIT 432B & U-25W/US-411/US-70",Newport,TN,405,3.689,-83.1952000,35.9607000,city_centroid
6292,71526,LOVES TRAVEL STOP #820,"I-90, EXIT 41 & SR-414",Waterloo,NY,190,4.149,-76.8755000,42.9045000,city_centroid
6293,71527,D & C FUEL EAST,US-6/SR-92,Tunkhannock,PA,200,3.699,-75.9466000,41.5387000,city_centroid
6294,71528,GOOD 2 GO #218,I-90 EXIT 25 & US-14,Sheridan,WY,836,3.44233333,-106.9648000,44.7849000,city_centroid
6295,71529,Kwik Trip #1161,US-BUS 53,Eau Claire,WI,295,3.40733333,-91.5007000,44.8099667,city_centroid
6296,71531,BERT'S TRAVEL PLAZA,SR-33,Wellsville,KS,400,3.31566666,-95.0916000,38.7137000,city_centroid
6297,71534,GOLDEN GATE - YERINGTON,SR-339 & US-95 ALT,Yerington,NV,966,3.71566666,-119.1596000,38.9866000,city_centroid
6298,71535,GOLDEN GATE BATTLE MOUNTAIN,"I-80, EXIT 233",Battle Mountain,NV,966,3.339,-116.9554000,40.6220000,city_centroid
6300,71542,CIRCLE K #2706625,US-85,Eaton,CO,795,3.399,-104.7146000,40.5273000,city_centroid
6301,71543,THE SOCO GROUP #4,SR-111,El Centro,CA,900,4.839,-115.6296000,32.7920500,city_centroid
6302,71555,Kwik Trip #307,SR-35/US-18,Prairie Du Chien,WI,335,3.599,-91.1193000,43.0426000,city_centroid
6303,71556,KWIK TRIP #1167,"HWY 29, EXIT 108",Thorp,WI,295,3.45233333,-90.8029000,44.9573000,city_centroid
6304,71557,MUSKOGEE TRAVEL PLAZA,US-69,Muskogee,OK,560,3.01566666,-95.3840000,35.7370333,city_centroid
6305,71558,ALLSUPS #2384,US-60,Friona,TX,585,2.994,-102.7241000,34.6417000,city_centroid
6306,71559,ALLSUPS CONVENIENCE STORE #2228,US-83 & CR-613,Tuscola,TX,575,2.91733333,-99.8244000,32.2350000,city_centroid
6307,71560,CIRCLE K #2709675,"I-25, EXIT 41 & SR-543/SR-26",Hatch,NM,640,3.799,-107.1590000,32.6583000,city_centroid
6308,71561,ABBOTTS TRAVEL CENTER,I-35 EXIT 359,Abbott,TX,765,3.06566666,-97.0671000,31.8916000,city_centroid
6309,71562,PILOT #1317,I-90 EXIT 28,Fultonville,NY,12,3.999,-74.3598000,42.9036000,city_centroid
6310,71563,Kwik Star #1081,SR-9,Decorah,IA,515,3.579,-91.7939000,43.3227000,city_centroid
6311,71564,GRAB N GO,SR-200 & SR-22,Killdeer,ND,273,3.549,-102.7762000,47.4109000,city_centroid
6313,71566,Mankato Travel Center,US HWY 14 & SR 22,Mankato,MN,425,3.499,-94.0331333,44.1767000,city_centroid
6314,71567,PRIDE CONVENIENCE STORE,"I-91, EXIT 40 & SR-20",East Granby,CT,100,3.649,-72.7459000,41.9322000,city_centroid
6315,71568,QUIKTRIP #294,I-35,Gardner,KS,485,2.999,-94.9157000,38.8075000,city_centroid
6316,71570,STEELE 66 TRUCK PLAZA,Hwy O & CR-425,Steele,MO,418,3.399,-89.8346000,36.0915000,city_centroid
6318,71572,7-ELEVEN #41525,US-460 & SR-630,Disputanta,VA,180,2.999,-77.2732000,37.1483000,city_centroid
6320,71574,RACETRAC #2594,US-441,Dublin,GA,85,2.999,-82.9265500,32.4997000,city_centroid
6323,71577,TOOT N TOTUM #130,US-87 & Dorsey Rd,Clayton,NM,585,3.199,-103.1888000,36.4414000,city_centroid
6324,71578,RACETRAC #2595,I-65 EXIT 284,Alabaster,AL,615,2.999,-86.7944000,33.1934000,city_centroid
6325,71579,KWIK TRIP #1138,SR 28,Sheboygan,WI,444,3.24233333,-87.7031333,43.7589667,city_centroid
6326,71580,MAVERIK COUNTRY STORE #676,"I-15/I-84, EXIT 376 & SR-13",Tremonton,UT,835,3.444,-112.1813000,41.7016000,city_centroid
6327,71582,LOVES TRAVEL STOP #847,US-601 & SR-207,Pageland,SC,46,3.38566666,-80.3966000,34.7722000,city_centroid
6328,71583,CIRCLE K #2706993,SR 27 N,Lake Wales,FL,225,3.799,-81.5929000,27.8806333,city_centroid
6329,71586,ALLTOWN FRESH,US-9 & SR-23,Livingston,NY,12,3.699,-73.7574000,42.1421000,city_centroid
6330,71586,ALLTOWN FRESH,US-9 & SR-23,Livingston,NY,12,3.659,-73.7574000,42.1421000,city_centroid
6331,71590,TA SPRINGER,I-25 EXIT 419,Springer,NM,580,3.529,-104.5927000,36.3767000,city_centroid
6332,71592,THE WOODSHED,US-59 & SR-10,Welch,OK,307,3.099,-95.1295000,36.9020000,city_centroid
6333,71594,BP,US-20 & SR13,Middlebury,IN,465,3.799,-85.7114000,41.6754000,city_centroid
6334,71595,Hucks Market #100,US-36,Hannibal,MO,494,3.13233333,-91.3839000,39.7064000,city_centroid
6335,71596,ALLSUPS #2379,US-70/US-380,Tinnie,NM,700,3.359,-105.2264000,33.3706000,city_centroid
6336,71597,Allsups #2380,US-84,Sudan,TX,700,3.199,-102.5255000,34.0697000,city_centroid
6337,71598,Allsups #2381,SR-199,Azle,TX,630,2.919,-97.5524000,32.8996000,city_centroid
6338,71600,TA EXPRESS #290,"I-45, EXIT 198 & FM-27",Fairfield,TX,765,3.439,-96.1572000,31.7361000,city_centroid
6339,71601,Circle K #2723479,"I-40, EXIT 306B & US-70",Garner,NC,205,3.369,-78.5975000,35.6813000,city_centroid
6340,71603,FLYERS #3223,US-70/191,Safford,AZ,980,3.86233333,-109.6894000,32.8132500,city_centroid
6341,71604,MAVERIK COUNTRY STORE #669,"I-80, Exit 113 & SR-172",Salt Lake City,UT,835,3.44566666,-111.8778419,40.7262129,city_centroid
6342,71605,Allsups Convenience Store #2377,US-70 & US-54,Alamogordo,NM,640,3.06233333,-105.9544000,32.8963500,city_centroid
6343,71606,Allsups #2396,HWY 62 82 179,Wolfforth,TX,700,2.91566666,-102.0091000,33.5059000,city_centroid
6344,71607,Loves Travel Stop #827,"I-90, Exit 174",Moses Lake,WA,970,3.889,-119.2891000,47.1374000,city_centroid
6345,71608,Loves Travel Stop #842,"I-194, eXIT 164",Saint Cloud,MN,448,3.29066666,-94.1691000,45.5563000,city_centroid
6346,71609,QUIKTRIP #73,"US-75, US 62",Henryetta,OK,560,3.02566666,-96.0122000,35.4622000,city_centroid
6347,71610,FRIENDLY GUS #25,US-80 & SR-338,Dudley,GA,85,3.83233333,-83.0899000,32.5259000,city_centroid
6348,71612,RACEWAY #6898,"I-95, EXIT 373 & HWY A1A",Yulee,FL,75,3.27066666,-81.5904000,30.6227500,city_centroid
6349,71614,7-ELEVEN #41808,"I-85, EXIT 106 & US-29",Blacksburg,SC,210,3.359,-81.4942000,35.1095000,city_centroid
6350,71615,HUTCHS #128,US-62 & US-281/SR-8,Anadarko,OK,483,2.999,-98.2429000,35.0728000,city_centroid
6351,71616,ALLSUPS CONVENIENCE STORE #2382,"I-20, EXIT 366 & US-281",Mineral Wells,TX,630,2.94566666,-98.1128000,32.8085000,city_centroid
6352,71617,CIRCLE K #2709087,US-98/US-19,Chiefland,FL,75,3.58233333,-82.8681000,29.4717000,city_centroid
6353,71618,Loves Travel Stop #837,"I-35, Exit 52",Cameron,MO,400,3.689,-94.2437000,39.7309000,city_centroid
6354,71619,7-ELEVEN # 41365,"I-840/I-785, EXIT 18 & US-70",Greensboro,NC,65,3.199,-79.8169000,36.0855231,city_centroid
6355,71621,TOOT N TOTUM #127,"I-27, Exit 49B",Plainview,TX,585,2.89566666,-101.7764500,34.1325500,city_centroid
6356,71622,Circle K #2706628,SR-193 & SR-163,Theodore,AL,715,3.39233333,-88.2170000,30.5162000,city_centroid
6357,71623,Circle K #2706637,US-43,Grove Hill,AL,715,3.719,-87.7772000,31.7088000,city_centroid
6358,71624,MAVERIK COUNTRY STORE #681,"I-80, Exit 410",West Wendover,NV,835,3.38566666,-114.0733000,40.7391000,city_centroid
6359,71625,MAVERIK COUNTRY STORE #679,US-160/285 & SR-17,Alamosa,CO,803,3.349,-105.8573561,37.4729864,census
6360,71627,QUIKTRIP #1730,I-75 EXIT 185,Forsyth,GA,85,3.089,-83.9362000,33.0508000,city_centroid
6361,71628,QUIKTRIP #7171,I-65 EXIT 231,Calera,AL,615,2.999,-86.7560000,33.1098000,city_centroid
6362,71629,KWIK TRIP #1139,SR-95 & SR-65,Cambridge,MN,451,3.399,-93.2889000,45.5576000,city_centroid
6363,71630,CIRCLE K #2701524,"US-52, Exit 134 & SR-268",Pilot Mountain,NC,65,3.429,-80.4921000,36.4109000,city_centroid
6364,71631,RACEWAY #6891,SR-20 & SR-67,Decatur,AL,615,3.099,-86.9908000,34.5813000,city_centroid
6365,71632,Loves Travel Stop #819,SR-21 & SR-275,Rincon,GA,195,3.33066666,-81.2354000,32.2960000,city_centroid
6366,71634,76,"US HWY 278, US HWY 45",Tupelo,MS,742,3.149,-88.7345000,34.2395500,city_centroid
6367,71635,Racetrac #2610,US-231,Murfreesboro,TN,460,3.049,-86.4176600,35.8369200,city_centroid
6368,71636,RACETRAC #2580,US-41 & SR-268,Murfreesboro,TN,460,3.03233333,-86.4176600,35.8369200,city_centroid
6369,71637,HORSESHOE #4,SR-114,Smyer,TX,700,2.959,-102.1692000,33.5918000,city_centroid
6370,71638,QUIKTRIP #4032,"I-35, EXIT 176",Schertz,TX,740,2.91566666,-98.2778000,29.5790000,city_centroid
6371,71639,PAR MAR FOOD STORE #13,"I-77, EXIT 1 & SR-7",Hannibal,OH,430,3.899,-80.8720000,39.6673000,city_centroid
6372,71640,RACETRAC #2544,SR-81 & SR-316,Bethlehem,GA,16,3.31233333,-83.7282000,33.9261000,city_centroid
6374,71642,MAVERIK COUNTRY STORE #398,HWY 89 & LAKE POWELL BLVD,Page,AZ,930,3.45566666,-111.4558000,36.9147000,city_centroid
6375,71643,Pilot #1319,I-35 Exit 30,Alvarado,TX,630,3.20566666,-97.2130000,32.4395000,city_centroid
6376,71644,CHISUM TRAVEL CENTER #38,I-20 EXIT 210,Colorado City,TX,612,2.92566666,-100.8609000,32.3987000,city_centroid
6377,71646,SPEEDWAY #6542,"I-10, Exit 192",Midway,FL,155,3.599,-84.4768000,30.4850000,city_centroid
6378,71647,QUIKTRIP #667,I-44 Exit 189,Rolla,MO,392,2.98233333,-91.7658000,37.9499500,city_centroid
6379,71648,QUIKTRIP #7149,I-24 Exit 8,Clarksville,TN,460,2.91566666,-87.3547000,36.5253600,city_centroid
6380,71649,Allsups Convenience Store #2385,US-183 & US-180,Breckenridge,TX,575,3.30733333,-98.9099000,32.7532000,city_centroid
6381,71650,ALLSUPS CONVENIENCE STORE #2405,SR-208 & SR-158,Robert Lee,TX,612,3.26566666,-100.5104000,31.8951000,city_centroid
6382,71651,QUIKTRIP #4151,"I-35, Exit 220",Buda,TX,595,2.91566666,-97.8534000,30.0918000,city_centroid
6383,71652,CIRCLE K #4705575,SR-261,Akron,OH,249,3.769,-81.5278833,41.0751917,city_centroid
6384,71653,MAVERIK COUNTRY STORE #701,US-160,Durango,CO,614,3.299,-107.8775667,37.2261000,city_centroid
6385,71654,LOVES TRAVEL STOP #851,"I-39/US-51, EXIT 111 & SR-72",Monroe Center,IL,520,3.749,-89.0169000,42.1050000,city_centroid
6386,71655,79 ONE STOP,SR-62 & SR-37,Saint Croix,IN,415,3.499,-86.6058000,38.1834000,city_centroid
6387,71656,CASEYS #3268,US-59 & SR-119,Appleton,MN,522,3.44566666,-95.9949000,45.2054000,city_centroid
6388,71657,CASEYS #2855,US HWY 63,Cabool,MO,535,3.259,-92.1144000,37.1314000,city_centroid
6389,71659,Loves Travel Stop #646,"I-84, Exit 71",Willington,CT,100,4.359,-72.2622000,41.8966000,city_centroid
6390,71661,Loves Travel Stop #822,"I-40, Exit 57 & S Crawford St",Clarksville,AR,695,3.39233333,-93.4911000,35.4908000,city_centroid
6391,71662,PUMP & PANTRY #33,SR-22/39,Genoa,NE,330,3.289,-97.7640000,41.4468000,city_centroid
6392,71663,Allsups #2388,I-27 & SR-217,Canyon,TX,585,2.90066666,-101.9217500,34.9787500,city_centroid
6393,71664,RUTTERS #95,SR-9,Martinsburg,WV,22,3.999,-77.9536400,39.4660000,city_centroid
6394,71666,Circle K#2746513,SR-13/SIOUX TRL,Savage,MN,448,3.799,-93.3434000,44.7615000,city_centroid
6396,71668,7-ELEVEN #41572,I-77 & US-70,Statesville,NC,46,2.859,-80.8890333,35.8155667,city_centroid
6397,71672,7-ELEVEN #41573,US-67,Glen Rose,TX,765,3.589,-97.7629000,32.2298000,city_centroid
6398,71673,7-ELEVEN #41792,"I-85, EXIT 27",Anderson,SC,30,2.959,-82.7018500,34.4819333,city_centroid
6399,71674,Kwik Trip #1177,SR-65,Cambridge,MN,451,3.424,-93.2889000,45.5576000,city_centroid
6400,71676,CIRCLE K #4702409,US-52,Lafayette,IN,375,3.15733333,-86.8716000,40.3768833,city_centroid
6401,71679,TOOT N TOTUM #22,FM 1541 & FM 1151,Amarillo,TX,585,2.96733333,-101.8482270,35.0913700,census
6402,71680,Alexs Shelby Truck Stop,US HWY 278 & SR 32,Shelby,MS,655,3.199,-90.7625000,33.9491000,city_centroid
6403,71681,WASPYS TRUCK STOP,US-71,Audubon,IA,319,3.31566666,-94.9164000,41.7300000,city_centroid
6404,71682,Gas N Wash,"SR 83, SR 50, I-294",Alsip,IL,365,3.399,-87.7357000,41.6721000,city_centroid
6405,71682,Gas N Wash,"SR 83, SR 50, I-294",Alsip,IL,365,3.499,-87.7357000,41.6721000,city_centroid
6406,71682,Gas N Wash,"SR 83, SR 50, I-294",Alsip,IL,365,3.299,-87.7357000,41.6721000,city_centroid
6407,71683,GAS N WASH,US HWY 6,Joliet,IL,365,3.799,-88.0707500,41.5133500,city_centroid
6408,71685,ON THE ROAD 110,US-59,Diboll,TX,618,3.199,-94.7729000,31.1950000,city_centroid
6409,71686,Allsups #2391,I-20 Exit 269,Merkel,TX,575,2.87566666,-99.9924000,32.4444000,city_centroid
6410,71687,ALLSUPS #2386,I-20 EXIT 216,Colorado City,TX,612,2.94233333,-100.8609000,32.3987000,city_centroid
6411,71688,KWIK TRIP #1151,"I-90, EXIT 183 & CR-BT",Beloit,WI,420,3.374,-89.0589000,42.5351500,city_centroid
6412,71689,KWIK TRIP #1108,"I-41/US-45, EXIT 52 & SR-164",Colgate,WI,444,3.24733333,-88.2406000,43.1998000,city_centroid
6413,71691,ALLSUPS #2399,US-287 & SR-207,Claude,TX,585,2.929,-101.3813000,35.0967000,city_centroid
6414,71692,GXP #200,"I-85/SR-403, EXIT 140 & SR-82",Jefferson,GA,16,3.239,-83.5708000,34.1062000,city_centroid
6415,71694,J&H Family Store,"I-96, Exit 19",Coopersville,MI,456,3.599,-85.9517000,43.0601000,city_centroid
6416,71694,J&H Family Store,"I-96, Exit 19",Coopersville,MI,456,3.499,-85.9517000,43.0601000,city_centroid
6417,71695,KWIK TRIP #1126,US-14/US-61,La Crosse,WI,444,3.384,-91.2111667,43.8517667,city_centroid
6419,71697,LOVES TRAVEL STOP #829,I-80 EXIT 81,Brookville,PA,14,4.019,-79.0816000,41.1627000,city_centroid
6420,71698,Kwik Star #1142,hwy 6,Iowa City,IA,380,3.134,-91.5539000,41.6401167,city_centroid
6421,71699,KWIK TRIP #597,"I-94, EXIT 344 & SR-31",Kenosha,WI,444,3.744,-87.8455800,42.5826800,city_centroid
6422,71700,ARCO,US-19/US-98/US-27Alt & CR-30A,Perry,FL,75,3.699,-83.6377000,30.0666500,city_centroid
6423,71701,CIRCLE K #2746510,SR 32,De Pere,WI,360,3.349,-88.0806000,44.4388000,city_centroid
6424,71702,SHOP AND SAVE,US-220 & CR-734,Ridgeway,VA,65,3.909,-79.8686000,36.5874000,city_centroid
6425,71704,QUIKTRIP #962,"I-30, Exit 61A",Garland,TX,630,2.89733333,-96.6392429,32.9079429,city_centroid
6427,71706,QUIKTRIP #1176,I-77Exit 2,West Columbia,SC,135,3.309,-81.1421500,33.9442500,city_centroid
6428,71707,QUARLES #4437,US HWY 30,Lancaster,PA,208,3.999,-76.3134375,40.0490875,city_centroid
6430,71709,MAPCO EXPRESS #7553,SR 153 EXIT 2,Chattanooga,TN,285,2.994,-85.2769687,35.0403375,city_centroid
6431,71710,KWIK STAR #1180,SR-141,Perry,IA,320,3.06066666,-94.1022000,41.8397000,city_centroid
6432,71712,MAVERIK COUNTRY STORE #693,"I-70, Exit 160 & hwy 191",Green River,UT,810,3.28233333,-110.1598000,39.0002000,city_centroid
6433,71713,Pilot #1383,"I-555, Exit 39",Jonesboro,AR,435,3.489,-90.7048250,35.8128750,city_centroid
6434,71713,Pilot Dealer #1383,"I-555, Exit 39",Jonesboro,AR,435,3.439,-90.7048250,35.8128750,city_centroid
6436,71715,Allsups Convenience Store #2401,US-87,San Angelo,TX,612,3.19566666,-100.4454800,31.4593600,city_centroid
6437,71716,Allsups #2404,US-62,Carlsbad,NM,593,3.194,-104.2666000,32.3769500,city_centroid
6438,71717,Kwik Trip #1199,US-14,Darien,WI,345,3.199,-88.7508000,42.5973000,city_centroid
6439,71718,KWIK STAR #1158,US-30,Ames,IA,320,3.174,-93.6098600,42.0339200,city_centroid
6440,71719,LOVES TRAVEL STOP #832,"I-35, EXIT 129",Forest Lake,MN,515,3.36233333,-92.9749000,45.2685000,city_centroid
6441,71721,HUCKS FOOD & FUEL #314,US-50/150,Washington,IN,510,3.46233333,-87.1707000,38.6536000,city_centroid
6442,71722,MAVERIK #5392,FM-16,Keenesburg,CO,800,3.154,-104.4464000,40.0958000,city_centroid
6443,71723,ALLSUPS CONVENIENCE #2398,SR-70,Pampa,TX,585,3.079,-100.9569500,35.5357000,city_centroid
6444,71724,ALLSUPS CONVENIENCE #2403,US-180,Mineral Wells,TX,630,3.00566666,-98.1128000,32.8085000,city_centroid
6445,71725,Allsups Convenience Store #2406,US-67,Rankin,TX,710,3.499,-101.9441000,31.2266000,city_centroid
6446,71726,Kwik Trip #1152,US HWY 169,Saint Peter,MN,425,3.724,-93.9811000,44.3351000,city_centroid
6447,71735,Loves Travel Stop #811,US-395,Pasco,WA,925,4.589,-119.0993500,46.2421000,city_centroid
6448,71735,Love's #811,US-395,Pasco,WA,925,4.589,-119.0993500,46.2421000,city_centroid
6449,71736,Racetrac #2312,US-41/SR-92,Acworth,GA,18,3.209,-84.6185500,34.0731500,city_centroid
6451,71738,KWIK TRIP #1196,"US-151, EXIT 21",Platteville,WI,335,3.514,-90.4854000,42.7393000,city_centroid
6452,71739,TA EXPRESS #418,"I-16/SR-404, EXIT 116 & US-301/25",Register,GA,135,3.28566666,-81.8728000,32.3382000,city_centroid
6453,71740,SPRINT FOODS #735,US-78/US-1 & SR-19,Aiken,SC,135,3.17233333,-81.6761000,33.5712600,city_centroid
6454,71741,SPRINT FOOD STORE #733,"I-20, EXIT 183 & US-221",Harlem,GA,135,3.599,-82.3097000,33.4170000,city_centroid
6455,71769,DUCK THRU FOOD STORE #60,US HWY 64,Spring Hope,NC,205,3.469,-78.1085000,35.9302000,city_centroid
6456,71770,ONVO TRAVEL PLAZA,"I-81, Exit 155",Mountain Top,PA,200,3.58733333,-75.9376000,41.1350000,city_centroid
6457,71771,BREAK TIME #3170,SR-13 & HWY-T,Bolivar,MO,535,3.374,-93.4126000,37.6085000,city_centroid
6458,71772,Kwik Trip #1137,US-8,Saint Croix Falls,WI,451,3.524,-92.6117000,45.5097000,city_centroid
6459,71773,KWIK STAR #710,US-30 EXIT-202,Toledo,IA,565,3.399,-92.5662000,42.0077000,city_centroid
6460,71774,CASEYS #4292,1020 5TH ST,Carrollton,IL,574,3.289,-90.4070058,39.2907217,census
6461,71774,CASEYS #4292,1020 5TH ST,Carrollton,IL,574,3.239,-90.4070058,39.2907217,census
6462,71774,CASEYS #4292,1020 5TH ST,Carrollton,IL,574,3.429,-90.4070058,39.2907217,census
6463,71775,Caseys #3950,US-270 & US-54,Liberal,KS,525,3.319,-100.9333000,37.0327000,city_centroid
6464,71776,QUIKTRIP #7172,"I-85/US-29, EXIT 58 & SR-169",Opelika,AL,50,2.999,-85.3464333,32.6001333,city_centroid
6466,71784,7-ELEVEN #41750,I-4 & SR-33,Lakeland,FL,225,3.289,-81.9670364,28.0435273,city_centroid
6467,71785,7-ELEVEN #41266,I-81 & SR-924,Hazleton,PA,200,3.839,-76.0025000,40.9497000,city_centroid
6468,71786,SHEETZ #751,I-76 EXIT 91,Donegal,PA,165,3.259,-79.3810000,40.0996000,city_centroid
6469,71787,PUMP & PANTRY #55,US-159 & US-73,Falls City,NE,486,3.239,-95.5931000,40.0742000,city_centroid
6470,71792,KWIK TRIP #1147,US-71 & SR-60,Windom,MN,425,3.349,-95.1373000,43.8831000,city_centroid
6471,71793,QUARLES #4602,"SR-267, EXIT 8B & SR-606",Sterling,VA,60,3.659,-77.4217250,39.0144500,city_centroid
6472,71794,KWIK TRIP #1174,US-51 & US-2,Ironwood,MI,334,3.479,-90.1588000,46.4638000,city_centroid
6473,71794,KWIK TRIP #1174,US-51 & US-2,Ironwood,MI,334,3.139,-90.1588000,46.4638000,city_centroid
6474,71794,KWIK TRIP #1174,US-51 & US-2,Ironwood,MI,334,3.459,-90.1588000,46.4638000,city_centroid
6475,71794,KWIK TRIP #1174,US-51 & US-2,Ironwood,MI,334,3.159,-90.1588000,46.4638000,city_centroid
6476,71794,KWIK TRIP #1174,US-51 & US-2,Ironwood,MI,334,3.179,-90.1588000,46.4638000,city_centroid
6477,71795,CIRCLE K #2654290,I-85 EXIT 13,Lagrange,GA,50,3.899,-85.0268667,33.0316333,city_centroid
6478,71797,KWIK STAR #1186,"I-80/US-6, EXIT 142 & US-65",Altoona,IA,320,3.199,-93.4724000,41.6475000,city_centroid
6479,71798,Space Age #202,"I-5, EXIT 52",Castle Rock,WA,935,3.659,-122.9139000,46.2783000,city_centroid
6480,71800,Stuckeys Travel Plaza,"I-44, EXIT 179",Newburg,MO,535,2.97233333,-91.8807000,37.9008000,city_centroid
6481,71801,Love's Travel Stop #869,US HWY 75,Le Mars,IA,527,3.45566666,-96.1704000,42.7962000,city_centroid
6482,71802,ALLSUPS #2407,I-10 EXIT 259,Fort Stockton,TX,710,3.029,-102.8799000,30.8908000,city_centroid
6483,71803,KENT KWIK #321,I-20 EXIT 143,Midland,TX,710,2.94066666,-102.0802125,31.9653750,city_centroid
6484,71804,GAS N WASH,I-88 EXIT 114,Montgomery,IL,290,3.599,-88.3320000,41.7177000,city_centroid
6485,71805,RACETRAC #2583,I-24E,La Vergne,TN,460,2.899,-86.4905000,35.9361500,city_centroid
6487,71807,KWIK TRIP #1270,SR-172,Green Bay,WI,582,3.29066666,-88.0306778,44.4973556,city_centroid
6488,71808,WEIGELS #100,SR 153,Chattanooga,TN,405,3.01566666,-85.2769687,35.0403375,city_centroid
6489,71811,7-ELEVEN #41826,SR-722 & SR-283,Lancaster,PA,70,4.129,-76.3134375,40.0490875,city_centroid
6490,71812,KWIK TRIP #1198,I-43 & Hwy AA,Oostburg,WI,444,3.24233333,-87.7970000,43.6229000,city_centroid
6491,71813,Kweik Star #1156,SR-150 & SR-3,Oelwein,IA,565,3.58233333,-91.9131000,42.6811000,city_centroid
6492,71814,TEX-BEST #531,US-90,Uvalde,TX,740,2.874,-99.7862500,29.2204500,city_centroid
6493,71815,MAVERIK COUNTRY STORE #688,I-15 EXIT 339,Ogden,UT,835,3.38566666,-111.9692778,41.2324889,city_centroid
6494,71816,MAVERIK COUNTRY STORE #694,I-15 EXIT 222,Nephi,UT,835,3.40566666,-111.8359000,39.6923000,city_centroid
6495,71817,KWIK TRIP #1128,US-12,Altoona,WI,295,3.33233333,-91.4382000,44.8021000,city_centroid
6496,71818,TA EXPRESS RIVERTON #433,I-72 EXIT 108,Riverton,IL,318,3.469,-89.5087000,39.8663000,city_centroid
6497,71818,TA EXPRESS RIVERTON #433,I-72 EXIT 108,Riverton,IL,318,3.439,-89.5087000,39.8663000,city_centroid
6498,71818,TA EXPRESS RIVERTON #433,I-72 EXIT 108,Riverton,IL,318,3.409,-89.5087000,39.8663000,city_centroid
6499,71822,DK,SR 176,Lenorah,TX,612,3.53233333,-101.8762000,32.3046000,city_centroid
6500,71823,MARKER 126,US HWY 20,Duncombe,IA,343,3.059,-94.0592000,42.4493000,city_centroid
6502,71826,KWIK TRIP #1183,US-2,Bessemer,MI,334,3.159,-90.0515000,46.4802000,city_centroid
6503,71826,KWIK TRIP #1183,US-2,Bessemer,MI,334,3.139,-90.0515000,46.4802000,city_centroid
6504,71826,KWIK TRIP #1183,US-2,Bessemer,MI,334,3.179,-90.0515000,46.4802000,city_centroid
6505,71826,KWIK TRIP #1183,US-2,Bessemer,MI,334,3.479,-90.0515000,46.4802000,city_centroid
6506,71826,KWIK TRIP #1183,US-2,Bessemer,MI,334,3.459,-90.0515000,46.4802000,city_centroid
6507,71827,KWIK TRIP #1188,US-12,Cokato,MN,451,3.474,-94.1911000,45.0748000,city_centroid
6508,71828,KWIK TRIP #1209,SR-42,Sturgeon Bay,WI,582,3.58233333,-87.3753000,44.8438000,city_centroid
6509,71829,KWIK TRIP #1043,US-53/SR-194,Duluth,MN,334,3.499,-92.1320000,46.7872455,city_centroid
6510,71830,One9 #1330,"I-40/US-63, EXIT 216 & US-49",Brinkley,AR,695,3.199,-91.1886000,34.8781000,city_centroid
6511,71830,One9 Travel Center #1330,"I-40/US-63, EXIT 216 & US-49",Brinkley,AR,695,3.199,-91.1886000,34.8781000,city_centroid
6512,71831,Loves Travel Stop #865,"I-35, Exit 186",Perry,OK,483,3.389,-97.2842000,36.2875000,city_centroid
6513,71832,SHEETZ #753,SR 3,Seville,OH,249,3.08233333,-81.8562000,41.0227000,city_centroid
6514,71833,Circle K #2706636,US HWY 43,Jackson,AL,715,3.899,-87.8672000,31.5131000,city_centroid
6515,71835,CUZZS TRAVEL DEPOT,US 43 N,Thomasville,AL,715,3.599,-87.7598000,31.9067000,city_centroid
6516,71836,DUCK THRU FOOD STORE #59,US 13 EXIT 119,Greenville,NC,205,3.499,-77.3729250,35.5936750,city_centroid
6517,71837,RUTTERS #86,"US-15, EXIT 17 & SR-26",Frederick,MD,70,3.899,-77.4076000,39.4222000,city_centroid
6518,71838,RUTTERS #24,SR-74 & SR-2069,Brogue,PA,70,4.099,-76.4673000,39.8608000,city_centroid
6519,71839,RUTTERS #92,US-222 & SR-737,Kutztown,PA,90,3.699,-75.7774000,40.5214000,city_centroid
6520,71840,NEON MARKETPLACE,"SR-79, EXIT 10",Fall River,MA,175,3.949,-71.1520800,41.6971200,city_centroid
6521,71841,Quick Fuel #3193,US-69,Kansas City,KS,400,3.34566666,-94.6842154,39.1058154,city_centroid
6522,71844,HD EXPRESS MART,US 20,Clyde,OH,550,3.379,-82.9918000,41.3024000,city_centroid
6523,71845,ALLSUPS #2424,US 180,Millsap,TX,630,2.984,-97.9561000,32.7457000,city_centroid
6524,71848,CLIFTON SUPER STOP,"I-16, EXIT 104",Metter,GA,195,3.249,-82.0607000,32.4010000,city_centroid
6526,71850,CEDAR GROVE OASIS,"I-43, Exit 113",Cedar Grove,WI,444,3.239,-87.8401000,43.5751000,city_centroid
6527,71851,PWI #164,I-35/US-77 & FM-3115,Abbott,TX,765,2.89233333,-97.0671000,31.8916000,city_centroid
6528,71852,KWIK TRIP #1164,US-63,Spooner,WI,295,3.599,-91.9155000,45.8505000,city_centroid
6529,71853,Landmark Travel Center,I-20 EXIT 301,Clyde,TX,575,2.90066666,-99.5184000,32.3803000,city_centroid
6530,71854,EXXON DBA Pilot #1289,US 75 EXIT 72,Denison,TX,630,3.239,-96.5365500,33.7309500,city_centroid
6531,71855,BYRNE DAIRY #136,I-90 Exit 37,Liverpool,NY,220,3.659,-76.2027333,43.0947000,city_centroid
6532,71856,GO TIME #7,"I-75, EXIT 29",Corbin,KY,410,2.999,-84.1026000,36.9359000,city_centroid
6533,71857,QUIKTRIP #1196,"I-20, EXIT 11 & SR-144",Graniteville,SC,135,3.159,-81.8147000,33.5630000,city_centroid
6534,71858,QUIKTRIP #7224,"I-20, EXIT 112",West Monroe,LA,719,2.89233333,-92.1736000,32.4930333,city_centroid
6535,71859,ALLSUPS #2415,SR 6,Meridian,TX,765,2.96566666,-97.6443000,31.9290000,city_centroid
6536,71860,PILOT #1347,"I-59, EXIT 5A",Pearl River,LA,725,3.164,-89.7732000,30.3944000,city_centroid
6537,71862,Loves Travel Stop #863,I-90 & SR-528,Madison,OH,305,3.849,-81.0588000,41.8054000,city_centroid
6538,71864,MPC #30,"I-44, Exit 195",Saint James,MO,540,2.98566666,-91.6076000,38.0056000,city_centroid
6539,71865,RACETRAC #574,"I-30, EXIT 68",Rockwall,TX,630,2.924,-96.4256500,32.9176000,city_centroid
6541,71867,HOLIDAY STATIONSTORE #2653855,US-12,Aberdeen,SD,530,3.10733333,-98.4188000,45.5278500,city_centroid
6542,71868,RACETRAC #2456,SR-44 & CR-491,Lecanto,FL,140,3.31566666,-82.4981500,28.8554500,city_centroid
6543,71869,PORT FUEL CENTER,"I-516, EXIT 7B & SR-21",Port Wentworth,GA,195,3.18233333,-81.1632000,32.1491000,city_centroid
6544,71870,Circle K #2706479,US-280,Sylacauga,AL,615,3.799,-86.3143500,33.1736500,city_centroid
6545,71871,KWIK TRIP #1133,US-10 & SR-85,Durand,WI,295,3.43066666,-91.9295000,44.6300000,city_centroid
6546,71872,KWIK STAR #1189,"I-80, EXIT 110",De Soto,IA,320,3.224,-94.0303000,41.5208000,city_centroid
6547,71873,KWIK TRIP #1182,"I-35E, EXIT 123B",Hugo,MN,448,3.37733333,-92.9452000,45.1824000,city_centroid
6548,71874,Rutters #85,I-76 & US-30,Bedford,PA,14,4.099,-78.5261000,39.9908000,city_centroid
6549,71875,LOVES TRAVEL STOP #615,US-59 & US-79,Carthage,TX,618,3.10233333,-94.3527000,32.1544000,city_centroid
6550,71876,LOVES TRAVEL STOP #861,"I-75, EXIT 72 & SR-72",Loudon,TN,285,3.58733333,-84.3436000,35.7292000,city_centroid
6551,71877,LOVES TRAVEL STOP #859,"I-80, EXIT 116 & US-6",Morris,IL,290,3.789,-88.4178000,41.3672000,city_centroid
6552,71878,LOVES TRAVEL STOP #872,SR-78 & CR-27,Lancaster,OH,315,3.27566666,-82.6031000,39.7187000,city_centroid
6553,71879,Gas N Wash Schoolhouse,FM-74,New Lenox,IL,399,3.699,-87.9631000,41.5067000,city_centroid
6554,71883,QUIKTRIP #4178,SR-130,Hutto,TX,595,2.91566666,-97.5672000,30.5257000,city_centroid
6555,71886,QUIKTRIP #7136,US-17,Brunswick,GA,195,3.074,-81.5091000,31.2104000,city_centroid
6556,71887,SHELL,I-80 & SR-63,Greenwood,NE,413,3.399,-96.4258000,40.9706000,city_centroid
6557,71888,KJS ALPINE,US HWY 26,Alpine,WY,825,3.799,-111.0180000,43.1635000,city_centroid
6558,71889,Payson Cardlock,SR 260 & SR 87,Payson,AZ,930,3.709,-111.2878000,34.2386500,city_centroid
6559,71890,Carter Flagstaff Cardlock (Bulk Plant),I-40 Exit 198,Flagstaff,AZ,930,3.689,-111.6415750,35.1910500,city_centroid
6560,71892,Tropic Fleet Bradenton Cardlock,US 301,Bradenton,FL,225,3.499,-82.5102500,27.4551333,city_centroid
6562,71894,Majors 663 Nacogdoches Truck Plaza,US-259 & US-59,Nacogdoches,TX,618,3.029,-94.6163000,31.6516800,city_centroid
6563,71897,ONE9 XPRESS FUEL #1349,I-10 EXIT 140B,Van Horn,TX,640,3.459,-104.8245000,31.0391000,city_centroid
6564,71898,Loves Travel Stop #867,I-55 Exit 165,Normal,IL,280,3.389,-88.9931500,40.5113500,city_centroid
6565,71898,Loves Travel Stop #867,I-55 Exit 165,Normal,IL,280,3.489,-88.9931500,40.5113500,city_centroid
6566,71899,LOVES TRAVEL STOP #882,US-61/SR-92,Muscatine,IA,270,3.439,-91.0509000,41.4304000,city_centroid
6568,71903,ALLSUPS #2412,SR 199 W,Springtown,TX,630,2.919,-97.6836000,32.9660000,city_centroid
6569,71904,SHEETZ #745,I-90 EXIT 212,Madison,OH,305,3.08233333,-81.0588000,41.8054000,city_centroid
6570,71906,COMPASS TRAVEL CENTER,"I-65, EXIT 230",Demotte,IN,365,3.24233333,-87.2491000,41.1713000,city_centroid
6571,71909,RACETRAC #2604,I-75 Exit 126,Mcdonough,GA,67,3.199,-84.1047000,33.4639000,city_centroid
6572,71910,KWIK TRIP #793,"I-35, EXIT 59",Faribault,MN,448,3.424,-93.2818000,44.2945000,city_centroid
6573,71911,MAVERIK COUNTRY STORE #706,SR-10,Castle Dale,UT,835,3.439,-111.0196000,39.2122000,city_centroid
6574,71912,FUEL CITY WYLIE,SR-78,Wylie,TX,630,2.96566666,-96.5394000,33.0041000,city_centroid
6575,71913,Circle K #4702456,I-69,Martinsville,IN,375,3.599,-86.4668000,39.4776000,city_centroid
6576,71914,HUCKS FOOD & Fuel #309,I-169 Exit 8,Hopkinsville,KY,490,3.474,-87.4881500,36.8638500,city_centroid
6577,71916,Spinx 317,US-17 ALT,Moncks Corner,SC,42,3.31233333,-80.0233000,33.1971000,city_centroid
6578,71919,THE SPORTSMAN 2 TRAVEL PLAZA,I-35 EXIT 480,Sanger,TX,630,2.97566666,-97.1814000,33.3563000,city_centroid
6579,71922,Plaza of The Flint Hills,I-70 Exit 32B,Alma,KS,553,3.299,-96.2923000,39.0092000,city_centroid
6580,71923,SHEETZ #740,US-23 & SR-752,Ashville,OH,315,3.10233333,-82.9864670,39.7233140,census
6581,71924,JIFFY,I-80 Exit 60,Shippenville,PA,240,4.13233333,-79.4332000,41.2475000,city_centroid
6582,71925,QUIKTRIP #7140,"I-24, EXIT 175 & US-41",Chattanooga,TN,285,2.91566666,-85.2769687,35.0403375,city_centroid
6583,71926,QUIKTRIP #186,SR-150,Grandview,MO,400,3.199,-94.5205000,38.8819000,city_centroid
6584,71927,Allsups Convenience #2420,US 283,Altus,OK,770,2.979,-99.3272500,34.6432500,city_centroid
6585,71929,STUCKEYS TRAVEL CENTER,I-10 & FM-365,Beaumont,TX,610,2.824,-94.1519909,30.0909091,city_centroid
6586,71931,QUIKTRIP #7071,I-75 & SR-133/401,Valdosta,GA,10,3.03233333,-83.2727333,30.8447333,city_centroid
6587,71932,MCCLURE OIL #60,US 35,Logansport,IN,370,3.799,-86.3599000,40.7604000,city_centroid
6588,71933,RHODES CONVENIENCE STORES,US-62,Sikeston,MO,275,3.35066666,-89.5820000,36.8911000,city_centroid
6589,71934,SHEETZ #759,I-71 & SR-734,Jeffersonville,OH,315,3.06566666,-83.5687000,39.6590000,city_centroid
6590,71935,SPEEDWAY #1695,I-87 EXIT 23,Albany,NY,12,3.849,-73.7854231,42.6756692,city_centroid
6591,71936,QUIKTRIP #7907,I-44 EXIT 1D,Wichita Falls,TX,770,2.859,-98.5046375,33.9061500,city_centroid
6592,71937,KWIK TRIP #1173,CR-10,Waconia,MN,451,3.60733333,-93.7784000,44.8510000,city_centroid
6593,71941,RACETRAC #2628,I-85 EXIT 62 & US-280,Opelika,AL,50,2.999,-85.3464333,32.6001333,city_centroid
6594,71942,BYRNE DAIRY #135,I-81 & SR-481,Liverpool,NY,220,4.199,-76.2027333,43.0947000,city_centroid
6595,71943,DK #11823,I-20 & FM-1768,Midland,TX,612,2.98233333,-102.0802125,31.9653750,city_centroid
6596,71944,DK #13903,SR-108,Texarkana,AR,635,3.04066666,-93.8765000,33.4310000,city_centroid
6597,71945,DK #13904,I-40 EXIT 233 & SR-261,Palestine,AR,695,3.01566666,-90.9049000,34.9663000,city_centroid
6598,71946,Allsups #102450,US-87,Eden,TX,739,3.179,-99.8407000,31.2192000,city_centroid
6599,71947,PETRO USA,I-76 EXIT 2 & SR-3,Seville,OH,305,3.079,-81.8562000,41.0227000,city_centroid
6600,71948,19 AND 75 FILLING STATION,US-75 & SR-19,Ivanhoe,MN,432,3.394,-96.2473000,44.4633000,city_centroid
6601,71949,24 STORE SHELBY,SR-61,Shelby,OH,249,3.499,-82.6549000,40.8784000,city_centroid
6602,71950,77/36 DUCHESS,I-77 & US-36,Newcomerstown,OH,542,3.299,-81.5940000,40.2739000,city_centroid
6603,71951,7-ELEVEN #39448,I-81 & SR-682,Mount Crawford,VA,185,3.31566666,-78.8957000,38.3457000,city_centroid
6604,71953,ALEX'S TRUCK STOP,US-61,Tunica,MS,435,3.299,-90.3685000,34.6884000,city_centroid
6605,71957,B&M Quickstop,SR-8,Mineral Point,MO,540,3.699,-90.7193000,37.9156000,city_centroid
6606,71958,BELL STORES,I-77 & CR-80,Dover,OH,249,3.399,-81.4763000,40.5343000,city_centroid
6607,71960,BELL STORES #1159,US-30 & CR-144,Wooster,OH,249,3.659,-81.9483000,40.8094000,city_centroid
6608,71961,BELL STORES #54,US-250 & SR-241,Mount Eaton,OH,249,3.499,-81.7026000,40.6949000,city_centroid
6609,71962,BELLSTORES,SR-598,Galion,OH,315,3.499,-82.7939000,40.7303000,city_centroid
6610,71965,CIRCLE K #2709989,US-167 & CR-405,Sheridan,AR,695,3.599,-92.3657000,34.3165000,city_centroid
6611,71966,BLACK DIAMOND TRAVEL CENTER,I-26 & SR-173,Unicoi,TN,405,3.40233333,-82.3220000,36.2066000,city_centroid
6612,71967,BLOC STOP TRAVEL CENTER,US-19 & SR-133,ALBANY,GA,10,3.799,-84.1645889,31.5641444,city_centroid
6613,71968,BLONDIES FOOD AND FUEL,US-90 & SR-69,Grand Ridge,FL,20,3.59066666,-85.0201645,30.7194640,census
6614,71969,BORDERVIEW GROCERY,US-11 & CR-19,Champlain,NY,39,3.799,-73.4466000,44.9773000,city_centroid
6615,71970,BLUE BIRD 3 EXPRESS,"US-78, EXIT 1",Olive Branch,MS,435,3.199,-89.8544000,34.9441000,city_centroid
6616,71971,BOUND BROOK BP,I-287 Exit 13B & SR-28,Bound Brook,NJ,202,3.249,-74.5397000,40.5681000,city_centroid
6617,71972,BOWMAN,I-81 Exit 1,Williamsport,MD,22,3.83233333,-77.8087000,39.5930000,city_centroid
6618,71973,SHEETZ #703,I-40 & US-70,Garner,NC,177,2.859,-78.5975000,35.6813000,city_centroid
6619,71975,BP,I-81 & SR-177,Christiansburg,VA,185,3.799,-80.4186000,37.1450500,city_centroid
6621,71977,BP,SR-47,Sugar Grove,IL,296,3.599,-88.4397000,41.7741000,city_centroid
6622,71978,BP,I-29 & US-34,Pacific Junction,IA,319,3.399,-95.8046000,41.0271000,city_centroid
6623,71979,KENT KWIK #219,SR-338,Odessa,TX,710,3.00733333,-102.3777500,31.8486000,city_centroid
6624,71980,KENT KWIK #433,US-87,San Angelo,TX,739,3.13233333,-100.4454800,31.4593600,city_centroid
6625,71981,SHEETZ #488,US-13 & US-264,Greenville,NC,205,2.899,-77.3729250,35.5936750,city_centroid
6626,71982,MAVERIK COUNTRY STORE #665,SR-201,Magna,UT,835,3.399,-112.0809000,40.7009000,city_centroid
6627,71983,MAVERIK COUNTRY STORE #702,I-80 Exit 59,Sidney,NE,475,3.11233333,-102.9907500,41.1792500,city_centroid
6628,71984,BP,I-43 & SR-11,Elkhorn,WI,420,3.149,-88.5462000,42.7009000,city_centroid
6629,71985,Brew #12,US-20 & SR-31,Correctionville,IA,527,3.559,-95.7804000,42.4743000,city_centroid
6630,71988,C AND W GLOBAL,SR-429 & SR-438,Winter Garden,FL,140,3.074,-81.5943667,28.5497333,city_centroid
6631,71990,Allsups #2418,US-84,Snyder,TX,612,2.97233333,-100.9175500,32.7315000,city_centroid
6632,71991,TA Express Fairview #943,US 36,Fairview,KS,570,3.299,-95.7110000,39.8445000,city_centroid
6633,71992,7-ELEVEN #41263,US-13,Bridgeville,DE,243,3.399,-75.6088000,38.7366000,city_centroid
6634,71994,7-ELEVEN #42058,SR-572,Lakeland,FL,225,3.48233333,-81.9670364,28.0435273,city_centroid
6635,71995,Chevron,"I-40, EXIT 218 & US-285",Clines Corners,NM,593,3.41566666,-105.6692000,35.0095000,city_centroid
6636,71996,BP,"I-43, EXIT 164 & CR-Z",Maribel,WI,360,3.249,-87.8055000,44.2852000,city_centroid
6638,71999,7-ELEVEN #41813,"I-85, EXIT 60",Duncan,SC,46,3.099,-82.1258000,34.9176000,city_centroid
6639,72000,7-ELEVEN #41309,US-41,Nokomis,FL,225,3.379,-82.4581500,27.1412000,city_centroid
6640,72001,7-Eleven #41963,"I-65, EXIT 98",Goodlettsville,TN,460,3.049,-86.7172500,36.3324000,city_centroid
6641,72003,7-ELEVEN #42012,"I-77, EXIT 24 & US-21",Blythewood,SC,210,3.109,-80.9758000,34.1911000,city_centroid
6642,72004,7-ELEVEN #41578,US-13,Seaford,DE,243,3.359,-75.6041000,38.6404000,city_centroid
6643,72006,CIRCLE K #4707123,SR-2,Canaan,ME,26,3.759,-69.5498000,44.7450000,city_centroid
6644,72008,CASHS #4469,US-278 & US-63,Warren,AR,635,3.499,-92.0778000,33.6140000,city_centroid
6645,72009,CEFCO #1059,SR-274,Kemp,TX,641,2.909,-96.2161000,32.2486000,city_centroid
6646,72011,CEFCO #107,US 190,Lampasas,TX,595,2.899,-98.1834000,31.0680000,city_centroid
6647,72012,CEFCO #108,US-77,Waco,TX,765,2.99233333,-97.1492583,31.5548417,city_centroid
6648,72013,CEFCO #1081,US-59,Queen City,TX,723,3.024,-94.1537000,33.1557000,city_centroid
6649,72014,CEFCO #1086,US-259,Longview,TX,766,2.959,-94.7624875,32.5098000,city_centroid
6650,72015,CEFCO #1096,US-82,Paris,TX,723,2.96566666,-95.5279667,33.6665000,city_centroid
6651,72016,Cefco #11,US-84,Waco,TX,765,2.99566666,-97.1492583,31.5548417,city_centroid
6652,72017,CEFCO #1102,SR-24 & SR-286,Paris,TX,723,2.96566666,-95.5279667,33.6665000,city_centroid
6653,72018,CEFCO #2071,US-377 & FM-381,Early,TX,739,2.92566666,-98.9342500,31.7647500,city_centroid
6654,72019,CEFCO #2081,US-84,Post,TX,700,2.94233333,-101.3922000,33.2017000,city_centroid
6655,72020,CEFCO #2082,SR-206 & SR-36,Cross Plains,TX,575,3.159,-99.1872000,32.1482000,city_centroid
6656,72021,CEFCO #30,US-77 & SR-320,Lott,TX,765,3.011,-97.0581000,31.1925000,city_centroid
6657,72022,CEFCO #65,US-84 & FM-116,Gatesville,TX,765,2.96566666,-97.7890000,31.4261667,city_centroid
6658,72024,CENEX,US-2,Stanley,ND,452,3.58233333,-102.4185000,48.3458000,city_centroid
6659,72025,CENEX,US-2,Devils Lake,ND,355,3.24066666,-98.8616000,48.1132000,city_centroid
6660,72026,CENEX,"I-94, EXIT 84 & SR-8",Richardton,ND,273,3.509,-102.2920000,46.8426000,city_centroid
6661,72028,CENEX,US-52 & SR-15,Fessenden,ND,390,3.531,-99.6434000,47.6286000,city_centroid
6662,72029,CENEX,SR-40,Tioga,ND,452,3.57566666,-102.9576000,48.3646000,city_centroid
6664,72031,CENEX HARWOOD,"I-29/US-81, EXIT 72",Harwood,ND,341,3.359,-96.9654000,46.9565000,city_centroid
6665,72033,CHARLIE BS,SR-246,Greenwood,SC,30,2.987,-82.1614000,34.1975000,city_centroid
6666,72034,CHARLIES MARKET,SR-172,Salt Lake City,UT,835,3.459,-111.8778419,40.7262129,city_centroid
6667,72038,CHEVRON,I-55 & SR-570,McComb,MS,759,3.28233333,-90.4274000,31.2103500,city_centroid
6668,72039,CHEVRON,SR-20 & SR-65,Hosford,FL,145,3.299,-84.7981720,30.3902180,census
6669,72041,CHEVRON,SR-20 & SR-71,Blountstown,FL,145,3.299,-85.0620000,30.4394000,city_centroid
6670,72044,Maverik Country Store #709,I-40 Exit 163,Williams,AZ,930,3.219,-112.1707000,35.5434000,city_centroid
6671,72045,MAVERIK COUNTRY STORE #710,US-6,Helper,UT,835,3.44566666,-110.8560000,39.6737000,city_centroid
6672,72046,CHEVRON DBA ONE9 #1429,US-30 & US-95,Fruitland,ID,785,3.349,-116.9143000,44.0027000,city_centroid
6673,72046,CHEVRON,US-30 & US-95,Fruitland,ID,785,3.39233333,-116.9143000,44.0027000,city_centroid
6674,72054,CHEVRON,US-45,Guntown,MS,742,3.299,-88.6975000,34.4563000,city_centroid
6675,72060,CHEVRON FOOD MART #20,US-45 & SR-16,Scooba,MS,705,3.199,-88.4883000,32.8402000,city_centroid
6676,72063,CIRCLE K #2655785,US-301,Upper Marlboro,MD,60,3.999,-76.7982000,38.8342400,city_centroid
6677,72066,CIRCLE K #2741094,SR-46,Seguin,TX,740,2.959,-97.9670000,29.5865500,city_centroid
6678,72067,CIRCLE K #2741822,US-90 & FM-471,Castroville,TX,740,2.91233333,-98.8714400,29.3557200,census
6679,72071,7-Eleven #42182,Ashley Phosphate Rd & Cross Country Rd,North Charleston,SC,42,3.459,-80.0729890,32.9293030,census
6680,72072,PARKERS #92,SR 17,Guyton,GA,195,2.999,-81.3896000,32.3140000,city_centroid
6681,72073,CIRCLE K #2723791,I-85 & SR-54,Graham,NC,65,3.609,-79.3814000,36.0310000,city_centroid
6682,72074,CIRCLE K #2741566,US-84 & FM-2837,Woodway,TX,765,2.999,-97.2311000,31.5051000,city_centroid
6684,72077,COLDWATER TRAVEL CENTER,I-55 & SR-306,Coldwater,MS,435,3.099,-89.9869000,34.6924000,city_centroid
6685,72078,STRIPES #42150,"I-69C, Exit 9 & US-281",Edinburg,TX,598,3.00566666,-98.1750500,26.3737750,city_centroid
6686,72080,Corner Store,US-180/62,Seminole,TX,710,3.129,-102.6828000,32.7210000,city_centroid
6687,72081,STRIPES #2146,US-181 & SR-361,Ingleside,TX,625,3.299,-97.2069000,27.8682000,city_centroid
6688,72082,COUNTRYMARK,SR-124,Bluffton,IN,370,3.76566666,-85.1622000,40.7368000,city_centroid
6689,72083,DANDY DANS,US-49/SR-42,Hattiesburg,MS,620,3.06566666,-89.3403000,31.2882750,city_centroid
6690,72084,DANDY MINI MART #60,US-6 & SR-14,Troy,PA,31,3.999,-76.7711000,41.7781000,city_centroid
6691,72086,DELT EXPRESS,SR-52,SAMSON,AL,127,3.699,-86.0674000,31.1049000,city_centroid
6692,72087,DELTA,US-9,Jersey City,NJ,115,3.239,-74.0665667,40.7275333,city_centroid
6693,72089,CASEYS #4567,SR-55,Columbia,KY,410,3.159,-85.2656000,37.1161000,city_centroid
6694,72090,DOMINO #128,US-81 & SR-66,El Reno,OK,483,3.199,-97.9591000,35.5335000,city_centroid
6695,72091,DUCK THRU FOOD STORE #54,US-64,Columbia,NC,470,3.523,-76.2345000,35.9057000,city_centroid
6696,72092,DUCK THRU FOOD STORE #57,SR-42/SR-43,Pinetops,NC,205,3.574,-77.6378000,35.7885000,city_centroid
6697,72096,EXPRESS #29,SR-29,East Dublin,GA,85,3.63233333,-82.8718000,32.5482000,city_centroid
6698,72097,EXPRESSWAY SERVICE STATION,US-287 & SR-25,Electra,TX,770,2.999,-98.9155000,34.0362000,city_centroid
6699,72100,Exxon,"I-22/US-78, Exit 10 & SR-178",Byhalia,MS,435,3.199,-89.6763000,34.8854000,city_centroid
6700,72101,EXXON,US-24,Redford,MI,325,3.699,-83.2953000,42.4010000,city_centroid
6701,72104,LOVES TRAVEL STOP #170,I-44 EXIT 166 & SR-18,CHANDLER,OK,483,3.08733333,-96.8809000,35.7017000,city_centroid
6702,72105,LOVES TRAVEL STOP #171,SR-375 & SR-31,McAlester,OK,560,3.43733333,-95.7644500,34.9298000,city_centroid
6703,72106,Loves Country Store #118,US-77 & SR-29,Wynnewood,OK,569,2.989,-97.1770000,34.6385000,city_centroid
6704,72108,FARMERS UNION OIL OF CARPIO,US-52 & SR-28,Carpio,ND,452,3.384,-101.7119000,48.4323000,city_centroid
6705,72110,FAST STOP,US-84 & CR-1800,Lubbock,TX,700,2.999,-101.8859000,33.5644895,city_centroid
6707,72112,Flyers #3219,US-60,Claypool,AZ,930,3.849,-110.8149000,33.4154000,city_centroid
6708,72113,Food N Fuel,US-6 & CR-4,New Lenox,IL,296,3.399,-87.9631000,41.5067000,city_centroid
6709,72113,Food N Fuel,US-6 & CR-4,New Lenox,IL,296,3.499,-87.9631000,41.5067000,city_centroid
6710,72114,Gas House,"I-77, Exit 49B",Statesville,NC,46,3.424,-80.8890333,35.8155667,city_centroid
6711,72115,FRIENDSHIP FOOD & FUEL,SR-15 & CR-244,Ecru,MS,576,3.799,-89.0109000,34.3366000,city_centroid
6712,72116,FRIENDSHIP FOOD MART #90,I-90 & SR-57,Elyria,OH,305,3.779,-82.0911000,41.3869500,city_centroid
6713,72118,GAS N WASH,I-355 & SR-7,HOMER GLEN,IL,296,3.599,-87.9599000,41.6028000,city_centroid
6714,72119,Gas N Wash Cicero,SR-50,Berwyn,IL,291,3.599,-87.7914000,41.8347000,city_centroid
6715,72119,Gas N Wash Cicero,SR-50,Berwyn,IL,291,3.569,-87.7914000,41.8347000,city_centroid
6716,72120,GAS PRO TRAVEL CENTER,US-301/25,Statesboro,GA,195,3.129,-81.7624500,32.4389250,city_centroid
6717,72122,KWIK TRIP #1115,US-63 & US-8,Turtle Lake,WI,295,3.65566666,-92.1781000,45.4213000,city_centroid
6718,72124,GET GO #3016,I-376 & SR-18,Monaca,PA,96,5.499,-80.2917000,40.6718000,city_centroid
6719,72125,GETGO #7520,I-65 & US-31,Edinburgh,IN,375,3.359,-85.9707000,39.3626000,city_centroid
6720,72126,GETGO #7526,I-69 & SR-332,Yorktown,IN,457,3.343,-85.4960000,40.1836000,city_centroid
6721,72128,GETGO #7545,I-65 & SR-400,Whitestown,IN,375,3.30233333,-86.3507000,40.0000000,city_centroid
6722,72130,GILBERTS SHELL,SR-72 & CR-59,Gilberts,IL,290,3.279,-88.3691000,42.0984000,city_centroid
6723,72132,GO TIME 4,I-64 Exit 94 & SR-1958,Winchester,KY,410,2.90733333,-84.1793000,37.9886500,city_centroid
6724,72134,Gulf,US-422 & SR-528/168,Parkman,OH,573,3.649,-81.0651000,41.3706000,city_centroid
6725,72136,HANA TRAVEL CENTER,"I-30, EXIT 153 & SR-185",Winfield,TX,723,3.079,-95.1119000,33.1673000,city_centroid
6727,72142,CASEYS #3990,"I-90E, exit 96 and SR-17",Elkhart,IN,465,3.629,-85.9711250,41.6788250,city_centroid
6728,72143,Caseys #4023,US 36 & US 183,Phillipsburg,KS,357,3.29233333,-99.3328000,39.7623000,city_centroid
6729,72144,HUCKS FOOD & FUEL #397,US-68 & SR-432,Bowling Green,KY,487,3.499,-86.4200500,36.9608750,city_centroid
6730,72145,JP ZEBULON,US-19,Zebulon,GA,67,3.135,-84.3108000,33.1002000,city_centroid
6731,72146,HUTTER'S,SR-72,Jonestown,PA,70,3.719,-76.5038000,40.4361000,city_centroid
6732,72148,IRON HORSE TRAVEL CENTER,I-20 EXIT 270 & FM-1235,Merkel,TX,575,2.87566666,-99.9867480,32.4684870,census
6733,72149,IVOR MART,US-460,Hopewell,VA,180,3.699,-77.2950000,37.2876000,city_centroid
6734,72150,J AND R MARKET,SR-105 & SR-326,Sour Lake,TX,610,3.159,-94.3733000,30.1491000,city_centroid
6735,72153,Jet Food Store,SR-15 & SR-46,Soperton,GA,85,3.41566666,-82.5928800,32.3800940,census
6736,72154,JET FOOD STORE #93,US-280 & SR-135,Vidalia,GA,195,3.43233333,-82.3903000,32.1854500,city_centroid
6737,72155,JIFFY TRIP #142,US-77,Newkirk,OK,500,3.059,-97.0561000,36.8400000,city_centroid
6738,72156,JORDANS KWIK STOP #5,US-412,Portia,AR,418,3.37566666,-91.0673000,36.0865000,city_centroid
6739,72157,JORDANS KWIK STOP #52,US-67 & SR-304,Pocahontas,AR,418,3.31233333,-90.9968000,36.2829000,city_centroid
6740,72160,KENJO MARKET #52,US-321,Maryville,TN,405,3.249,-83.9820500,35.7244750,city_centroid
6741,72162,Krazy K's,US-45,Buckatunna,MS,620,3.149,-88.5289000,31.5391000,city_centroid
6742,72163,KWIK FILL,US-206,Hillsborough,NJ,115,3.399,-74.6272000,40.4775000,city_centroid
6743,72170,STRIPES # 41977,"I-2, EXIT 168",La Feria,TX,639,3.219,-97.8261000,26.1666000,city_centroid
6744,72171,LAWTEY SHELL SERVICE,US-301,Lawtey,FL,75,3.599,-82.1055000,30.0472000,city_centroid
6745,72175,ALLSUPS #2410,"I-35/US-77, EXIT 368 & SR-22",Whitney,TX,765,2.96566666,-97.3463000,31.9713000,city_centroid
6746,72180,LITTLEFIELD EXPRESS #4,I-40 Exit 321,Muldrow,OK,645,3.419,-94.6332000,35.4020000,city_centroid
6747,72181,LITTLEFIELD EXPRESS #7,US-167,Cave City,AR,418,3.349,-91.5444000,35.9517000,city_centroid
6748,72182,LULING MINI MART,I-10 Exit 628 & SR-80,Luling,TX,595,2.96566666,-97.6499000,29.6826000,city_centroid
6749,72184,MACS 33,US-49,Florence,MS,620,2.899,-90.1312000,32.1535000,city_centroid
6750,72185,Circle K #2709332,US-231/SR-53,Montgomery,AL,720,3.259,-86.2745444,32.3602500,city_centroid
6751,72188,MARATHON,US-61 & SR-637,Reserve,LA,623,3.749,-90.5518000,30.0603000,city_centroid
6752,72189,MARATHON,I-75 & CR-20,Middletown,OH,317,3.21566666,-84.3939500,39.5236000,city_centroid
6753,72190,Minuteman Food Mart #37,US-74,Leland,NC,245,3.389,-78.0578000,34.2680000,city_centroid
6754,72191,MARATHON RIVERSIDE GAS,I-80 & CR-6,Elkhart,IN,465,3.499,-85.9711250,41.6788250,city_centroid
6755,72192,MASSEY FUEL,"I-95, EXIT 30",Bridgeport,CT,100,3.399,-73.1919375,41.1838375,city_centroid
6756,72193,MERRIMAN COUNTRY STORE,SR-1 & CR-3700,Allen,OK,569,3.099,-96.4151000,34.8691000,city_centroid
6757,72194,Mobil,I-57,Riverdale,IL,365,3.699,-87.6301000,41.6496000,city_centroid
6758,72195,MOBIL,US-46,Columbia,NJ,90,3.079,-75.0550000,40.9388000,city_centroid
6759,72196,MORGAN OIL,US-224 & CR-231,Lowellville,OH,573,3.399,-80.5416000,41.0503000,city_centroid
6760,72197,MOTOMART #3369,SR-370 E,Saint Charles,MO,540,3.04233333,-90.5395500,38.7713250,city_centroid
6761,72199,MPC #99A,I-270 Exit 22B,Hazelwood,MO,540,3.059,-90.3669000,38.7809000,city_centroid
6762,72199,ZX,I-270 Exit 22B,Hazelwood,MO,540,3.059,-90.3669000,38.7809000,city_centroid
6763,72200,Swift Mart,I-55/SR-7 & US-51,Grenada,MS,655,3.36566666,-89.8085500,33.7720500,city_centroid
6764,72201,MUDD CREEK COUNTRY STORE,US-79,Franklin,TX,670,3.194,-96.5171000,31.0001000,city_centroid
6765,72202,MUSTANG MARKET,I-80 Exit 73,Sparks,NV,966,4.199,-119.7259200,39.5835000,city_centroid
6766,72205,NIC'S,SR-97,Bainbridge,GA,20,3.379,-84.5759667,30.9088333,city_centroid
6767,72206,NORTHLAKE BP,I-294 & US-45,Melrose Park,IL,290,3.699,-87.8690667,41.9074333,city_centroid
6768,72206,NORTHLAKE BP,I-294 & US-45,Melrose Park,IL,290,3.599,-87.8690667,41.9074333,city_centroid
6769,72207,NZT,I-294,Alsip,IL,365,3.389,-87.7357000,41.6721000,city_centroid
6770,72207,NZT,I-294,Alsip,IL,365,3.589,-87.7357000,41.6721000,city_centroid
6771,72210,CITGO,US-70,Princeton,NC,205,3.699,-78.1674000,35.4558000,city_centroid
6772,72212,PARKERS #72,US-52 & SR- 402,Moncks Corner,SC,42,3.25566666,-80.0233000,33.1971000,city_centroid
6773,72215,PIT STOP #1,SR-31 & SR-34,Weedsport,NY,220,3.899,-76.5580760,43.0555360,census
6774,72216,Pit Stop #14,US-20/US-16,Worland,WY,836,3.829,-107.9563000,44.0138000,city_centroid
6775,72217,PIEDMONT PETROLEUM,US-501,Lynchburg,VA,185,3.459,-79.1560500,37.3720375,city_centroid
6776,72219,QUICK FILL,US-78/SR-4,Eastaboga,AL,587,3.099,-85.9608000,33.6031000,city_centroid
6777,72222,RAINY LAKE OIL,CR-332 & CR-24,International Falls,MN,334,3.379,-93.4110000,48.6010000,city_centroid
6778,72224,RAYMOND TRUCK STOP,US-1/US-9,Newark,NJ,115,3.259,-74.1971917,40.7392333,city_centroid
6779,72225,SHEETZ #144,US-220 & SR-55,Moorefield,WV,60,3.289,-78.9745000,38.9907000,city_centroid
6780,72226,REBEL GAS MART,SR-7,Oxford,MS,435,3.049,-89.4835000,34.3308000,city_centroid
6781,72227,RED BANKS VALERO,I-22 & SR-178,Red Banks,MS,435,2.999,-89.5649000,34.8937000,city_centroid
6782,72228,REFUEL #1043,US-15,Sumter,SC,42,3.09566666,-80.3629750,33.9100750,city_centroid
6783,72229,REFUEL #1047,US-521,Sumter,SC,42,3.00566666,-80.3629750,33.9100750,city_centroid
6784,72230,REFUEL #1116,US-64,Apex,NC,177,3.799,-78.8408000,35.7225000,city_centroid
6785,72231,RENO JUNCTION TRAVEL PLAZA,SR-59 & SR-387,Wright,WY,822,3.509,-105.4920000,43.7512000,city_centroid
6786,72232,RICKY ROCKETS FUEL,I-294 & US-12,HICKORY HILLS,IL,291,3.999,-87.8289000,41.7262000,city_centroid
6787,72232,RICKY ROCKETS FUEL,I-294 & US-12,HICKORY HILLS,IL,291,3.899,-87.8289000,41.7262000,city_centroid
6788,72233,ROAD RANGER #284,I-27 & FM-1729,New Deal,TX,700,2.98566666,-101.8355000,33.7296000,city_centroid
6789,72235,ROC ONE STOP #1,SR-34,Galatia,IL,473,3.559,-88.6235000,37.8274000,city_centroid
6790,72236,ROYAL FARMS #108,US-13,Cape Charles,VA,130,3.47233333,-75.9721000,37.2799000,city_centroid
6791,72237,ROYAL FARMS #135,SR-404 & SR-16,Denton,MD,194,3.339,-75.8357000,38.8595000,city_centroid
6792,72238,ROYAL FARMS #169,I-895 & US-40,Baltimore,MD,22,3.259,-76.6213000,39.3124154,city_centroid
6793,72239,ROYAL FARMS #171,US-13 & SR-24,Laurel,DE,194,3.259,-75.5631000,38.5537000,city_centroid
6794,72240,ROYAL FARMS #191,I-83 Exit 20A,Hunt Valley,MD,22,4.199,-76.6545500,39.4844000,city_centroid
6796,72242,ROYAL FARMS #311,SR-7 & SR-43,Nottingham,MD,22,3.269,-76.4871000,39.3914000,city_centroid
6797,72243,Racetrac #2611,"I-65, EXIT 116",Shepherdsville,KY,415,2.959,-85.7023500,37.9965000,city_centroid
6798,72247,SEVEN MART,I-20 & SR-17,Delhi,LA,719,3.199,-91.4714000,32.3929000,city_centroid
6800,72250,RACEWAY #6854,US-278 & SR-113,Rockmart,GA,18,3.17233333,-85.0594000,33.9979000,city_centroid
6803,72256,SHELL,US-1,Warren,ME,203,3.999,-69.2479000,44.1271000,city_centroid
6804,72257,DUCK THRU #55,US-13BYP & SR-308,Windsor,NC,205,3.239,-76.9336000,36.0159000,city_centroid
6805,72259,SHELL,SR-72 & SR-25,Dundee,IL,293,3.279,-88.2578570,42.0935280,census
6807,72261,SHELL,US-45 & CR-520,Shannon,MS,742,3.199,-88.7342000,34.1210000,city_centroid
6808,72262,7-ELEVEN #38855,"I-95, exit 58",Colonial Heights,VA,180,3.509,-77.4038000,37.2700000,city_centroid
6809,72263,SPARTAN FUELS,US-80 & SR-22,Columbus,GA,50,3.309,-84.9437364,32.4895909,city_centroid
6810,72264,CIRCLE K #2654249,SR 24 & SR 286,Paris,TX,723,2.959,-95.5279667,33.6665000,city_centroid
6811,72266,SHELL SERVICE STATION,I-65 Exit 14 & US-64,Pulaski,TN,655,3.209,-87.0393000,35.2093000,city_centroid
6812,72267,SHELL SERVICE STATION,I-90 Exit 52,Elgin,IL,290,3.279,-88.3080200,42.0419200,city_centroid
6813,72268,SHORT STOP,US-67/283,Santa Anna,TX,575,3.499,-99.3212000,31.7215000,city_centroid
6815,72274,SPINX #366,SR-642,Summerville,SC,42,3.279,-80.1898250,33.0061000,city_centroid
6816,72276,STAR 001,US-20 & SR-23,SOUTH BEND,IN,465,3.73233333,-86.2571077,41.6789846,city_centroid
6817,72277,STOP N GAS,SR-15 & SR-39,Yorkshire,NY,38,4.099,-78.4755000,42.5247000,city_centroid
6818,72278,SUN DO,I-74 Exit 197,Maxton,NC,63,3.439,-79.3097000,34.7334000,city_centroid
6819,72279,AMOCO,US-30,Clarence,IA,380,3.399,-91.0605000,41.8896000,city_centroid
6820,72281,SUNOCO,I-95 Exit 77B & SR-24,Edgewood,MD,22,3.299,-76.3055000,39.4277000,city_centroid
6821,72282,SUNOCO,I-278 Exit 48,Bronx,NY,105,4.539,-73.8781480,40.8489880,city_centroid
6822,72285,CUSSETA TRAVEL CENTER,SR 520,Cusseta,GA,50,3.199,-84.7645000,32.2990000,city_centroid
6823,72287,CASEY'S #4522,US-81,Hennessey,OK,483,3.059,-97.8926000,36.0868000,city_centroid
6824,72288,S&G #88,I-475 Exit 13 & US-20,Toledo,OH,550,3.009,-83.5728952,41.6706238,city_centroid
6825,72289,SUNOCO,SR-12 & FM-1136,Orange,TX,610,2.899,-93.8960010,30.1929620,census
6826,72290,SUNSTOP,US-19,Thomasville,GA,20,3.28233333,-83.9455667,30.8429000,city_centroid
6827,72291,Union 76,US-129,Mc Alpin,FL,75,3.659,-82.9662000,30.1509000,city_centroid
6828,72292,SUNSTOP #336,SR-121 & CR-18,Lake Butler,FL,75,3.59233333,-82.4247980,29.9463920,census
6829,72293,SUNSTOP INLAND DBA ONE9 #1402,I-10 & SR-71,Marianna,FL,20,3.299,-85.2145667,30.7449333,city_centroid
6830,72293,ONE9 #1402,I-10 & SR-71,Marianna,FL,20,3.299,-85.2145667,30.7449333,city_centroid
6831,72294,SWANTON SUNOCO,I-89 & SR-78,Swanton,VT,39,3.539,-73.1211000,44.9168000,city_centroid
6832,72295,SWIFT,US-69,Nederland,TX,610,2.98566666,-94.0012000,29.9716000,city_centroid
6833,72296,SWIFT STOP #5,US-84 & US-380,Post,TX,700,2.943,-101.3922000,33.2017000,city_centroid
6834,72297,T & M FOOD STORE,SR-113,Taylorsville,GA,193,3.367,-84.9739000,34.1229000,city_centroid
6835,72298,TARZAN AND JANE,I-20 & SR-137,Stanton,TX,612,3.299,-101.8099000,32.1400000,city_centroid
6836,72302,TEXACO,SR-114 & SR-156,Pennington,AL,705,3.19733333,-88.0490000,32.2094000,city_centroid
6837,72303,TEXACO #378602,I-59 Exit 85 & SR-590,Ellisville,MS,620,3.199,-89.2231000,31.5797000,city_centroid
6838,72305,THE ANCHOR,US-60 & CR-3500,Mountain View,MO,535,3.03233333,-91.6827980,37.0009230,census
6840,72309,Racetrac #2608,"I-59, EXIT 181 & SR-77",Gadsden,AL,587,2.999,-85.9784167,33.9836000,city_centroid
6841,72310,RACETRAC #2387,US-19,Hudson,FL,225,3.31566666,-82.6659667,28.3599333,city_centroid
6842,72313,THOMPSON'S CORNER,US-25,Millen,GA,135,3.31566666,-81.9618000,32.7877000,city_centroid
6843,72314,THORNTONS #0333,SR-59 & SR-56,Warrenville,IL,346,3.549,-88.1921000,41.8280000,city_centroid
6844,72314,THORNTONS #0333,SR-59 & SR-56,Warrenville,IL,346,3.599,-88.1921000,41.8280000,city_centroid
6845,72315,THORNTONS #221343,US-14 & SR-31,Crystal Lake,IL,293,3.499,-88.3687333,42.2739333,city_centroid
6846,72315,THORNTONS #221343,US-14 & SR-31,Crystal Lake,IL,293,3.449,-88.3687333,42.2739333,city_centroid
6847,72316,THORNTONS #221344,SR-120,Mchenry,IL,297,3.699,-88.2624500,42.3426500,city_centroid
6848,72316,THORNTONS #221344,SR-120,Mchenry,IL,297,3.649,-88.2624500,42.3426500,city_centroid
6850,72318,THORNTONS #330,I-55 & SR-50,Cicero,IL,290,3.549,-87.7602000,41.8378000,city_centroid
6851,72318,THORNTONS #330,I-55 & SR-50,Cicero,IL,290,3.599,-87.7602000,41.8378000,city_centroid
6852,72319,THORNTONS #5,I-55 & SR-50,Cicero,IL,290,3.599,-87.7602000,41.8378000,city_centroid
6853,72319,THORNTONS #5,I-55 & SR-50,Cicero,IL,290,3.649,-87.7602000,41.8378000,city_centroid
6854,72320,THORNTONS #616,SR-265,Lebanon,TN,460,2.87566666,-86.2855000,36.1788000,city_centroid
6855,72321,Thorntons #617,I-24 Exit 64,La Vergne,TN,460,2.88233333,-86.4905000,35.9361500,city_centroid
6856,72324,TREE CITY TRAVEL PLAZA,US-421,Greensburg,IN,375,3.989,-85.4918000,39.2998000,city_centroid
6857,72325,TREX MART #17,I-29 & SR-371,Platte City,MO,400,2.999,-94.7890000,39.3602000,city_centroid
6858,72326,CIRCLE K #4700101,I-65 Exit 50,Seymour,IN,375,3.499,-85.8825000,38.9571000,city_centroid
6860,72329,TROTTERS,SR-2,Broken Bow,NE,475,3.299,-99.6355000,41.4126000,city_centroid
6861,72330,TRUE NORTH #325,SR-57 & SR-113,Elyria,OH,414,3.679,-82.0911000,41.3869500,city_centroid
6862,72331,TUPELO TRAVEL STOP,SR-48 & SR-3,Tupelo,OK,569,2.999,-96.4274000,34.5598000,city_centroid
6863,72332,TXB #82 DBA KWIK CHEK FOOD STORES,US-83,Asherton,TX,693,3.259,-99.7486000,28.4364000,city_centroid
6864,72333,UNITED MARKET,US-84,Blackshear,GA,75,3.76566666,-82.2617000,31.2931000,city_centroid
6865,72335,VALERO,US-30 & SR-598,Galion,OH,411,3.499,-82.7939000,40.7303000,city_centroid
6866,72337,VALLEY COUNTRY STORE,I-84 & US-93,Jerome,ID,787,3.43233333,-114.5012000,42.7178000,city_centroid
6867,72338,VALLEY MART #05,US-90 & SR-173,Hondo,TX,740,3.199,-99.1414000,29.3475000,city_centroid
6868,72339,VP RACING FUEL,US-231,Panama City,FL,145,3.499,-85.6537875,30.1812875,city_centroid
6869,72340,WARREN OIL,US-6,Channahon,IL,399,3.779,-88.2138000,41.4347000,city_centroid
6870,72340,WARREN OIL,US-6,Channahon,IL,399,3.629,-88.2138000,41.4347000,city_centroid
6871,72342,WHITE RIVER,US-231 & SR-58,Bloomfield,IN,546,3.759,-86.8675000,39.0295000,city_centroid
6872,72343,WOLF DEN,US-97,Wapato,WA,925,3.409,-120.4265000,46.4507000,city_centroid
6873,72344,WOW FOOD MART,I-75 & US-25,Richmond,KY,410,3.609,-84.2951000,37.7512500,city_centroid
6874,72345,YAKAMART,US-97,Toppenish,WA,925,3.509,-120.3305000,46.3751000,city_centroid
6875,72346,Y-NOT STOP,US-165 & SR-10,Oakdale,LA,730,3.699,-92.6640000,30.8172000,city_centroid
6876,72347,MARATHON,I-94 Exit 121,Albion,MI,431,3.699,-84.7561000,42.2581000,city_centroid
6877,72348,7-ELEVEN #34718,"I-294, EXIT 25",Hinsdale,IL,290,3.719,-88.0087000,41.8199000,city_centroid
6878,72348,7-ELEVEN #34718,"I-294, EXIT 25",Hinsdale,IL,290,3.739,-88.0087000,41.8199000,city_centroid
6879,72348,7-ELEVEN #34718,"I-294, EXIT 25",Hinsdale,IL,290,3.839,-88.0087000,41.8199000,city_centroid
6880,72349,7-ELEVEN #34713,"I-90, EXIT 24",Belvidere,IL,290,3.739,-88.8509000,42.2595000,city_centroid
6881,72349,7-ELEVEN #34713,"I-90, EXIT 24",Belvidere,IL,290,3.659,-88.8509000,42.2595000,city_centroid
6882,72349,7-ELEVEN #34713,"I-90, EXIT 24",Belvidere,IL,290,3.879,-88.8509000,42.2595000,city_centroid
6883,72350,7-ELEVEN #34709,504 N CREGO RD,Dekalb,IL,290,4.439,-88.7548000,41.9008000,city_centroid
6884,72351,LOVES TRAVEL STOP #874,"I-65, EXIT 175 & SR-25",Lafayette,IN,365,3.67233333,-86.8716000,40.3768833,city_centroid
6885,72352,LOVES TRAVEL STOP #858,"I-49, EXIT 172 & US-84",Mansfield,LA,745,3.24566666,-93.6980000,32.0239000,city_centroid
6886,72360,PUMP & PANTRY #22,SR-91 & SR-11,Burwell,NE,330,3.299,-99.0995000,41.8080000,city_centroid
6887,72361,PUMP & PANTRY #39,I-80 Exit 179 & SR-56G,North Platte,NE,330,3.11566666,-100.7607500,41.0895000,city_centroid
6888,72362,PUMP & PANTRY #18,US-281 & CR-11,Doniphan,NE,330,3.30733333,-98.3784090,40.7710040,census
6889,72363,PUMP & PANTRY #1,US-30,Grand Island,NE,330,3.30733333,-98.4101667,40.9076667,city_centroid
6890,72368,CHEVRON #352416,I-8 Exit 73,Jacumba,CA,900,6.399,-116.1952000,32.6249000,city_centroid
6891,72372,Eastland Truck Stop,I-20 Exit 340 & SR-6,Eastland,TX,575,2.93233333,-98.8071000,32.3994000,city_centroid
6892,72373,Rusty Lantern,SR-4,Turner,ME,170,3.899,-70.2494000,44.2557000,city_centroid
6893,72374,Rusty Lantern,SR-26 & SR-219,West Paris,ME,170,3.96566666,-70.5732000,44.3253000,city_centroid
6894,72376,SUNOCO,US 84 & SR 39,Donalsonville,GA,20,3.499,-84.8801000,31.0505000,city_centroid
6895,72378,EB SUNOCO,SR-3 & SR-28,Muncie,IN,457,3.799,-85.4032429,40.1975857,city_centroid
6896,72380,EXXPRESS MART #12,US-287 & SR-421,Lumberton,TX,610,2.959,-94.2191000,30.2818000,city_centroid
6897,72382,EXXPRESS MART #4,SR-105,Beaumont,TX,610,3.199,-94.1519909,30.0909091,city_centroid
6898,72385,GAS N WASH,I-57 & SR-17,Kankakee,IL,399,3.599,-87.8696000,41.1166000,city_centroid
6899,72387,Williams Fuel Stop,SR-7 & SR-735,Gallipolis,OH,255,3.54066666,-82.2290000,38.8148000,city_centroid
6900,72389,PILOT #1354,US 385,Odessa,TX,710,3.56566666,-102.3777500,31.8486000,city_centroid
6903,72394,LOVES TRAVEL STOP #871,"I-85, Exit 32",Piedmont,SC,30,3.19733333,-82.4702000,34.7244000,city_centroid
6904,72395,ALLSUPS #2427,US 84,Gatesville,TX,765,3.00733333,-97.7890000,31.4261667,city_centroid
6905,72396,RACETRAC #2624,US-1,Marathon,FL,95,3.23566666,-81.0386000,24.7279000,city_centroid
6906,72400,HAN DEE HUGOS #21,US-17 & SR-87,Winnabow,NC,245,3.41233333,-78.0558000,34.1553000,city_centroid
6907,72402,HAN DEE HUGOS #5,SR-410 & SR-211,Bladenboro,NC,63,3.20566666,-78.7793000,34.5658000,city_centroid
6908,72403,HAN DEE HUGOS #67,US-70,Raleigh,NC,177,3.999,-78.6436350,35.8221150,city_centroid
6909,72408,JOURNEY FOOD STORE #2,US-301,Callahan,FL,75,3.399,-81.8145000,30.5520000,city_centroid
6910,72410,KELLEYS MARKET,I-90 Exit 15 & US-20 BUS,Rockford,IL,520,3.119,-89.0676182,42.2736818,city_centroid
6911,72410,KELLEYS MARKET,I-90 Exit 15 & US-20 BUS,Rockford,IL,520,2.969,-89.0676182,42.2736818,city_centroid
6912,72412,KELLEYS MARKET,US-20,Cherry Valley,IL,520,3.699,-88.9619000,42.2206000,city_centroid
6913,72413,TROPIC OIL COMPANY,SR-17,Lake Wales,FL,140,3.499,-81.5929000,27.8806333,city_centroid
6916,72420,MAVERIK COUNTRY STORE #620,SR-8,Saint George,UT,791,3.46233333,-113.5711000,37.0936000,city_centroid
6917,72424,MIDDLESEX FOOD STORE,CR-604,Carteret,NJ,79,3.51566666,-74.2313000,40.5823000,city_centroid
6918,72425,MINUTEMAN FOOD MART #18,SR-87,Tar Heel,NC,63,4.619,-78.8134000,34.7465000,city_centroid
6919,72428,QUIKTRIP #7249,US 80 E,Flowood,MS,705,2.91566666,-90.0915000,32.3299000,city_centroid
6920,72429,PARKERS #16 (DISCOUNT AVAILABLE),SR-21,Port Wentworth,GA,195,3.10566666,-81.1632000,32.1491000,city_centroid
6921,72430,PATRIOT FUELING CENTER,SR-9,Lineville,AL,587,3.299,-85.7346000,33.3286000,city_centroid
6922,72432,Yesway #1203,SR-6,Clifton,TX,765,2.969,-97.5203000,31.7918000,city_centroid
6923,72433,RENFROE STORE,SR-25,Carthage,MS,705,4.099,-89.5241000,32.7852000,city_centroid
6924,72435,Cedar City Cardlock (Bulk Plant),"I-15, EXIT 59",Cedar City,UT,791,3.459,-113.0619000,37.6775000,city_centroid
6925,72436,Ricky Rockets,SR-390 &SR-53,Itasca,IL,297,3.559,-88.0202000,41.9720000,city_centroid
6926,72436,Ricky Rockets,SR-390 &SR-53,Itasca,IL,297,3.399,-88.0202000,41.9720000,city_centroid
6927,72436,Ricky Rockets,SR-390 &SR-53,Itasca,IL,297,3.499,-88.0202000,41.9720000,city_centroid
6928,72436,Ricky Rockets,SR-390 &SR-53,Itasca,IL,297,3.579,-88.0202000,41.9720000,city_centroid
6929,72437,Tropic Oil,US-191,Moab,UT,810,4.169,-109.5271000,38.5677000,city_centroid
6930,72438,QUIKTRIP #7208,I-290 EXIT 18A,Bellwood,IL,290,3.079,-87.8786000,41.8825000,city_centroid
6931,72438,QUIKTRIP #7208,I-290 EXIT 18A,Bellwood,IL,290,3.249,-87.8786000,41.8825000,city_centroid
6932,72438,QUIKTRIP #7208,I-290 EXIT 18A,Bellwood,IL,290,3.199,-87.8786000,41.8825000,city_centroid
6933,72438,QUIKTRIP #7208,I-290 EXIT 18A,Bellwood,IL,290,3.279,-87.8786000,41.8825000,city_centroid
6934,72438,QUIKTRIP #7208,I-290 EXIT 18A,Bellwood,IL,290,3.099,-87.8786000,41.8825000,city_centroid
6935,72440,Rutters #84,US-15 & SR-340,Emmitsburg,MD,22,3.91566666,-77.3357000,39.6940000,city_centroid
6936,72441,SHEETZ #165,US-6,Coudersport,PA,240,3.699,-77.9567000,41.7762000,city_centroid
6937,72442,SHEETZ #239,I-70 Exit 57,New Stanton,PA,68,3.28566666,-79.6095000,40.2192000,city_centroid
6938,72443,SHEETZ #553,I-81 Exit 3,Greencastle,PA,70,3.33233333,-77.7470000,39.7818000,city_centroid
6939,72444,SHEETZ #597,I-40 Exit 126,Hickory,NC,46,2.859,-81.3257667,35.7086333,city_centroid
6940,72445,SHEETZ #639,I-80 Exit 223,Youngstown,OH,573,3.059,-80.6715571,41.0818929,city_centroid
6941,72446,SHEETZ #656,US-219 & US-6,Kane,PA,240,3.699,-78.6940140,41.7082960,census
6942,72447,SHEETZ #689,I-64 EXIT 197A & SR-156,Henrico,VA,180,2.949,-77.4368000,37.5382000,city_centroid
6943,72448,SHELL SERVICE STATION,SR-55,Morrison,TN,285,3.499,-85.9197000,35.6029000,city_centroid
6944,72456,SPINX #161,I-85 Exit 60 & SR-101,Greer,SC,210,3.159,-82.2384667,34.9269333,city_centroid
6945,72458,7-ELEVEN #41335,SR-80 & SR-29,Labelle,FL,225,3.599,-81.4364000,26.7477000,city_centroid
6946,72459,7-ELEVEN #34154,I-75 Exit 128,Fort Myers,FL,225,3.299,-81.8459000,26.5625000,city_centroid
6947,72462,Story Belgrade Cardlock,"I-90, EXIT 298",Belgrade,MT,786,3.699,-111.1439000,45.7801000,city_centroid
6948,72466,Holbrook Cardlock,I-40 EXIT 285,Holbrook,AZ,930,3.23233333,-110.1434000,34.9085000,city_centroid
6949,72467,SUNOCO SERVICE STATION,I-81 Exit 44 & SR-465,Carlisle,PA,70,3.889,-77.2147500,40.2094500,city_centroid
6950,72468,Springerville Cardlock,US-191,Springerville,AZ,930,3.259,-109.3315000,34.1702000,city_centroid
6951,72471,THORNTONS #221335,I-55 Exit 263,Bolingbrook,IL,296,3.699,-88.1138000,41.6883000,city_centroid
6952,72471,THORNTONS #221335,I-55 Exit 263,Bolingbrook,IL,296,3.649,-88.1138000,41.6883000,city_centroid
6953,72473,Loves Travel Stop #885,US 77,Harlingen,TX,665,3.649,-97.7131250,26.2033750,city_centroid
6954,72475,Express 24,SR-77 & US-60,Show Low,AZ,930,3.299,-110.0176000,34.2989500,city_centroid
6955,72476,Mandan Cardlock (Bulk Plant),"I-94, EXIT 153",Mandan,ND,273,3.599,-100.9092000,46.8306000,city_centroid
6956,72477,Racetrac #2618,US-231 & CR-8,Huntsville,AL,615,2.95066666,-86.6080733,34.7190667,city_centroid
6957,72478,Racetrac #2621,SR-53,Huntsville,AL,615,3.099,-86.6080733,34.7190667,city_centroid
6958,72479,CEFCO #2086,US 180 & 84,Snyder,TX,700,2.96566666,-100.9175500,32.7315000,city_centroid
6959,72480,TA Mt Vernon,I-44,Mount Vernon,MO,535,3.404,-93.7976000,37.1045000,city_centroid
6960,72481,CASEYS #4323,SR-57 & SR-60,Wanamingo,MN,451,3.499,-92.7907710,44.2978600,census
6961,72482,RUTTERS FARM STORE #80,SR 61,Orwigsburg,PA,208,3.859,-76.0840000,40.6431000,city_centroid
6962,72483,Circle K #4700047,I-65 Exit 34A,Austin,IN,415,3.799,-85.7962000,38.7478000,city_centroid
6964,72486,QUIKTRIP #4216,"I-70 & SR-79, EXIT 304",Bennett,CO,800,3.199,-104.4275000,39.7589000,city_centroid
6965,72487,PILOT #1380,I-2 EXIT 161,Mercedes,TX,639,3.659,-97.9185000,26.1513000,city_centroid
6966,72488,MAVERIK COUNTRY STORE #657,I-15 Exit 10,Washington,UT,910,3.42566666,-113.5050000,37.1364000,city_centroid
6967,72489,CASEYS #3987,LINCOLN HWY,Wanatah,IN,465,3.71566666,-86.8764000,41.3845000,city_centroid
6968,72490,ASAP GENERAL STORE #322,US-281,Hinton,OK,483,3.13233333,-98.3313000,35.4675000,city_centroid
6969,72492,CIRCLE K #2709098,US 85,Greeley,CO,800,3.21066666,-104.7216800,40.3990200,city_centroid
6970,72493,Chiricahua Apache Plaza,I-10 EXIT 102,Deming,NM,640,3.03733333,-107.7435000,32.2358000,city_centroid
6971,72494,7-ELEVEN #42132,"I-35, EXIT 131",Lytle,TX,740,3.599,-98.7945000,29.2366000,city_centroid
6973,72496,ROAD RANGER #289,I-45 EXIT 189,Teague,TX,765,3.39566666,-96.2778000,31.6328000,city_centroid
6974,72497,ROAD RANGER #290,"I-44, Exit 13",Joplin,MO,277,3.21233333,-94.5095667,37.0758667,city_centroid
6975,72498,SHEETZ #760,"I-71, EXIT 140 Township Rd 256",Marengo,OH,315,3.06566666,-82.8121000,40.3895000,city_centroid
6976,72499,Bowie Travel Center,I-10,Bowie,AZ,980,3.099,-109.4870000,32.3265000,city_centroid
6977,72499,One9 dba Bowie Travel Center,I-10,Bowie,AZ,980,3.059,-109.4870000,32.3265000,city_centroid
6978,72499,Bowie Travel Center Chevron dba One9 #1411,I-10,Bowie,AZ,980,3.014,-109.4870000,32.3265000,city_centroid
6979,72500,GAS N WASH,US 34,Plano,IL,290,3.499,-88.5384000,41.6670000,city_centroid
6980,72500,GAS N WASH,US 34,Plano,IL,290,3.599,-88.5384000,41.6670000,city_centroid
6981,72501,QUIKTRIP #7203,"I-80, EXIT 75 &SR-251",Peru,IL,520,2.969,-89.1265000,41.3330000,city_centroid
6982,72501,QUIKTRIP #7203,"I-80, EXIT 75 &SR-251",Peru,IL,520,3.249,-89.1265000,41.3330000,city_centroid
6983,72501,QUIKTRIP #7203,"I-80, EXIT 75 &SR-251",Peru,IL,520,2.999,-89.1265000,41.3330000,city_centroid
6984,72501,QUIKTRIP #7203,"I-80, EXIT 75 &SR-251",Peru,IL,520,3.099,-89.1265000,41.3330000,city_centroid
6985,72501,QUIKTRIP #7203,"I-80, EXIT 75 &SR-251",Peru,IL,520,3.159,-89.1265000,41.3330000,city_centroid
6986,72502,QUIKTRIP #7133,"I-95, EXIT 190 & SR-34",Dillon,SC,63,3.08233333,-79.3770000,34.4146000,city_centroid
6987,72503,QUIKTRIP #7151,I-55/40 EXIT 278 & SR-191,West Memphis,AR,435,2.999,-90.1812000,35.1474500,city_centroid
6988,72505,CASEYS #4379,I-59 HWY,Worthington,MN,530,3.14233333,-95.6059000,43.6286000,city_centroid
6989,72506,CASEYS #4273,SR-56,Madison,IN,375,3.699,-85.4070000,38.7649000,city_centroid
6990,72507,Golden Gate Fillmore,SR 99,Fillmore,UT,791,3.29733333,-112.3313000,38.9805000,city_centroid
6991,72510,STUCK FLEET FUELING,US-19,Waynesburg,PA,165,4.499,-80.1795000,39.8917000,city_centroid
6992,72514,Petro-Card 24 #910722,SR-6,Trenton,MO,276,3.149,-93.6086000,40.0823000,city_centroid
6993,72515,PETRO-CARD 24 #910520,US-54BUS,Mexico,MO,310,3.229,-91.8895000,39.1712000,city_centroid
6994,72519,CIRCLE K #2723050,SR-59,Hope Mills,NC,205,2.909,-78.9354000,34.9536000,city_centroid
6995,72520,PETRO-CARD 24 #910160,US-50,Warrensburg,MO,400,3.299,-93.7273000,38.7667000,city_centroid
6996,72521,PETRO-CARD 24 #910410,I-44/US-66,Lebanon,MO,535,3.099,-92.6550000,37.6850000,city_centroid
6997,72522,MFA #910591,US-63,La Plata,MO,494,3.339,-92.5077000,40.0208000,city_centroid
6998,72523,Petro-Card 24 #910820,US-60BUS,Willow Springs,MO,535,3.399,-91.9405000,36.9958000,city_centroid
6999,72524,QuickChek #189,US-46,Ridgefield,NJ,115,3.25233333,-74.0015000,40.8326000,city_centroid
7000,72526,PETRO-CARD 24 #911251,US-169,King City,MO,567,3.299,-94.5234000,40.0652000,city_centroid
7001,72528,MFA #910260,SR-87/240,Glasgow,MO,310,3.3965,-92.8318000,39.2257000,city_centroid
7002,72529,PETRO-CARD 24 #910530,US-24,Moberly,MO,310,3.419,-92.4358000,39.4202000,city_centroid
7003,72530,PETRO-CARD 24 #910140,US-50 BUS,California,MO,392,3.459,-92.5456000,38.6224000,city_centroid
7004,72531,PETRO-CARD 24 #910040,US-60 BUS,Aurora,MO,416,3.209,-93.7180000,36.9709000,city_centroid
7005,72533,Fuel 4,US-9,Jersey City,NJ,115,3.239,-74.0665667,40.7275333,city_centroid
7006,72534,Petro-Card 24 #911290,US-59,Mound City,MO,567,3.149,-95.2138000,40.1362000,city_centroid
7007,72535,MFA #911310,SR-5,Centerville,IA,489,3.12566666,-92.8728000,40.7326000,city_centroid
7008,72536,MFA 910281,SR-5,Milan,MO,276,3.299,-93.1361000,40.1844000,city_centroid
7009,72537,PETRO-CARD 24 #910210,SR-7,Clinton,MO,400,3.399,-93.7850000,38.4018000,city_centroid
7010,72538,Petro-Card 24 #910670,SR-51,Qulin,MO,275,3.199,-90.2617000,36.5818000,city_centroid
7011,72540,MFA #910441,US-54,Louisiana,MO,494,3.049,-91.0664000,39.4336000,city_centroid
7012,72541,MFA 911021,US-136,Tarkio,MO,567,3.329,-95.3786000,40.4418000,city_centroid
7013,72542,MFA #910731,SR-15,Shelbina,MO,494,2.999,-92.0371000,39.6947000,city_centroid
7014,72543,PETRO CARD 24,SR-18,Clinton,MO,400,3.399,-93.7850000,38.4018000,city_centroid
7015,72544,BJS NEW UNDERWOOD,CR-1416,New Underwood,SD,506,3.699,-102.8136000,44.0874000,city_centroid
7016,72546,MFA OIL #2028,SR-53,Poplar Bluff,MO,275,3.23233333,-90.4118000,36.7393500,city_centroid
7017,72548,GASQUATCH,US-70/SR-3,Idabel,OK,723,3.10733333,-94.8020000,33.8851000,city_centroid
7018,72550,TERRIBLE HERBST #388,I-15 Exit 91,Moapa,NV,910,3.549,-114.6585000,36.6753500,city_centroid
7019,72551,Good 2 Go,US-81,Geneva,NE,350,3.36566666,-97.6096000,40.5277000,city_centroid
7020,72552,VALLEYWIDE COUNTRY STORE,I- 86 Exit 40,American Falls,ID,787,3.599,-112.9458000,42.6352000,city_centroid
7021,72553,Friendly Express,I-71 Exit 186 & US-250,Ashland,OH,249,3.199,-82.3189000,40.8559000,city_centroid
7022,72554,CEFCO #422,SR-4,Baker,FL,127,3.299,-86.6770000,30.8316000,city_centroid
7023,72556,STARMART,US-183,Goldthwaite,TX,765,3.099,-98.5744000,31.4458000,city_centroid
7024,72557,LITTLE NECK SHELL,I-16 Exit 152,Bloomingdale,GA,195,3.099,-81.3085000,32.1177000,city_centroid
7025,72558,Circle K #4703975,SR-109 & US-70,Lebanon,TN,460,2.87233333,-86.2855000,36.1788000,city_centroid
7026,72559,SUN TRAVEL CENTER,I-55 EXIT 114A,Canton,MS,760,3.499,-90.0061000,32.6205000,city_centroid
7027,72560,AMOCO,US 131 & US 12,White Pigeon,MI,465,3.559,-85.6625110,41.7971110,census
7028,72560,AMOCO,US 131 & US 12,White Pigeon,MI,465,3.599,-85.6625110,41.7971110,census
7029,72561,7-ELEVEN #38638,I-25 Exit 235,Erie,CO,800,3.399,-105.0686000,40.0597000,city_centroid
7030,72562,7-ELEVEN #17703,US HWY 11,Martinsburg,WV,70,3.249,-77.9536400,39.4660000,city_centroid
7031,72563,RACEWAY #6991,I-65 Exit 19 & US-43,Creola,AL,715,2.949,-88.0174000,30.9013000,city_centroid
7032,72565,WEIGEL'S #102,I-75 & SR-30,Athens,TN,405,3.34733333,-84.5986500,35.4501500,city_centroid
7033,72566,Loves Travel Stop #826,I-70 Exit 75,Parachute,CO,800,3.59566666,-108.0529000,39.4519000,city_centroid
7034,72567,THE TEXAN #12,US 87,La Vernia,TX,740,3.049,-98.1130000,29.3509000,city_centroid
7035,72569,RACETRAC #204,US-19 & SR-400,Dawsonville,GA,18,3.319,-84.1550000,34.4537000,city_centroid
7036,72570,Lake View Cheese & Liquor,I-43,Belgium,WI,444,3.25566666,-87.8509000,43.4995000,city_centroid
7037,72571,MAVERIK #719,I-82 EXIT 33,Yakima,WA,962,3.909,-120.6265833,46.5916333,city_centroid
7038,72571,MAVERIK #719,I-82 EXIT 33,Yakima,WA,962,3.899,-120.6265833,46.5916333,city_centroid
7039,72571,MAVERIK #719,I-82 EXIT 33,Yakima,WA,962,3.929,-120.6265833,46.5916333,city_centroid
7040,72572,GOOD 2 GO #713/ONE9 #1432,I-76 EXIT 21,Brighton,CO,800,3.269,-104.8228000,39.9527000,city_centroid
7041,72572,GOOD 2 GO #713 DBA ONE9 #1432,I-76 EXIT 21,Brighton,CO,800,3.199,-104.8228000,39.9527000,city_centroid
7042,72574,Loves Travel Stop #831,"I-10 & Fort Grant Rd, Exit 340",Willcox,AZ,980,3.33233333,-109.8475500,32.3129500,city_centroid
7043,72575,Loves Travel Stop #864,US-98,Lucedale,MS,715,3.449,-88.6490000,30.8668000,city_centroid
7044,72576,Pride Travel Center South,"I-291 & SR-5, EXIT 4",South Windsor,CT,100,3.909,-72.5576000,41.8341000,city_centroid
7045,72577,QUIKTRIP #7205,"I-80, EXIT 161",Lansing,IL,365,3.079,-87.5446000,41.5660000,city_centroid
7046,72577,QUIKTRIP #7205,"I-80, EXIT 161",Lansing,IL,365,3.249,-87.5446000,41.5660000,city_centroid
7047,72577,QUIKTRIP #7205,"I-80, EXIT 161",Lansing,IL,365,3.179,-87.5446000,41.5660000,city_centroid
7048,72578,QUIKTRIP #7247,"I-55, EXIT 85",Byram,MS,760,2.91566666,-90.2595000,32.1888000,city_centroid
7049,72579,Raceway #6986,US-378 & CR-467,Sumter,SC,135,2.979,-80.3629750,33.9100750,city_centroid
7050,72580,KWIK TRIP #1267,SR 29,Chippewa Falls,WI,295,3.39233333,-91.3929000,44.9369000,city_centroid
7051,72581,FASTRAC MARKET #500266,I-87 Exit 18,Queensbury,NY,12,3.999,-73.6818000,43.3290000,city_centroid
7052,72582,FASTRAC MARKET #500242,SR-12 & SR-5A,Utica,NY,235,3.999,-75.2317000,43.0991500,city_centroid
7053,72582,FASTRAC MARKET #500242,SR-12 & SR-5A,Utica,NY,235,3.899,-75.2317000,43.0991500,city_centroid
7054,72583,SHEETZ #769,I-80 Exit 232,Bloomsburg,PA,138,3.329,-76.4384000,41.0115000,city_centroid
7055,72584,ONE9 #1359,"I-80, EXIT 30",Sparks,NV,966,3.549,-119.7259200,39.5835000,city_centroid
7056,72585,GAS N WASH GREEN OAKS,"I-94, EXIT 16",Libertyville,IL,290,3.559,-87.9500000,42.2810000,city_centroid
7057,72585,GAS N WASH GREEN OAKS,"I-94, EXIT 16",Libertyville,IL,290,3.599,-87.9500000,42.2810000,city_centroid
7058,72586,Loves Travel Stop #875,"I-49, Exit 15",Opelousas,LA,730,3.08566666,-92.0856000,30.5239500,city_centroid
7059,72587,Allsups Convenience #2416,I-20 EXIT 244 AND HWY 70,Sweetwater,TX,575,2.884,-100.3979000,32.4726000,city_centroid
7060,72588,ALLSUPS CONVENIENCE #2430,US 380,Jacksboro,TX,630,3.044,-98.1681000,33.2347000,city_centroid
7061,72589,ALLSUPS CONVENIENCE #2056,US 287,Memphis,TX,585,2.929,-100.5347000,34.7122000,city_centroid
7062,72590,MAVERIK #716,I-80 & SR-351,Wells,NV,835,3.39233333,-114.9645000,41.1116000,city_centroid
7063,72591,Quiktrip #7173,"I-20, EXIT 156",Pell City,AL,587,2.999,-86.3399000,33.5926000,city_centroid
7064,72592,QUIKTRIP #7191,US-45 & I-57,Effingham,IL,510,3.199,-88.5611000,39.1217000,city_centroid
7065,72592,QUIKTRIP #7191,US-45 & I-57,Effingham,IL,510,2.999,-88.5611000,39.1217000,city_centroid
7066,72594,Quiktrip #7900,I-30 & FM-989,Texarkana,TX,766,2.85733333,-94.0935000,33.4414250,city_centroid
7067,72595,CIRCLE K #2654400,SR-115,Kearneysville,WV,22,3.26566666,-77.9588000,39.3220000,city_centroid
7068,72596,Hucks Food & Fuel #401 dba Pilot #1360,"I-69, EXIT 25",Mayfield,KY,490,3.599,-88.6506000,36.7327000,city_centroid
7069,72597,CIRCLE K #4705697,US 422,Warren,OH,573,3.61233333,-80.8115600,41.2452000,city_centroid
7070,72599,FATDOGS LEXINGTON,US-283,Lexington,NE,475,2.979,-99.7515000,40.7850000,city_centroid
7072,72606,PETRO-CARD 24 #910474,US-65,Malta Bend,MO,276,3.439,-93.3776000,39.1481000,city_centroid
7073,72607,TOWN PUMP FOOD STORE #6300,I-90 & US-191,Big Timber,MT,786,3.539,-109.9631000,45.8283000,city_centroid
7074,72608,Petro-Card 24 #910640,US-61,Perryville,MO,275,3.099,-89.8737000,37.7174000,city_centroid
7075,72610,JORDANS KWIK STOP #6,I-55 Exit 48 & SR-140,Osceola,AR,418,3.01233333,-89.9798000,35.7019000,city_centroid
7076,72611,Kwik Trip # 1722,SR 35 & SR 553,Gwinn,MI,395,3.819,-87.4397000,46.3311000,city_centroid
7077,72612,PETRO-CARD 24 #910411,I-44 & SR-32,Lebanon,MO,535,3.099,-92.6550000,37.6850000,city_centroid
7078,72614,FAST FUEL FOOD STORES,SR-4,Gassaway,WV,44,3.56566666,-80.7863000,38.6862000,city_centroid
7079,72615,U STOP #4,US-6,Lincoln,NE,413,3.399,-96.6889462,40.8213692,city_centroid
7080,72616,PETRO-CARD 24 #910700,SR-32,Sainte Genevieve,MO,275,3.099,-90.1752000,37.8655000,city_centroid
7081,72619,MARTYVILLE MARATHON,SR-25,Tishomingo,MS,742,3.279,-88.2194000,34.6478000,city_centroid
7082,72620,CENEX,US-2,Leeds,ND,452,3.249,-99.4376000,48.2889000,city_centroid
7083,72621,PETRO-CARD 24 #1047,SR-240,Slater,MO,276,3.459,-93.0547000,39.2163000,city_centroid
7084,72622,Phillips 66,US- 60 & HWY AD,Dexter,MO,275,3.40233333,-89.9639000,36.7885000,city_centroid
7085,72623,LENNYS FOOD N FUEL,US-6,Joliet,IL,296,3.499,-88.0707500,41.5133500,city_centroid
7086,72623,LENNYS FOOD N FUEL,US-6,Joliet,IL,296,3.299,-88.0707500,41.5133500,city_centroid
7087,72623,LENNYS FOOD N FUEL,US-6,Joliet,IL,296,3.399,-88.0707500,41.5133500,city_centroid
7088,72623,LENNYS FOOD N FUEL,US-6,Joliet,IL,296,3.659,-88.0707500,41.5133500,city_centroid
7089,72625,PETRO-CARD 24,SR-46 & US-71,Maryville,MO,567,3.129,-94.8735000,40.3434000,city_centroid
7090,72626,MFA OIL,SR-18,Lake City,AR,418,3.399,-90.4423000,35.8171000,city_centroid
7091,72628,Gas Pro 6,SR-121 & US-25,Trenton,SC,135,3.46566666,-81.8534000,33.6938000,city_centroid
7092,72629,MFA #910600,SR-28,Owensville,MO,392,3.299,-91.4867000,38.3511000,city_centroid
7093,72630,PETRO-CARD 24 #910250,US-54 BUS,Fulton,MO,392,3.299,-91.9605000,38.8518000,city_centroid
7094,72631,THORNTONS #221348,I-355 & SR-7,Homer Glen,IL,296,3.849,-87.9599000,41.6028000,city_centroid
7095,72631,THORNTONS #221348,I-355 & SR-7,Homer Glen,IL,296,3.899,-87.9599000,41.6028000,city_centroid
7096,72633,Petro-Card 24 #910830,SR-52,Windsor,MO,400,3.499,-93.5269000,38.5272000,city_centroid
7097,72634,MURPHY USA #7827,US-385 & US-60,Hereford,TX,585,2.829,-102.4050000,34.8370000,city_centroid
7098,72635,GULF,SR-140,Boylston,MA,34,3.839,-71.7310000,42.3377000,city_centroid
7100,72639,ALLSUPS #2423,US-377 & US-70,Madill,OK,253,2.959,-96.7597000,34.0784000,city_centroid
7101,72640,Kwik Trip # 1721,SR 553 & FM 480,Marquette,MI,395,3.819,-87.4545000,46.5786000,city_centroid
7102,72642,LOVES TRAVEL STOP #857,US-95 & US-6,Tonopah,NV,910,3.71566666,-117.2301000,38.0672000,city_centroid
7104,72644,MAVERIK COUNTRY STORE #642,I-25 EXIT 262,Fort Collins,CO,800,3.259,-105.0665571,40.5699857,city_centroid
7105,72645,MAVERIK #723,"I-10, EXIT 240",Marana,AZ,980,3.04566666,-111.2097500,32.4176000,city_centroid
7106,72646,TOOT N TOTUM #131,US 87,Lamesa,TX,710,3.109,-101.9569000,32.7367000,city_centroid
7107,72647,RACEWAY #6972,US-83 & US-43,Demopolis,AL,615,3.07733333,-87.8397000,32.4908000,city_centroid
7108,72648,Loves Travel Stop #873,US 50,Canon City,CO,803,3.509,-105.3472000,38.4613500,city_centroid
7109,72649,Love's Travel Stop #891,US 93,Jackpot,NV,835,3.62733333,-114.7233000,41.8882000,city_centroid
7110,72650,Loves Travel Stop #862,I-35 Exit 65,Cotulla,TX,693,3.589,-99.2328000,28.4398000,city_centroid
7111,72651,QUIKTRIP #7132,"I-16, EXIT 152",Bloomingdale,GA,195,3.03233333,-81.3085000,32.1177000,city_centroid
7112,72652,Quiktrip #4148,I-35 & GRAND AVE PKWY,Pflugerville,TX,595,2.88233333,-97.6249500,30.4407500,city_centroid
7113,72653,Quiktrip #7153,US-78 & EXIT #4,Olive Branch,MS,435,2.91566666,-89.8544000,34.9441000,city_centroid
7114,72655,RACEWAY #6988,US-79 & US-41,Clarksville,TN,460,2.999,-87.3547000,36.5253600,city_centroid
7115,72656,ALLSUPS #2437,HWY 176 & HWY 115,Andrews,TX,710,3.39566666,-102.5409000,32.3201000,city_centroid
7116,72660,RACEWAY #6989,US-157 & COURT ST,Moulton,AL,615,3.049,-87.2224000,34.5058000,city_centroid
7117,72663,LOC STOP TRAVEL CENTER,US-82,Dawson,GA,10,3.499,-84.5238000,31.7703000,city_centroid
7118,72664,RACETRAC #2606,"I-30, EXIT 32B & SR-181",Grand Prairie,TX,630,2.92566666,-97.0175000,32.6947200,city_centroid
7119,72666,CIRCLE K #2707043,"I-75/SR-401, EXIT 39 & SR-37",Adel,GA,20,2.999,-83.4213000,31.1251000,city_centroid
7120,72667,LOVES TRAVEL STOP #884,"I-30, Exit 46",Prescott,AR,635,3.47566666,-93.3725000,33.8040000,city_centroid
7121,72668,LOVES TRAVEL STOP #350,"I-19, Exit 12",Nogales,AZ,980,3.609,-110.9264000,31.4545000,city_centroid
7123,72672,7-Eleven #42205,US 79,Hearne,TX,765,3.449,-96.5843000,30.8669000,city_centroid
7124,72674,QUIKTRIP #7190,I-64 EXIT 94,Mount Vernon,IL,540,3.199,-88.9105000,38.3170000,city_centroid
7125,72674,QUIKTRIP #7190,I-64 EXIT 94,Mount Vernon,IL,540,3.099,-88.9105000,38.3170000,city_centroid
7126,72674,QUIKTRIP #7190,I-64 EXIT 94,Mount Vernon,IL,540,3.399,-88.9105000,38.3170000,city_centroid
7127,72675,Maverik Country Store #715,I-80 EXIT 107,Big Springs,NE,475,3.10066666,-102.0933000,41.0696000,city_centroid
7128,72676,KWIK TRIP #1212,"I 90, EXIT 43",Worthington,MN,425,3.164,-95.6059000,43.6286000,city_centroid
7129,72677,KWIK TRIP #1256,SR 2 E,Iron Mountain,MI,360,3.279,-88.0683000,45.8219000,city_centroid
7130,72677,KWIK TRIP #1256,SR 2 E,Iron Mountain,MI,360,3.399,-88.0683000,45.8219000,city_centroid
7131,72677,KWIK TRIP #1256,SR 2 E,Iron Mountain,MI,360,3.289,-88.0683000,45.8219000,city_centroid
7132,72678,FLYING J #1056,I-90/ I-80,Edon,OH,550,3.899,-84.7570000,41.5842000,city_centroid
7133,72679,TEX BEST #532,US-281 & HWY 186,Edinburg,TX,639,3.02066666,-98.1750500,26.3737750,city_centroid
7134,72680,RACEWAY #6990,US-98,Foley,AL,155,3.07566666,-87.6960500,30.4114500,city_centroid
7136,72682,Maverik #695,I-15 EXIT 276,American Fork,UT,835,3.349,-111.7941000,40.3928000,city_centroid
7137,72683,HUCKS FOOD & FUEL #383,SR-57,Evansville,IN,340,3.759,-87.5631692,37.9949923,city_centroid
7138,72685,CHUBBYS TRAVEL CENTER,"I-35, Exit 127",Natalia,TX,740,2.97233333,-98.8552000,29.2117000,city_centroid
7139,72687,Kwik Trip #1203,US-71 & Airport Rd,Redwood Falls,MN,425,3.349,-95.0779040,44.5413600,census
7140,72688,SHEETZ #772,I-70 EXIT 59,Springfield,OH,317,3.054,-83.8083000,39.9276500,city_centroid
7141,72689,ROAD RANGER #285,I-10 EXIT 605,Seguin,TX,740,3.11066666,-97.9670000,29.5865500,city_centroid
7142,72690,Noble East Lyme,"I-95, EXIT 75",East Lyme,CT,100,3.759,-72.2330000,41.3668000,city_centroid
7143,72691,KUM & GO #2402,US 60,Springfield,MO,535,3.17566666,-93.2839273,37.1962455,city_centroid
7144,72693,Kum & Go #2404,US 60,Aurora,MO,535,3.119,-93.7180000,36.9709000,city_centroid
7145,72694,7-ELEVEN #42195,I-385 EXIT 23,Fountain Inn,SC,30,3.11566666,-82.2441000,34.6578000,city_centroid
7146,72695,Quiktrip #7906,"I-20, EXIT 617 & US-59",Marshall,TX,766,2.83733333,-94.3514667,32.5317333,city_centroid
7147,72696,QUIKTRIP #1742,"I-475/SR-408, exit 5 & SR-74",Macon,GA,85,3.089,-83.6622857,32.8193143,city_centroid
7148,72698,QUIKTRIP #7242,"I-10, EXIT 31",Gulfport,MS,733,2.91566666,-89.0724750,30.4136750,city_centroid
7149,72699,Quiktrip #7195,"I-355, EXIT 29",Addison,IL,290,3.079,-88.0054000,41.9335000,city_centroid
7150,72699,Quiktrip #7195,"I-355, EXIT 29",Addison,IL,290,3.269,-88.0054000,41.9335000,city_centroid
7151,72699,Quiktrip #7195,"I-355, EXIT 29",Addison,IL,290,3.179,-88.0054000,41.9335000,city_centroid
7152,72700,RACEWAY #6726,"I-30, Exit 172",Thomson,GA,135,3.399,-82.4942000,33.4774000,city_centroid
7153,72701,Loves Travel Stop #887,I-55 EXIT 178,Herculaneum,MO,540,3.15566666,-90.3896000,38.2625000,city_centroid
7155,72705,SHEETZ #795,US-460 & CR-629,Disputanta,VA,180,2.98233333,-77.2732000,37.1483000,city_centroid
7156,72706,Sheetz #790,I-77 EXIT 100,Mount Airy,NC,65,2.859,-80.6119000,36.5007000,city_centroid
7157,72707,QUIKTRIP #4299,"I-25, EXIT 158",Monument,CO,796,3.159,-104.8542000,39.1007000,city_centroid
7158,72709,KWIK TRIP #1299,FM 164,Sussex,WI,444,3.28566666,-88.2271000,43.1441000,city_centroid
7159,72710,KWIK STAR #1285,I-229 EXIT 9,Sioux Falls,SD,530,2.95233333,-96.7303600,43.5476800,city_centroid
7160,72711,Kwik Trip #1260,FM 65,Roberts,WI,448,3.424,-92.5598000,44.9874000,city_centroid
7161,72713,Kwik Star #1217,FM 11,Sioux Falls,SD,530,2.939,-96.7303600,43.5476800,city_centroid
7162,72714,LOVES TRAVEL STOP #771,I-85 & SR-18,West Point,GA,720,3.679,-85.1197000,32.8337000,city_centroid
7163,72715,FLYING J TRAVEL PLAZA #1372,"I-40, EXIT 28",Yucca,AZ,910,3.849,-114.1494000,34.8722000,city_centroid
7164,72715,FLYING J #1372,"I-40, EXIT 28",Yucca,AZ,910,3.999,-114.1494000,34.8722000,city_centroid
7165,72716,RACEWAY #7000,US-1 & SR-40,Folkston,GA,75,3.099,-82.0116000,30.8508000,city_centroid
7166,72719,TA EXPRESS LITTLEFIELD,"I-15, EXIT 8",Littlefield,AZ,910,3.679,-113.9297000,36.8872000,city_centroid
7167,72721,Racetrac #2625,SR 72 E & SHIELDS RD,Huntsville,AL,615,2.97733333,-86.6080733,34.7190667,city_centroid
7168,72723,ONE9 #1362,"I-40, EXIT 253",Winslow,AZ,930,3.22566666,-110.6974000,35.0242000,city_centroid
7169,72724,ONE9 #484,I-40 EXIT 146,Ash Fork,AZ,930,3.329,-112.5027000,35.2150000,city_centroid
7170,72725,CASEYS #4481,US 75,Denison,TX,253,2.93566666,-96.5365500,33.7309500,city_centroid
7171,72727,CASEYS #4319,SR-141,Perry,IA,320,3.129,-94.1022000,41.8397000,city_centroid
7172,72728,CASEYS #4304,FM 103 & Belten Dr,Crete,NE,413,3.45733333,-96.9567000,40.6193000,city_centroid
7173,72732,KUM & GO #2212,I-35 EXIT 89,Ankeny,IA,320,3.13233333,-93.5974000,41.7203000,city_centroid
7174,72733,Parker's #94,US-17 N,Georgetown,SC,42,2.989,-79.2749500,33.4172500,city_centroid
7175,72734,7-ELEVEN #41940,I-95,West Haven,CT,100,3.999,-72.9638000,41.2701000,city_centroid
7176,72735,7-Eleven #41376,I-26 Exit 154B,Orangeburg,SC,42,3.22566666,-80.8660750,33.5144250,city_centroid
7177,72736,FRIENDLY GUS STORE #12,I-16 Exit 49,Dublin,GA,85,3.27566666,-82.9265500,32.4997000,city_centroid
7178,72737,Mollys Food and Fuel,"I-20, EXIT 175 & SR-150",Thomson,GA,135,3.499,-82.4942000,33.4774000,city_centroid
7179,72738,BREAK TIME #3172,US-50/US-63,Jefferson City,MO,310,3.33566666,-92.2049000,38.5577750,city_centroid
7180,72739,MAVERIK #712,US 70 & US 54,Alamogordo,NM,640,3.05566666,-105.9544000,32.8963500,city_centroid
7181,72740,Caseys #4303,"I-80, EXIT 257 & US-183",Elm Creek,NE,475,3.03233333,-99.3728000,40.7301000,city_centroid
7182,72741,Caseys #4298,"I-55, EXIT 220 & SR-47",Dwight,IL,368,3.349,-88.4159000,41.0887000,city_centroid
7183,72742,Racetrac #2612,I-675 EXIT 7,Ellenwood,GA,18,3.109,-84.2939000,33.6166000,city_centroid
7184,72743,PEOTONE TRAVEL CENTER,I-57 & SR-25,Peotone,IL,290,3.459,-87.7897000,41.3361000,city_centroid
7185,72743,PEOTONE TRAVEL CENTER,I-57 & SR-25,Peotone,IL,290,3.499,-87.7897000,41.3361000,city_centroid
7186,72745,Loves Travel Stop #870,US-81 Exit 12 & SR-12,Watertown,NY,220,4.149,-75.9044500,43.9415000,city_centroid
7187,72746,PARKERS #103,"I-26, Exit 205A",Ladson,SC,42,3.28233333,-80.1257000,32.9930000,city_centroid
7188,72747,One9 #1358,"I-40, EXIT 16",Gallup,NM,580,3.24566666,-108.7515000,35.4948333,city_centroid
7189,72748,HORIZON TRAVEL PLAZA,US-411,Cartersville,GA,193,2.934,-84.7938500,34.1974500,city_centroid
7190,72749,KWIK TRIP #1282,FM 42 & S Duluth Ave,Sturgeon Bay,WI,582,3.50733333,-87.3753000,44.8438000,city_centroid
7191,72750,QUIKTRIP #1943,I-35 EXIT 368 & SR 22,Hillsboro,TX,641,2.919,-97.1198000,32.0149000,city_centroid
7192,72752,QUIKTRIP #7178,I-65 EXIT 13 & SR 158,Saraland,AL,715,2.95733333,-88.0934000,30.8332000,city_centroid
7194,72754,RACETRAC #2495,US 41 & US 19,Griffin,GA,85,3.229,-84.2731000,33.2476500,city_centroid
7196,72756,Loves Travel Stop #876,I-94 Exit 34A,Michigan City,IN,365,3.789,-86.8925000,41.7007500,city_centroid
7197,72757,Loves Travel Stop #860,I-59 EXIT 1,Picayune,MS,725,3.15566666,-89.6910000,30.5418000,city_centroid
7198,72758,CEFCO #1117,I-20 EXIT 617,Marshall,TX,766,2.83233333,-94.3514667,32.5317333,city_centroid
7199,72759,Allsups Convenience Store #2461,US-87 & SR-137,Lamesa,TX,612,3.099,-101.9569000,32.7367000,city_centroid
7200,72760,RaceWay #6999,US-84 & US-319,Thomasville,GA,20,3.16566666,-83.9455667,30.8429000,city_centroid
7201,72761,RACETRAC #2629,US-72/US-43 & SR-20,Tuscumbia,AL,615,2.999,-87.6673190,34.7109270,census
7202,72763,FASTRAC MARKET #500270,SR-5/SR-13,Canastota,NY,235,4.349,-75.7602000,43.0878000,city_centroid
7203,72763,FASTRAC MARKET #500270,SR-5/SR-13,Canastota,NY,235,4.449,-75.7602000,43.0878000,city_centroid
7204,72764,CUMBERLAND FARMS #004783,US-5,East Windsor,CT,100,4.049,-72.6029000,41.9099000,city_centroid
7205,72765,FASTRAC MARKET #500203,SR-104 & CR-256,Wolcott,NY,190,3.819,-76.8217000,43.2341000,city_centroid
7206,72765,FASTRAC MARKET #500203,SR-104 & CR-256,Wolcott,NY,190,3.799,-76.8217000,43.2341000,city_centroid
7207,72766,QUIKTRIP #1873,US 287 33.054731932354194,Rhome,TX,630,2.899,-97.4817000,33.0540000,city_centroid
7208,72767,QUIKTRIP #4227,I-25 EXIT 243,Mead,CO,800,3.14733333,-104.9994000,40.2347000,city_centroid
7209,72768,ROAD RANGER #287,I-57 EXIT 318,Bourbonnais,IL,290,3.339,-87.8790000,41.1661000,city_centroid
7210,72768,ROAD RANGER #287,I-57 EXIT 318,Bourbonnais,IL,290,3.379,-87.8790000,41.1661000,city_centroid
7211,72769,TOOT N TOTUM #132,US 84,Lubbock,TX,585,2.97066666,-101.8859000,33.5644895,city_centroid
7212,72770,RACETRAC #2634,I-95 Exit 77 & US-78,Saint George,SC,42,2.999,-80.5732000,33.1845000,city_centroid
7213,72771,RACETRAC #2635,I-85 EXIT 44A,Greenville,SC,30,2.899,-82.3997923,34.8567154,city_centroid
7214,72772,RACEWAY #6998,US-501 & SR-576,Marion,SC,42,3.01566666,-79.3898000,34.1562000,city_centroid
7216,72774,STUCKEYS TRAVEL CENTER,I-10 EXIT 451,Orange,TX,610,2.80733333,-93.8144667,30.1138000,city_centroid
7217,72775,CEFCO #2089,I-20 EXIT 288,Abilene,TX,575,2.76566666,-99.7410125,32.4460250,city_centroid
7218,72776,MARATHON,"1-75, Exit 80",Sycamore,GA,85,3.299,-83.6064000,31.6553000,city_centroid
7219,72778,KWIK STAR #1208,US-75,Sioux Center,IA,530,3.199,-96.1800000,43.0814000,city_centroid
7220,72779,KWIK TRIP #1276,"I-90/I-39, EXIT 1 & SR-75",South Beloit,IL,290,3.469,-89.0298000,42.4837000,city_centroid
7221,72779,KWIK TRIP #1276,"I-90/I-39, EXIT 1 & SR-75",South Beloit,IL,290,3.299,-89.0298000,42.4837000,city_centroid
7222,72779,KWIK TRIP #1276,"I-90/I-39, EXIT 1 & SR-75",South Beloit,IL,290,3.449,-89.0298000,42.4837000,city_centroid
7223,72781,SHEETZ #774,I-70 & SR-83,New Concord,OH,430,3.059,-81.7387000,40.0088000,city_centroid
7224,72782,SHEETZ #791,"I-76, Exit 57",North Jackson,OH,573,3.06566666,-80.8623000,41.0880000,city_centroid
7225,72783,SHEETZ #770,I-70 & US-42,London,OH,315,2.999,-83.4439000,39.9001000,city_centroid
7226,72784,Maverik Country Store #724,"I-80/US-30, EXIT 221",Rawlins,WY,838,3.289,-107.2349000,41.7951000,city_centroid
7227,72785,GAS N WASH,US 30,Crest Hill,IL,290,3.359,-88.0987000,41.5548000,city_centroid
7228,72785,GAS N WASH,US 30,Crest Hill,IL,290,3.299,-88.0987000,41.5548000,city_centroid
7229,72786,QUIKTRIP #333,"I-135, EXIT 31",Newton,KS,570,2.949,-97.3435000,38.0451000,city_centroid
7232,72789,RACETRAC #237,HWY 30 & ROBERT WILSON RD,Gonzales,LA,600,3.17233333,-90.8937500,30.2260000,city_centroid
7233,72791,LOVES TRAVEL STOP #850,SR-491 & RD. G,Cortez,CO,614,3.48233333,-108.6235110,37.4004480,census
7234,72792,QUICKLEES,"I-190, EXIT 23",Niagara Falls,NY,38,3.999,-79.0274600,43.0966400,city_centroid
7235,72793,TA EXPRESS BLAINE #917,"I-5, Exit 275",Blaine,WA,850,4.139,-122.7397000,48.9786500,city_centroid
7236,72795,REFUEL #1337,SR-45/CR-1625,Buda,TX,595,2.999,-97.8534000,30.0918000,city_centroid
7237,72796,PILOT #1399,"SR-303, EXIT 107",Litchfield Park,AZ,930,3.599,-112.4135000,33.5098000,city_centroid
7238,72796,PILOT DEALER #1399,"SR-303, EXIT 107",Litchfield Park,AZ,930,3.584,-112.4135000,33.5098000,city_centroid
7239,72797,KWIK TRIP #1215,"I-94, EXIT 135",Melrose,MN,451,3.32733333,-94.8198000,45.6582000,city_centroid
7240,72798,Casey's #4539,US-75,Rock Rapids,IA,530,3.349,-96.1781000,43.4272000,city_centroid
7241,72799,CASEYS #4384,"I-88 & SR-26, EXIT 54",Dixon,IL,520,3.479,-89.4893000,41.8478000,city_centroid
7242,72799,CASEYS #4384,"I-88 & SR-26, EXIT 54",Dixon,IL,520,3.499,-89.4893000,41.8478000,city_centroid
7243,72801,CASEYS #4388,"US-64, EXIT 29",Beebe,AR,645,3.189,-91.9074000,35.0937000,city_centroid
7244,72802,Racing Mart Store,"I-495, Exit 36A",Wrentham,MA,175,3.899,-71.3396000,42.0617000,city_centroid
7245,72803,Llanos Country Corner,"I-10/US-83, EXIT 456 & US-377",Junction,TX,740,2.919,-99.7473000,30.4754000,city_centroid
7247,72805,Stripes #42242,"SR 181, HWY 188",Sinton,TX,625,3.259,-97.5196000,28.0339000,city_centroid
7248,72806,TA HOSSTON #939,"I-49, Exit 237",Hosston,LA,745,2.92233333,-93.8834000,32.8967000,city_centroid
7249,72808,Allsups Convenience #2463,US-377,Aubrey,TX,630,2.899,-96.9879000,33.2920000,city_centroid
7252,72811,QUIKTRIP #50,SR-51,Broken Arrow,OK,560,3.129,-95.7838250,36.0356250,city_centroid
7253,72812,Kwik Trip #748,US 8,Barron,WI,295,3.664,-91.8500000,45.4005000,city_centroid
7254,72813,Allsups #2425,Hwy 144,Granbury,TX,630,3.029,-97.7513500,32.4369000,city_centroid
7255,72814,ALLSUPS #2468,"I35, EXIT 5",Thackerville,OK,253,2.91733333,-97.1363000,33.7882000,city_centroid
7256,72815,QUIKTRIP #7194,I-74 EXIT 182,Champaign,IL,280,3.299,-88.2819200,40.1159000,city_centroid
7257,72815,QUIKTRIP #7194,I-74 EXIT 182,Champaign,IL,280,3.199,-88.2819200,40.1159000,city_centroid
7258,72815,QUIKTRIP #7194,I-74 EXIT 182,Champaign,IL,280,3.099,-88.2819200,40.1159000,city_centroid
7260,72817,QUIKTRIP #4174,I-35 Exit 285,Salado,TX,765,2.91566666,-97.5330000,30.9494000,city_centroid
7261,72818,QUIKTRIP #7174,"I-65, EXIT 168",Montgomery,AL,720,2.999,-86.2745444,32.3602500,city_centroid
7263,72820,QUARLES #54232,us-385,Crane,TX,710,3.88566666,-102.3544000,31.3969000,city_centroid
7264,72821,QUARLES #54231,CR-23 & CR-33,Eunice,NM,593,3.699,-103.1594000,32.4392000,city_centroid
7265,72822,QUARLES #54225,US-83,Abilene,TX,575,3.499,-99.7410125,32.4460250,city_centroid
7266,72827,QUARLES #54259,FM-1936,Odessa,TX,710,3.699,-102.3777500,31.8486000,city_centroid
7267,72828,QUARLES #54250,US-80,Abilene,TX,575,3.31233333,-99.7410125,32.4460250,city_centroid
7268,72830,QUARLES #54261,"I-20, EXIT 37",Pecos,TX,710,3.749,-103.5791000,31.4467000,city_centroid
7269,72831,QUARLES #54262,CR-64,Hobbs,NM,593,3.699,-103.1621000,32.7457000,city_centroid
7270,72835,QUARLES #54277,SR-137,Big Lake,TX,739,3.849,-101.5423000,31.4170000,city_centroid
7271,72836,QUARLES #54281,SR-208,Snyder,TX,700,3.66566666,-100.9175500,32.7315000,city_centroid
7272,72837,QUARLES #54284,US-285,Loving,NM,593,3.799,-104.0914000,32.2740000,city_centroid
7273,72839,QUARLES #54293,CR-64,Hobbs,NM,593,3.699,-103.1621000,32.7457000,city_centroid
7274,72841,QUARLES #54296,SR-214 & CR-370,Denver City,TX,700,3.799,-102.8313000,32.9711000,city_centroid
7275,72844,QUARLES #54332,US-285,Pecos,TX,710,3.759,-103.5791000,31.4467000,city_centroid
7276,72847,QUARLES #54341,US-87,Big Spring,TX,612,3.649,-101.4159000,32.2760000,city_centroid
7277,72848,QUARLES #54347,US-67,Rankin,TX,710,3.699,-101.9441000,31.2266000,city_centroid
7278,72849,QUARLES #54349,CR-1140,Midland,TX,710,3.66566666,-102.0802125,31.9653750,city_centroid
7279,72851,QUARLES #54367,FM-1787,Midland,TX,710,3.799,-102.0802125,31.9653750,city_centroid
7280,72853,QUARLES #54520,SR-589,Purvis,MS,620,2.979,-89.4623000,31.1496000,city_centroid
7281,72855,GAS N WASH,SR 59,Plainfield,IL,399,3.559,-88.2125000,41.6069667,city_centroid
7282,72855,GAS N WASH,SR 59,Plainfield,IL,399,3.599,-88.2125000,41.6069667,city_centroid
7283,72857,7-ELEVEN #42019,SR-3 & SR-4,Yukon,OK,483,3.159,-97.7411500,35.4936000,city_centroid
7284,72859,CASEYS #4286,SR-32,Crawfordsville,IN,375,3.56233333,-86.9074000,40.0325000,city_centroid
7285,72860,Circle K #2707070,"SR 378, Route 467",Sumter,SC,42,2.99233333,-80.3629750,33.9100750,city_centroid
7286,72861,SPRINT MART #4143,"I-20, EXIT 89",Vance,AL,615,3.059,-87.2574000,33.1750000,city_centroid
7287,72863,Double Quick #92,US-61,Cleveland,MS,655,3.18233333,-90.7752000,33.6835000,city_centroid
7288,72864,SUNSTOP #430,US-27,Bainbridge,GA,20,3.599,-84.5759667,30.9088333,city_centroid
7289,72867,Maverik #731,I-15 EXIT 190,Helena,MT,816,3.549,-112.0109667,46.6287167,city_centroid
7290,72868,MAVERIK #737,I-15 EXIT 116,Idaho Falls,ID,825,3.40566666,-111.9924600,43.4920000,city_centroid
7292,72871,Maverik #727,I-8 EXIT 3,Yuma,AZ,930,3.179,-114.5585400,32.6805400,city_centroid
7294,72873,QUIKTRIP #7206,I-39 EXIT 15 & US 20,Rockford,IL,520,3.199,-89.0676182,42.2736818,city_centroid
7295,72873,QUIKTRIP #7206,I-39 EXIT 15 & US 20,Rockford,IL,520,3.119,-89.0676182,42.2736818,city_centroid
7296,72873,QUIKTRIP #7206,I-39 EXIT 15 & US 20,Rockford,IL,520,2.969,-89.0676182,42.2736818,city_centroid
7297,72873,QUIKTRIP #7206,I-39 EXIT 15 & US 20,Rockford,IL,520,3.019,-89.0676182,42.2736818,city_centroid
7298,72874,QUIKTRIP #4076,I-35 EXIT 191,New Braunfels,TX,740,2.91566666,-98.1323333,29.7274667,city_centroid
7299,72875,QUIKTRIP #4183,SR 195 & Shell RD,Georgetown,TX,595,2.91566666,-97.6730330,30.7247720,census
7300,72876,QUIKTRIP #1139,"I-385, EXIT 23",Fountain Inn,SC,30,3.01733333,-82.2441000,34.6578000,city_centroid
7301,72877,QUIKTRIP #7177,"I-10, EXIT 15A",Theodore,AL,715,2.88233333,-88.2170000,30.5162000,city_centroid
7302,72879,QUIKTRIP #4002,US-87,Comfort,TX,595,2.96566666,-98.9050000,29.9677000,city_centroid
7303,72880,PARKERS #97,US 80,Bloomingdale,GA,195,3.03233333,-81.3085000,32.1177000,city_centroid
7304,72882,CASEYS #4330,"I-40, EXIT 221",Okemah,OK,483,2.92566666,-96.3287000,35.4647000,city_centroid
7305,72884,CEFCO #435,"I-10, EXIT 44 & US-90",Loxley,AL,715,3.02566666,-87.7562000,30.6180000,city_centroid
7306,72885,RACEWAY #6960,US-431 & Westgate PKWY,Dothan,AL,10,3.199,-85.3996200,31.2027600,city_centroid
7307,72886,PILOT #1381,US-190 & Rose Marie Blvd,Hearne,TX,670,3.499,-96.5843000,30.8669000,city_centroid
7308,72888,STRIPES #42591,US-87,Mason,TX,595,3.299,-99.2261000,30.7434000,city_centroid
7309,72889,DK,SR 83,Denver City,TX,700,3.319,-102.8313000,32.9711000,city_centroid
7310,72891,GAS N WASH,"I-57, EXIT 354",Alsip,IL,365,3.599,-87.7357000,41.6721000,city_centroid
7311,72891,GAS N WASH,"I-57, EXIT 354",Alsip,IL,365,3.399,-87.7357000,41.6721000,city_centroid
7312,72893,Racetrac #2586,I-95 & 20th ST,Vero Beach,FL,140,3.159,-80.4359222,27.6456333,city_centroid
7313,72894,Allsups Convenience Store #2458,US-287 & FM-1655,Alvord,TX,630,2.899,-97.6885000,33.3698000,city_centroid
7314,72895,Allsups#2465,SR 7,Davis,OK,569,2.96733333,-97.1107500,34.5006500,city_centroid
7315,72896,PILOT #1283,I-45 & SR-31,Corsicana,TX,630,3.04233333,-96.4565333,32.0476333,city_centroid
7316,72899,RACEWAY #7002,US 79 & 59,Carthage,TX,766,2.82066666,-94.3527000,32.1544000,city_centroid
7317,72901,FATDOGS GRAND ISLAND TRAVEL CENTER,I-80 & HWY 281,Grand Island,NE,330,2.979,-98.4101667,40.9076667,city_centroid
7318,72902,CIRCLE K #2704593,SR-24 & SR-690,Spring Lake,NC,63,3.079,-78.9786000,35.1830000,city_centroid
7319,72903,Kent Kwik #221,SR-338,Odessa,TX,710,2.989,-102.3777500,31.8486000,city_centroid
7320,72904,CEFCO #112,US-281,Marble Falls,TX,595,2.929,-98.2751000,30.5784000,city_centroid
7321,72905,TA EXPRESS PLEASANTON #445,I-37 EXIT 109,Pleasanton,TX,740,3.099,-98.4831000,28.9924000,city_centroid
7323,72907,QUIKTRIP #7913,"I-20, EXIT 20 & SR-18",Monahans,TX,710,2.859,-102.9003000,31.5813000,city_centroid
7324,72908,QUIKTRIP #1042,"I-85, EXIT 17B & US-321",Gastonia,NC,46,3.264,-81.1761400,35.2541400,city_centroid
7325,72909,FAT DOGS LINCOLN TC,"I-80, EXIT 399",Lincoln,NE,475,3.099,-96.6889462,40.8213692,city_centroid
7326,72910,Ogden Cardlock (Bulk Plant),I-15 EXIT 343,Ogden,UT,835,3.489,-111.9692778,41.2324889,city_centroid
7327,72912,Salina Cardlock (Bulk Plant),I-70 EXIT 56,Salina,UT,791,3.449,-111.8811000,38.9560000,city_centroid
7328,72916,CASEYS #2562,SR 140 & SR 156,Ellsworth,KS,357,3.46566666,-98.2057000,38.7312000,city_centroid
7329,72918,QUIKTRIP #7076,"I-75, EXIT 101",Cordele,GA,10,3.03233333,-83.7844500,31.9369000,city_centroid
7330,72919,QUIKTRIP #7096,I-75 & EXIT 51,Dayton,OH,317,3.03233333,-84.1782063,39.7449750,city_centroid
7331,72920,Circle K #4701686,"I-70, Exit 224 & SR-370",Saint Peters,MO,540,3.05066666,-90.6228000,38.7802000,city_centroid
7332,72921,CIRCLE K #4701677,"I-44, Exit 226",Sullivan,MO,540,3.324,-91.1567000,38.2307000,city_centroid
7333,72922,SUNOCO,SR-640,Willoughby,OH,305,3.859,-81.4070500,41.6350000,city_centroid
7334,72923,76,US-84,Brookhaven,MS,620,3.149,-90.4631333,31.5771667,city_centroid
7335,72924,SHERMAN TRAVEL CENTER,SR-9,Senatobia,MS,435,3.029,-89.8855000,34.6323000,city_centroid
7336,72925,AMOCO,US-52 & SR-340,Darlington,SC,135,3.199,-79.8577000,34.3423000,city_centroid
7337,72926,Amoco,US-31 & US-10,Scottville,MI,456,3.359,-86.2801000,43.9547000,city_centroid
7338,72926,Amoco,US-31 & US-10,Scottville,MI,456,3.399,-86.2801000,43.9547000,city_centroid
7339,72926,Amoco,US-31 & US-10,Scottville,MI,456,3.379,-86.2801000,43.9547000,city_centroid
7340,72927,Bell Stores #165,US-30,Wooster,OH,249,3.51566666,-81.9483000,40.8094000,city_centroid
7341,72930,SPARTA CO-OP,SR-27,Sparta,WI,420,3.189,-90.8146000,43.9540000,city_centroid
7342,72933,CHEVRON #385988,SR-124,Lithonia,GA,18,3.399,-84.1309500,33.7089500,city_centroid
7344,72935,Circle K #2722258,US-17 & SR-40,Pierson,FL,140,3.40233333,-81.4353000,29.2226000,city_centroid
7345,72936,Circle K #2707549,SR-471 & SR-48,Bushnell,FL,140,3.499,-82.1553000,28.6611000,city_centroid
7346,72937,CIRCLE K #2723997,SR024,Stedman,NC,205,3.399,-78.6949000,35.0347000,city_centroid
7347,72938,CIRCLE K #2723205,I-285 & CR-1642,Winston Salem,NC,65,3.52066666,-80.2694100,36.0790800,city_centroid
7349,72940,Circle K #3909,SR-236,Clarksville,TN,460,3.329,-87.3547000,36.5253600,city_centroid
7350,72941,CIRCLE K #2740389,I-55 & US-51,Hammond,LA,600,3.249,-90.4752250,30.5072000,city_centroid
7352,72943,CIRCLE K #2706805,SR-415 & SR-76,Port Allen,LA,600,3.359,-91.2541000,30.4720000,city_centroid
7353,72944,Circle K #2709094,US-62 & SR-327,Lubbock,TX,700,3.099,-101.8859000,33.5644895,city_centroid
7354,72945,CIRCLE K #2707057,SR-59 & CR-12,Foley,AL,715,3.09233333,-87.6830560,30.3556780,census
7356,72948,CIRCLE K #2746514,SR-23,Watford City,ND,273,3.599,-103.2582000,47.8043000,city_centroid
7357,72949,BOURBON TRAVEL PLAZA,US-30,Bourbon,IN,370,3.499,-86.1174000,41.3098000,city_centroid
7358,72950,Conoco,US-95,MC DERMITT,NV,966,4.299,-117.6737000,41.9708000,city_centroid
7359,72951,DK,SR-36,Abilene,TX,575,2.849,-99.7410125,32.4460250,city_centroid
7360,72953,GRAND AVENUE EXPRESS,I-35 & FM-372,Gainesville,TX,253,2.999,-97.0976000,33.6325500,city_centroid
7361,72956,Handee Hugos #1,SR-87,Riegelwood,NC,245,3.49733333,-78.2575000,34.3471000,city_centroid
7362,72957,IRVING,SR-11,Augusta,ME,203,3.899,-69.7789750,44.3409000,city_centroid
7363,72958,Jack Flash Pana,SR-16,Pana,IL,318,3.199,-89.1048000,39.3971000,city_centroid
7364,72958,Jack Flash Pana,SR-16,Pana,IL,318,3.159,-89.1048000,39.3971000,city_centroid
7365,72958,Jack Flash Pana,SR-16,Pana,IL,318,3.099,-89.1048000,39.3971000,city_centroid
7366,72959,JORDANS #75,US-67,Newport,AR,418,3.299,-91.2571000,35.5988000,city_centroid
7367,72960,KENT KWIK #206,FM-2020,Odessa,TX,710,3.02566666,-102.3777500,31.8486000,city_centroid
7369,72965,Maverik #674,"I-15, Exit 45",North Las Vegas,NV,910,3.28233333,-115.1452600,36.2522600,city_centroid
7370,72966,MCCLURE STORE #15,SR-9,Marion,IN,370,3.694,-85.6678500,40.5551000,city_centroid
7371,72967,BINKS TENAHA QUICK STOP,US-59/US-84,Tenaha,TX,618,3.059,-94.2488000,31.9408000,city_centroid
7372,72968,LOVES TRAVEL STOP #883,US-52 EXIT 120,Rural Hall,NC,65,3.57733333,-80.2935000,36.2348500,city_centroid
7373,72969,LOVES TRAVEL STOP #555,US-30,Delphos,OH,411,3.30566666,-84.3247000,40.8336000,city_centroid
7374,72970,PAC PRIDE,"I-96, Exit 26",Grand Rapids,MI,371,3.729,-85.6379812,42.9556063,city_centroid
7375,72970,PAC PRIDE,"I-96, Exit 26",Grand Rapids,MI,371,3.659,-85.6379812,42.9556063,city_centroid
7376,72970,PAC PRIDE,"I-96, Exit 26",Grand Rapids,MI,371,3.679,-85.6379812,42.9556063,city_centroid
7377,72972,LOVES TRAVEL STOP #886,I-44 EXIT 29,Sarcoxie,MO,277,3.40066666,-94.1151000,37.0724000,city_centroid
7378,72973,PETE'S 49,US-166 & US-169,Coffeyville,KS,307,3.214,-95.6328000,37.0441000,city_centroid
7379,72974,USTOP 34,US-77,Lincoln,NE,413,3.499,-96.6889462,40.8213692,city_centroid
7380,72975,SHEETZ #804,"I-95, Exit 41",Hope Mills,NC,63,2.859,-78.9354000,34.9536000,city_centroid
7381,72976,RED DOG,"I-10, EXIT 72",Egan,LA,690,3.049,-92.5002000,30.2510000,city_centroid
7382,72978,SHELL SERVICE STATION,SR-302,Byhalia,MS,435,3.099,-89.6763000,34.8854000,city_centroid
7383,72979,RICKY ROCKETS,"I-57, EXIT 312",Kankakee,IL,399,3.399,-87.8696000,41.1166000,city_centroid
7384,72979,RICKY ROCKETS,"I-57, EXIT 312",Kankakee,IL,399,3.379,-87.8696000,41.1166000,city_centroid
7385,72981,Sprint Mart #2301,I-565 & CR-115,Madison,AL,742,3.49233333,-86.7678333,34.7106667,city_centroid
7386,72982,SUNOCO,I-10 & SR-328,Breaux Bridge,LA,730,2.85566666,-91.8296000,30.2948000,city_centroid
7387,72983,SUNSTOP #303,SR-100,Lake City,FL,75,3.55066666,-82.6480250,30.1813750,city_centroid
7388,72984,TERRIBLE HERBST #341,US-95,Indian Springs,NV,910,3.899,-115.6706000,36.5697000,city_centroid
7389,72985,THE PRIDE OF VILLA PARK,SR-64,Villa Park,IL,290,3.299,-87.9782000,41.8799000,city_centroid
7390,72985,THE PRIDE OF VILLA PARK,SR-64,Villa Park,IL,290,3.349,-87.9782000,41.8799000,city_centroid
7391,72986,THE PRIDE OF ELGIN,SR-31,Elgin,IL,520,3.499,-88.3080200,42.0419200,city_centroid
7392,72987,The Texan,US-285 & CR-116,Pecos,TX,710,2.999,-103.5791000,31.4467000,city_centroid
7393,72988,Thorntons #221354,US-12,Lake Zurich,IL,293,3.399,-88.0769000,42.2165000,city_centroid
7394,72988,Thorntons #221354,US-12,Lake Zurich,IL,293,3.349,-88.0769000,42.2165000,city_centroid
7395,72989,THORNTONS #442562,SR-63,Monroe,OH,407,3.199,-84.3652000,39.4413000,city_centroid
7396,72990,TA Express Jonesboro,I-555 EXIT 39,Jonesboro,AR,435,3.39233333,-90.7048250,35.8128750,city_centroid
7397,72991,THORNTONS #221345,US-20,Hanover Park,IL,297,3.759,-88.1451000,41.9995000,city_centroid
7398,72993,H AND R OIL COMPANY,"SR-4, EXIT 8",Lexington,KY,410,3.249,-84.5006111,38.0310722,city_centroid
7399,72995,LOVES TRAVEL STOP #569,I-84 EXIT 304,Baker City,OR,982,3.45733333,-117.8344000,44.7749000,city_centroid
7400,72996,LOVES TRAVEL STOP #504,I-76 EXIT 232,North Lima,OH,573,3.78733333,-80.6549000,40.9649000,city_centroid
7401,72998,83 FUEL STOP,US-83,Catarina,TX,693,2.959,-99.5860000,28.3598000,city_centroid
7402,72999,Aeg Petroleum,US-70 & SR-467,Portales,NM,593,3.68566666,-103.3363000,34.1799000,city_centroid
7403,73000,TXB,FM-2147,Horseshoe Bay,TX,665,2.929,-98.3739000,30.5443000,city_centroid
7404,73003,GAS PRO TRAVEL CENTER,US-25 & SR-88,Hephzibah,GA,135,3.599,-82.0887000,33.3433000,city_centroid
7405,73005,NOBLE,US-20,Sturbridge,MA,215,3.999,-72.0842000,42.1126000,city_centroid
7406,73007,VALERO,"I-85, EXIT 28 & SR-100",Hogansville,GA,50,3.66566666,-84.9309000,33.1644000,city_centroid
7407,73008,MUSTANG XPRESS,US-183 & FM-1327,Austin,TX,595,3.33233333,-97.6938760,30.0935200,census
7408,73009,THRIFT BULL TRUCK STOP,SR-103,San Augustine,TX,618,3.499,-94.1326000,31.5152000,city_centroid
7410,73013,247 TRUCK STOP,I-40 EXIT 247,Widener,AR,435,2.999,-90.6293000,35.0592000,city_centroid
7411,73014,CIRCLE K #2726298,SR 33 & SR 50,Mascotte,FL,140,3.539,-81.8941000,28.5830000,city_centroid
7412,73015,76,US 40,Franklinville,NJ,150,3.169,-75.0409000,39.6156000,city_centroid
7413,73016,PARKERS #112,SR 67,Statesboro,GA,195,3.199,-81.7624500,32.4389250,city_centroid
7414,73017,U Stop #36,US 136 & SR 50,Tecumseh,NE,413,3.399,-96.2050000,40.3697000,city_centroid
7415,73018,Smart Stop Travel Center,US 271 & SR 37,Bogata,TX,723,3.199,-95.1937000,33.4699000,city_centroid
7417,73025,151 TRAVEL CENTER,SR 34 & N Central Rd,Darlington,SC,46,3.299,-79.8577000,34.3423000,city_centroid
7418,73026,Gas N Wash,SR-171,Lemont,IL,290,3.299,-87.9756000,41.7074000,city_centroid
7419,73026,Gas N Wash,SR-171,Lemont,IL,290,3.599,-87.9756000,41.7074000,city_centroid
7420,73026,Gas N Wash,SR-171,Lemont,IL,290,3.499,-87.9756000,41.7074000,city_centroid
7422,73029,One9 #1417,I-35 Exit 323,Lorena,TX,765,2.90233333,-97.2302000,31.4093000,city_centroid
7423,73030,SPEED TREK TRAVEL CENTER,I-90 EXIT 25,Belvidere,IL,520,3.899,-88.8509000,42.2595000,city_centroid
7424,73030,SPEED TREK TRAVEL CENTER,I-90 EXIT 25,Belvidere,IL,520,3.699,-88.8509000,42.2595000,city_centroid
7425,73030,SPEED TREK TRAVEL CENTER,I-90 EXIT 25,Belvidere,IL,520,3.799,-88.8509000,42.2595000,city_centroid
7426,73031,Travel Refresh,US 59,Corrigan,TX,618,2.949,-94.8124000,31.0408000,city_centroid
7428,73033,QUARLES #54242,SR-152,Pampa,TX,585,3.499,-100.9569500,35.5357000,city_centroid
7430,73036,Maverik Country Store #741,US-80,Rock Springs,WY,827,3.30733333,-109.2164500,41.5967500,city_centroid
7431,73037,TA EXPRESS #567,"I-20, EXIT 81 & SR-149",Ruston,LA,745,3.114,-92.6472000,32.5543667,city_centroid
7432,73039,Spinx #292,"I-26, EXIT 10",Inman,SC,210,3.16566666,-82.0540000,35.0528000,city_centroid
7433,73040,TAILGATE #3,SR 21,Bryan,TX,670,3.599,-96.3670714,30.6857143,city_centroid
7434,73041,Racetrac #182,US- 19,Hampton,GA,67,2.999,-84.2947000,33.4124000,city_centroid
7435,73042,MAVERIK #728,Hwy 483,Lovington,NM,593,3.094,-103.3488000,32.9512000,city_centroid
7436,73043,MAVERIK #740,"I-25, EXIT 347",Las Vegas,NM,580,3.16233333,-105.2272000,35.5949000,city_centroid
7437,73044,Maverik #732,"US 20, EXIT 310",Idaho Falls,ID,825,3.394,-111.9924600,43.4920000,city_centroid
7438,73045,MAVERIK #717,US-395,Spokane,WA,970,3.979,-117.3770882,47.6718765,city_centroid
7439,73045,MAVERIK #717,US-395,Spokane,WA,970,3.999,-117.3770882,47.6718765,city_centroid
7440,73046,Refuel #63,US 501 & SR 544,Conway,SC,46,3.134,-79.0184980,33.8074420,census
7442,73048,ALLSUPS CONVENIENCE STORE #2473,US-287,Bowie,TX,630,2.899,-97.8373000,33.5568000,city_centroid
7443,73051,CIRCLE K #2709540,"I-10, EXIT 10 & SR-90",Sierra Vista,AZ,980,3.629,-110.2664250,31.5622250,city_centroid
7444,73052,Circle K #2701875,US-78 E,Grovetown,GA,135,3.499,-82.1982000,33.4504000,city_centroid
7445,73053,Circle K #2746108,"I-90/US-212, EXIT 447",Billings,MT,780,3.579,-108.5363667,45.8148833,city_centroid
7446,73055,CIRCLE K #4707124,SR-3,Liberty,ME,203,4.099,-69.3306000,44.3741000,city_centroid
7448,73057,CIRCLE K #2703586,US-550 & SR-516,Flora Vista,NM,580,3.719,-108.0827000,36.8028000,city_centroid
7449,73058,CIRCLE K #4707605,SR-365/SR-69/SR-49 & SR-26,Rome,NY,235,3.999,-75.4479500,43.2244500,city_centroid
7450,73059,CIRCLE K #4705626,"I-77/US-62, EXIT 105 & SR-172",Canton,OH,249,3.459,-81.3847250,40.8151437,city_centroid
7453,73063,HOLIDAY STATIONSTORE #2746223,"I-35, EXIT 135 & US-61",Andover,MN,448,3.499,-93.2724000,45.2377000,city_centroid
7454,73064,7-ELEVEN #42315,"I-85, Exit 88",Lexington,NC,765,3.399,-80.2766000,35.8496000,city_centroid
7455,73065,RACETRAC #2631,"I-75, EXIT 285 & US-41/SR-3",Emerson,GA,193,2.88733333,-84.7570000,34.1200000,city_centroid
7457,73067,J STARR,I-29 EXIT 8,Hankinson,ND,341,3.499,-96.8991000,46.0558000,city_centroid
7459,73071,7-Eleven #42340,SR-340/SR-6,Woodway,TX,765,2.93233333,-97.2311000,31.5051000,city_centroid
7460,73072,QUIKTRIP #7204,"I-57, EXIT 337 & SR-50",University Park,IL,365,3.249,-87.7101000,41.4418000,city_centroid
7461,73072,QUIKTRIP #7204,"I-57, EXIT 337 & SR-50",University Park,IL,365,3.079,-87.7101000,41.4418000,city_centroid
7462,73072,QUIKTRIP #7204,"I-57, EXIT 337 & SR-50",University Park,IL,365,3.179,-87.7101000,41.4418000,city_centroid
7463,73073,QUIKTRIP #7075,"I-16/SR-404, EXIT 51 & US-441",Dublin,GA,85,2.999,-82.9265500,32.4997000,city_centroid
7464,73074,RACETRAC #2641,HWY 59 & FM 989,Texarkana,TX,723,2.85733333,-94.0935000,33.4414250,city_centroid
7465,73075,ALLSUPS CONVENIENCE STORE #2470,SR 18,Eunice,NM,710,3.099,-103.1594000,32.4392000,city_centroid
7466,73076,MAVERIK #5148,US 40,Kremmling,CO,800,3.679,-106.3955000,40.0632000,city_centroid
7467,73078,Shelee's Travel Center,"I-10, Exit 146",Coachella,CA,900,3.949,-116.1772000,33.6750000,city_centroid
7468,73078,Shelee's Travel Center,"I-10, Exit 146",Coachella,CA,900,3.959,-116.1772000,33.6750000,city_centroid
7469,73079,PILOT DEALER #1433,I-10 EXIT 160,Chandler,AZ,930,3.504,-111.8502375,33.2925875,city_centroid
7470,73079,PILOT #1433,I-10 EXIT 160,Chandler,AZ,930,3.499,-111.8502375,33.2925875,city_centroid
7471,73080,Circle K #2707255,"I-75, Exit 60",Tifton,GA,10,3.06233333,-83.5436000,31.4629000,city_centroid
7472,73081,ALLSUPS #2476,I-40 EXIT 38 & SR 6,Elk City,OK,483,2.93066666,-99.4127000,35.4112000,city_centroid
7473,73082,KWIK STAR #1153,US 71,Milford,IA,433,3.324,-95.1615000,43.3196000,city_centroid
7474,73083,Kwik Star #1213,I-380 EXIT 2,North Liberty,IA,380,3.159,-91.6061000,41.7443000,city_centroid
7475,73084,Kwik Trip #747,I-94 ALT & US-12,Baldwin,WI,448,3.499,-92.3655000,44.9657000,city_centroid
7476,73085,Loves Travel Stop #550,I-75 EXIT 13,Valdosta,GA,982,3.22233333,-83.2727333,30.8447333,city_centroid
7477,73088,Pilot #1390,I-16 Exit 143,Ellabell,GA,135,3.30566666,-81.4983000,32.1273000,city_centroid
7478,73088,Pilot Travel Center #1390,I-16 Exit 143,Ellabell,GA,135,3.28566666,-81.4983000,32.1273000,city_centroid
7479,73090,Quiktrip #1148,I-26 EXIT 53,Flat Rock,NC,210,2.849,-82.3916000,35.2890000,city_centroid
7480,73092,QUIKTRIP #4042,I-10,Converse,TX,740,2.94566666,-98.3217000,29.5173000,city_centroid
7481,73093,GAS N WASH,I-355 EXIT 7,Lockport,IL,365,3.499,-88.0507000,41.5930000,city_centroid
7482,73093,GAS N WASH,I-355 EXIT 7,Lockport,IL,365,3.399,-88.0507000,41.5930000,city_centroid
7483,73094,MARATHON,US-24,Taylor,MI,325,3.539,-83.2673000,42.2317000,city_centroid
7484,73094,MARATHON,US-24,Taylor,MI,325,3.499,-83.2673000,42.2317000,city_centroid
7485,73095,Quiktrip #7250,US 49,Richland,MS,760,2.91566666,-90.1591000,32.2287000,city_centroid
7486,73096,KWIK TRIP #748,US 8,Barron,WI,295,3.64733333,-91.8500000,45.4005000,city_centroid
7487,73098,KWIK TRIP #1269,SR 27,Cadott,WI,448,3.40066666,-91.1699000,44.9630000,city_centroid
7488,73099,Kwik Star #1296,SR 115,Harrisburg,SD,448,2.939,-96.6864000,43.4460000,city_centroid
7489,73100,MAVERIK #747,I-215 Exit 21,Salt Lake City,UT,835,3.39233333,-111.8778419,40.7262129,city_centroid
7490,73101,7-ELEVEN 42279,"I-76, Exit 39",Keenesburg,CO,800,3.149,-104.4464000,40.0958000,city_centroid
7491,73103,RaceTrac #2654,I-20 EXIT 130,Greensboro,GA,16,3.399,-83.1702000,33.5637000,city_centroid
7492,73106,ALLSUPS CONVENIENCE STORE #2472,US-75,Atoka,OK,253,2.96733333,-96.1418000,34.3445000,city_centroid
7493,73112,SHEETZ #831,I-26 EXIT 44 & US 25,Hendersonville,NC,210,2.859,-82.4887500,35.3299000,city_centroid
7494,73114,ROAD RANGER #319,"I-35E, EXIT 381",Milford,TX,630,3.03066666,-96.9612000,32.1482000,city_centroid
7495,73117,MAVERIK #722,"I-29, EXIT 304",Baker City,OR,925,3.459,-117.8344000,44.7749000,city_centroid
7496,73118,ALLSUPS #2432,US 287 & SR 34,Ennis,TX,630,2.929,-96.6279500,32.3334000,city_centroid
7497,73119,Stinker #122,I-84 EXIT 36,Nampa,ID,785,3.40233333,-116.6121200,43.6026800,city_centroid
7498,73120,Kwik Star #1184,US 61,Dubuque,IA,335,3.489,-90.6919500,42.4981750,city_centroid
7499,73125,KWIK TRIP #1283,SR 83 & W CAPITOL DR,Hartland,WI,444,3.749,-88.3446000,43.1172000,city_centroid
7500,73126,Kwik Trip #1298,US 10,Mondovi,WI,295,3.349,-91.6807000,44.4877000,city_centroid
7502,73128,ALLSUPS CONVENIENCE STORE #2477,HWY 69 & 11th st,Kiowa,OK,253,2.95733333,-95.9328000,34.7278000,city_centroid
7503,73129,SHEETZ #837,I-94,Romulus,MI,325,3.099,-83.3966000,42.2223000,city_centroid
7504,73130,A One Stop,"I-45, EXIT 246",Ennis,TX,630,2.93566666,-96.6279500,32.3334000,city_centroid
7505,73131,Sheetz #838,"I-85, Exit 71",Salisbury,NC,46,2.859,-80.4824250,35.6586500,city_centroid
